"Plot_ID","Trial","Loc","Year","%Can.Cover_148","NDVI_148","GNDVI_148","SR_148","NDRE1_148","NDRE2_148","TCARI_148","SAVI_148","NWI1_148","NWI2_148","MTVI_148","ChlRE_148","BLU_148","GRN_148","RED_148","RE1_148","RE2_148","NIR_148","900_148","975_148"
"1","Wet_Elite","Walla_Walla",2021,90.9765142150804,NA,NA,NA,NA,NA,NA,NA,NA,NA,NA,NA,NA,NA,NA,NA,NA,NA,NA,NA
"10","Wet_Elite","Walla_Walla",2021,99.7923875432526,NA,NA,NA,NA,NA,NA,NA,NA,NA,NA,NA,NA,NA,NA,NA,NA,NA,NA,NA
"100","Wet_Elite","Walla_Walla",2021,95.2475247524752,NA,NA,NA,NA,NA,NA,NA,NA,NA,NA,NA,NA,NA,NA,NA,NA,NA,NA,NA
"101","Wet_Elite","Walla_Walla",2021,97.9604843849586,NA,NA,NA,NA,NA,NA,NA,NA,NA,NA,NA,NA,NA,NA,NA,NA,NA,NA,NA
"102","Wet_Elite","Walla_Walla",2021,93.436034829203,NA,NA,NA,NA,NA,NA,NA,NA,NA,NA,NA,NA,NA,NA,NA,NA,NA,NA,NA
"103","Wet_Elite","Walla_Walla",2021,94.8076923076923,NA,NA,NA,NA,NA,NA,NA,NA,NA,NA,NA,NA,NA,NA,NA,NA,NA,NA,NA
"104","Wet_Elite","Walla_Walla",2021,95.3947368421053,NA,NA,NA,NA,NA,NA,NA,NA,NA,NA,NA,NA,NA,NA,NA,NA,NA,NA,NA
"105","Wet_Elite","Walla_Walla",2021,95.9273182957394,NA,NA,NA,NA,NA,NA,NA,NA,NA,NA,NA,NA,NA,NA,NA,NA,NA,NA,NA
"106","Wet_Elite","Walla_Walla",2021,96.2009014810045,NA,NA,NA,NA,NA,NA,NA,NA,NA,NA,NA,NA,NA,NA,NA,NA,NA,NA,NA
"107","Wet_Elite","Walla_Walla",2021,98.0659025787966,NA,NA,NA,NA,NA,NA,NA,NA,NA,NA,NA,NA,NA,NA,NA,NA,NA,NA,NA
"108","Wet_Elite","Walla_Walla",2021,99.0870786516854,NA,NA,NA,NA,NA,NA,NA,NA,NA,NA,NA,NA,NA,NA,NA,NA,NA,NA,NA
"109","Wet_Elite","Walla_Walla",2021,96.975546975547,NA,NA,NA,NA,NA,NA,NA,NA,NA,NA,NA,NA,NA,NA,NA,NA,NA,NA,NA
"11","Wet_Elite","Walla_Walla",2021,94.953802416489,NA,NA,NA,NA,NA,NA,NA,NA,NA,NA,NA,NA,NA,NA,NA,NA,NA,NA,NA
"110","Wet_Elite","Walla_Walla",2021,96.9759450171821,NA,NA,NA,NA,NA,NA,NA,NA,NA,NA,NA,NA,NA,NA,NA,NA,NA,NA,NA
"111","Wet_Elite","Walla_Walla",2021,93.2162325863113,NA,NA,NA,NA,NA,NA,NA,NA,NA,NA,NA,NA,NA,NA,NA,NA,NA,NA,NA
"112","Wet_Elite","Walla_Walla",2021,98.2040816326531,NA,NA,NA,NA,NA,NA,NA,NA,NA,NA,NA,NA,NA,NA,NA,NA,NA,NA,NA
"113","Wet_Elite","Walla_Walla",2021,97.4940334128878,NA,NA,NA,NA,NA,NA,NA,NA,NA,NA,NA,NA,NA,NA,NA,NA,NA,NA,NA
"114","Wet_Elite","Walla_Walla",2021,97.2169512966477,NA,NA,NA,NA,NA,NA,NA,NA,NA,NA,NA,NA,NA,NA,NA,NA,NA,NA,NA
"115","Wet_Elite","Walla_Walla",2021,95.5902306648575,NA,NA,NA,NA,NA,NA,NA,NA,NA,NA,NA,NA,NA,NA,NA,NA,NA,NA,NA
"116","Wet_Elite","Walla_Walla",2021,98.1830417227456,NA,NA,NA,NA,NA,NA,NA,NA,NA,NA,NA,NA,NA,NA,NA,NA,NA,NA,NA
"117","Wet_Elite","Walla_Walla",2021,98.7534626038781,NA,NA,NA,NA,NA,NA,NA,NA,NA,NA,NA,NA,NA,NA,NA,NA,NA,NA,NA
"118","Wet_Elite","Walla_Walla",2021,94.3627450980392,NA,NA,NA,NA,NA,NA,NA,NA,NA,NA,NA,NA,NA,NA,NA,NA,NA,NA,NA
"119","Wet_Elite","Walla_Walla",2021,99.5810055865922,NA,NA,NA,NA,NA,NA,NA,NA,NA,NA,NA,NA,NA,NA,NA,NA,NA,NA,NA
"12","Wet_Elite","Walla_Walla",2021,88.4467265725289,NA,NA,NA,NA,NA,NA,NA,NA,NA,NA,NA,NA,NA,NA,NA,NA,NA,NA,NA
"120","Wet_Elite","Walla_Walla",2021,99.5463383020091,NA,NA,NA,NA,NA,NA,NA,NA,NA,NA,NA,NA,NA,NA,NA,NA,NA,NA,NA
"121","Wet_Elite","Walla_Walla",2021,97.9179810725552,NA,NA,NA,NA,NA,NA,NA,NA,NA,NA,NA,NA,NA,NA,NA,NA,NA,NA,NA
"122","Wet_Elite","Walla_Walla",2021,98.7854251012146,NA,NA,NA,NA,NA,NA,NA,NA,NA,NA,NA,NA,NA,NA,NA,NA,NA,NA,NA
"123","Wet_Elite","Walla_Walla",2021,97.9429329794293,NA,NA,NA,NA,NA,NA,NA,NA,NA,NA,NA,NA,NA,NA,NA,NA,NA,NA,NA
"124","Wet_Elite","Walla_Walla",2021,99.5994659546061,NA,NA,NA,NA,NA,NA,NA,NA,NA,NA,NA,NA,NA,NA,NA,NA,NA,NA,NA
"125","Wet_Elite","Walla_Walla",2021,98.8749172733289,NA,NA,NA,NA,NA,NA,NA,NA,NA,NA,NA,NA,NA,NA,NA,NA,NA,NA,NA
"126","Wet_Elite","Walla_Walla",2021,99.934036939314,NA,NA,NA,NA,NA,NA,NA,NA,NA,NA,NA,NA,NA,NA,NA,NA,NA,NA,NA
"13","Wet_Elite","Walla_Walla",2021,94.990366088632,NA,NA,NA,NA,NA,NA,NA,NA,NA,NA,NA,NA,NA,NA,NA,NA,NA,NA,NA
"14","Wet_Elite","Walla_Walla",2021,97.8310502283105,NA,NA,NA,NA,NA,NA,NA,NA,NA,NA,NA,NA,NA,NA,NA,NA,NA,NA,NA
"15","Wet_Elite","Walla_Walla",2021,97.7606717984605,NA,NA,NA,NA,NA,NA,NA,NA,NA,NA,NA,NA,NA,NA,NA,NA,NA,NA,NA
"16","Wet_Elite","Walla_Walla",2021,97.4691358024691,NA,NA,NA,NA,NA,NA,NA,NA,NA,NA,NA,NA,NA,NA,NA,NA,NA,NA,NA
"17","Wet_Elite","Walla_Walla",2021,93.8976377952756,NA,NA,NA,NA,NA,NA,NA,NA,NA,NA,NA,NA,NA,NA,NA,NA,NA,NA,NA
"18","Wet_Elite","Walla_Walla",2021,100,NA,NA,NA,NA,NA,NA,NA,NA,NA,NA,NA,NA,NA,NA,NA,NA,NA,NA,NA
"19","Wet_Elite","Walla_Walla",2021,97.0265029088558,NA,NA,NA,NA,NA,NA,NA,NA,NA,NA,NA,NA,NA,NA,NA,NA,NA,NA,NA
"2","Wet_Elite","Walla_Walla",2021,92,NA,NA,NA,NA,NA,NA,NA,NA,NA,NA,NA,NA,NA,NA,NA,NA,NA,NA,NA
"20","Wet_Elite","Walla_Walla",2021,99.4868505452213,NA,NA,NA,NA,NA,NA,NA,NA,NA,NA,NA,NA,NA,NA,NA,NA,NA,NA,NA
"21","Wet_Elite","Walla_Walla",2021,97.8289473684211,NA,NA,NA,NA,NA,NA,NA,NA,NA,NA,NA,NA,NA,NA,NA,NA,NA,NA,NA
"22","Wet_Elite","Walla_Walla",2021,99.1150442477876,NA,NA,NA,NA,NA,NA,NA,NA,NA,NA,NA,NA,NA,NA,NA,NA,NA,NA,NA
"23","Wet_Elite","Walla_Walla",2021,98.4957020057307,NA,NA,NA,NA,NA,NA,NA,NA,NA,NA,NA,NA,NA,NA,NA,NA,NA,NA,NA
"24","Wet_Elite","Walla_Walla",2021,99.6086105675147,NA,NA,NA,NA,NA,NA,NA,NA,NA,NA,NA,NA,NA,NA,NA,NA,NA,NA,NA
"25","Wet_Elite","Walla_Walla",2021,97.9539641943734,NA,NA,NA,NA,NA,NA,NA,NA,NA,NA,NA,NA,NA,NA,NA,NA,NA,NA,NA
"26","Wet_Elite","Walla_Walla",2021,98.4066767830046,NA,NA,NA,NA,NA,NA,NA,NA,NA,NA,NA,NA,NA,NA,NA,NA,NA,NA,NA
"27","Wet_Elite","Walla_Walla",2021,99.2361111111111,NA,NA,NA,NA,NA,NA,NA,NA,NA,NA,NA,NA,NA,NA,NA,NA,NA,NA,NA
"28","Wet_Elite","Walla_Walla",2021,96.5948575399583,NA,NA,NA,NA,NA,NA,NA,NA,NA,NA,NA,NA,NA,NA,NA,NA,NA,NA,NA
"29","Wet_Elite","Walla_Walla",2021,99.4984326018809,NA,NA,NA,NA,NA,NA,NA,NA,NA,NA,NA,NA,NA,NA,NA,NA,NA,NA,NA
"3","Wet_Elite","Walla_Walla",2021,98.9939637826962,NA,NA,NA,NA,NA,NA,NA,NA,NA,NA,NA,NA,NA,NA,NA,NA,NA,NA,NA
"30","Wet_Elite","Walla_Walla",2021,99.3449781659389,NA,NA,NA,NA,NA,NA,NA,NA,NA,NA,NA,NA,NA,NA,NA,NA,NA,NA,NA
"301","Wet_Elite","Walla_Walla",2021,NA,0.326604582699754,0.277552093422974,1.97937289693539,0.192220099594151,0.076232842929991,37.1575055033811,0.444038259663457,-0.133763455886411,0.0704454274098279,0.050532417397961,0.476550315498807,31.2296455825141,45.4543483957467,40.8050801315872,54.5712439925268,69.1435784019033,80.5898231933274,121.524909205829,92.7275932713404
"302","Wet_Elite","Walla_Walla",2021,NA,0.320464631348199,0.271884688043012,1.9499688899094,0.199543420610122,0.0802218027934859,31.7779041425014,0.463119247922061,-0.123019957452113,0.0858194527565628,0.0455371015040604,0.499377292707313,31.7022723959717,45.6457030017715,41.038592423179,53.3252091365647,68.0472757151871,79.9718169689706,121.593814112491,94.8752816960922
"303","Wet_Elite","Walla_Walla",2021,NA,0.332851988399965,0.284981107172651,2.00552091522524,0.19412001910068,0.0784793857949425,37.470915291449,0.488701931704054,-0.118896879473455,0.0873943443254212,0.0579521657148899,0.482302177530527,33.0337308688434,48.0308177405524,43.2133596023206,58.3129827007808,73.8316138354329,86.443645013774,130.760695873551,102.925675580811
"304","Wet_Elite","Walla_Walla",2021,NA,0.364299035937625,0.313211853790101,2.1528142011365,0.199405917857924,0.0831716434341666,44.0403358918168,0.543297243331303,-0.123567742471104,0.0767993198954026,0.072032552596199,0.498785378571923,32.6955342792545,47.9948458848416,42.7781035183907,61.2810932822593,77.6989774132329,91.8122370982914,137.292358255004,107.046597337437
"305","Wet_Elite","Walla_Walla",2021,NA,0.281849430439404,0.240819896407881,1.79257827138591,0.207543332805456,0.0847754433236464,19.2096723940326,0.399739979752108,-0.122487353555226,0.0902320096796365,0.0206442273929332,0.52451013538966,31.3872819523132,43.766234415463,40.0912896320019,46.9587900830679,60.382161007148,71.6028253902259,109.745328108083,85.7376320643958
"306","Wet_Elite","Walla_Walla",2021,NA,0.277618578299316,0.232399954281015,1.77572371263603,0.186873865755311,0.0756819010582705,25.0490473351111,0.366849676990901,-0.105839720883759,0.0909589212566457,0.0271521894877511,0.46020277467439,30.4432140529154,43.9249522637296,39.8853443094431,48.4062088720263,60.7084262600492,70.6798081986849,104.856938217169,84.7314634398475
"307","Wet_Elite","Walla_Walla",2021,NA,0.307802119360759,0.263294788193998,1.90254859158265,0.200357053815401,0.081865394772855,27.2820518156879,0.436763909610013,-0.112511947853088,0.0921412946929371,0.0387862897678385,0.501833766093631,30.2129128500421,43.7427129679057,39.7353336466854,50.0430331825278,63.7407989277342,75.1374808091973,113.318501350665,90.3092015659146
"308","Wet_Elite","Walla_Walla",2021,NA,0.322404518804328,0.273365654129453,1.95956970781164,0.192983402194729,0.0794078850632383,35.6050800866436,0.471332476999561,-0.108869033391495,0.0884589872119797,0.0514439420709063,0.47877489123243,33.4058419941218,48.669332579724,43.7186200152864,57.8079638340991,72.8768163662655,85.4758882788832,127.002935406853,101.985822770476
"309","Wet_Elite","Walla_Walla",2021,NA,0.333869803280348,0.286623653598702,2.01235620766035,0.205787768680716,0.0849836428784218,32.2348188014669,0.487605301829925,-0.11575890477134,0.0884807024753075,0.0505702980234488,0.518757984405295,31.0079334110263,44.4157043481937,40.0258790399581,52.8286323220809,67.6287822143108,80.2117526729455,120.87017308243,95.7272926244854
"31","Wet_Elite","Walla_Walla",2021,98.3096686950642,NA,NA,NA,NA,NA,NA,NA,NA,NA,NA,NA,NA,NA,NA,NA,NA,NA,NA,NA
"310","Wet_Elite","Walla_Walla",2021,NA,0.369442993193442,0.317122750016816,2.18460073971077,0.204108674298462,0.0844646394743876,43.4824847270753,0.538116678690319,-0.117266699339559,0.0818672363057735,0.069027841589037,0.513527238575982,32.1197331779184,45.9490471548057,40.8304000874526,58.7215300580229,75.0102791412084,88.896512055308,132.615140611477,104.635862141163
"311","Wet_Elite","Walla_Walla",2021,NA,0.297480718111045,0.253759405947427,1.85413724562458,0.201597713177179,0.0816187249662661,24.3466721368053,0.417224819857422,-0.103890171353226,0.104508769171015,0.0321200312308437,0.505593332003,30.0073340590889,42.6977791971551,38.8460531335557,47.7510446507319,61.0265946708415,71.9207071169662,109.261279760461,88.6110449875126
"312","Wet_Elite","Walla_Walla",2021,NA,0.388546824529624,0.337224483170386,2.27850838557157,0.210618590296901,0.0876314092220041,45.1600887961276,0.580609210701643,-0.116022488872898,0.0880155062379007,0.0781126237124524,0.534291442160075,30.7323547251338,45.1602071189122,40.1268947454458,59.4835384571803,76.5127900464991,91.2288107858205,137.439577109415,108.790414572912
"313","Wet_Elite","Walla_Walla",2021,NA,0.357743172490663,0.307765716613973,2.12263089410834,0.200596387179322,0.0829930918970803,40.650090739543,0.51865919078943,-0.1121062445226,0.0870964571062676,0.0660153868515562,0.502345674454655,31.1612377438505,45.2421463854851,40.4481806926243,56.9526437732579,72.4215074108089,85.5472585590777,127.612539952685,101.825534714498
"314","Wet_Elite","Walla_Walla",2021,NA,0.359481428422835,0.310453297346019,2.12878257456552,0.195984142182074,0.0809879767375642,43.6244736116013,0.534467412482511,-0.096105015957821,0.102541526330288,0.0726240454273819,0.488102223848439,32.7247785796817,47.9200018887983,42.93174044594,61.2473873742981,77.4411530768313,91.0993543477888,135.709610288585,111.873095068748
"315","Wet_Elite","Walla_Walla",2021,NA,0.348215664979258,0.305257008513046,2.07670405640397,0.217842235075377,0.0893622124811084,30.7532721658657,0.508820505076742,-0.0987657036680633,0.108725796702411,0.0535404989124479,0.557665604762858,28.7956195719482,41.2694365806151,37.4947907839815,49.8492606407264,64.8735506987487,77.6340690530721,117.696368879366,96.5214420584783
"316","Wet_Elite","Walla_Walla",2021,NA,0.432284526343677,0.38243740975076,2.54134921904646,0.214278775331383,0.0909651123817768,53.5074647003276,0.64031753145027,-0.0743758091042887,0.09804212364113,0.099041571689159,0.546473859245759,29.0958464675091,42.8934181865228,38.0868560946851,62.1548833703434,80.0338728238568,96.0821517654174,135.814154186022,116.883256062992
"317","Wet_Elite","Walla_Walla",2021,NA,0.34382642106168,0.302268141800483,2.05761420026068,0.20996463439484,0.0872889819454256,32.2388414368388,0.50588472709222,-0.0564458097165513,0.110061085402402,0.0573963489800567,0.532128658075666,30.5602795385172,42.8842634335004,39.1045078548039,52.2453752598546,67.1715744726576,80.0444693600711,111.762224713706,99.7880536614416
"318","Wet_Elite","Walla_Walla",2021,NA,0.384154296906299,0.336829922866761,2.26083605059107,0.199926311513708,0.0871296655493261,49.1142917634496,0.571918899040591,-0.021240637275829,0.116438484123686,0.0847237551348926,0.500645855919603,33.4767905661189,47.5655421423842,42.6849934408863,64.0151062667691,80.6118329818032,96.0434792970223,126.620119836546,121.254843239245
"319","Wet_Elite","Walla_Walla",2021,NA,0.407193610625423,0.361614255141643,2.39331346282772,0.210572347616545,0.0911292400918355,47.9234207595384,0.596019105191863,-0.0327199740314645,0.111859628088329,0.0892579031792367,0.534475890350855,29.0639187851427,42.3562436660316,38.0751042369136,58.9976751054711,75.3763455454532,90.549354569458,120.959291508083,113.211861228525
"32","Wet_Elite","Walla_Walla",2021,98.2590529247911,NA,NA,NA,NA,NA,NA,NA,NA,NA,NA,NA,NA,NA,NA,NA,NA,NA,NA,NA
"320","Wet_Elite","Walla_Walla",2021,NA,0.308374935263857,0.273299015486177,1.89980962511667,0.192986437190912,0.0809983646278083,28.9972679173908,0.453347273818696,-0.0337126309438432,0.124873545540561,0.0516793362148749,0.47881929382254,31.7600968700265,45.1946259759148,41.8808181823044,53.5960075161457,67.3594191447389,79.2695481528765,108.956124589572,101.802224240027
"321","Wet_Elite","Walla_Walla",2021,NA,0.37342055726903,0.330808233185853,2.20610410054743,0.215531294613137,0.0888250558804129,37.3700255557739,0.553590680886636,-0.0731753934340322,0.108378841991992,0.0702781530124879,0.550367168942243,29.6009825790964,41.9493237303756,38.0754163384272,53.8995449012622,69.8902310549426,83.5619527327433,120.231160012377,103.757979360392
"322","Wet_Elite","Walla_Walla",2021,NA,0.344872727981222,0.29714350336576,2.0624156477805,0.193195527915511,0.0800518801312341,39.3409119538418,0.497762613728289,-0.0858840482043634,0.104920982485087,0.0645671456597451,0.479455307192648,30.9736236635174,45.3641521583005,40.8031139149677,56.6783381648912,71.3952985656981,83.8571353501813,122.887210851501,103.427087476011
"323","Wet_Elite","Walla_Walla",2021,NA,0.399361311330065,0.345076925991826,2.34443035603753,0.203148497965163,0.0843368358892537,49.440087030908,0.5937888604998,-0.106233064729179,0.0904843555964982,0.0869112400775579,0.510457101342945,30.5897370124073,44.6752257692568,39.3912540641567,60.9144806027502,77.6714399383001,92.0274344690857,136.571968901676,110.195226823182
"324","Wet_Elite","Walla_Walla",2021,NA,0.351325105585768,0.300654565495817,2.09235453036653,0.199144138635903,0.081813635165067,37.9261196311543,0.521426002601316,-0.108994974702479,0.0947788371635559,0.0643481984028129,0.497792669335056,30.5535956837006,44.4954506814822,39.7267252040243,55.3839388493047,70.3926141573614,82.9837519256351,124.832912524389,100.255061190789
"325","Wet_Elite","Walla_Walla",2021,NA,0.37057066104012,0.319782878677595,2.18674425440933,0.204699490160525,0.085552707412991,42.638364703249,0.544375687036064,-0.116979007650488,0.0848592342456093,0.070935303006296,0.515360371228877,31.139536573013,45.3199078626593,40.3932882293122,58.093093834203,74.1361642316826,88.0423380418651,132.02658234595,104.290166490801
"326","Wet_Elite","Walla_Walla",2021,NA,0.348948538605853,0.297874928619856,2.0794952124189,0.201635911984171,0.0830310549507273,38.0712458838842,0.512301121658011,-0.11290155598716,0.0892855077185544,0.0603853296225478,0.505587968644794,32.2381449440122,45.6481929855205,40.7328417852258,56.1475885087118,71.5530393919173,84.5488294236511,126.87012308338,101.048632397284
"327","Wet_Elite","Walla_Walla",2021,NA,0.354524816941596,0.303108653380631,2.10788334112041,0.208030789313219,0.085762324036422,34.7512714789152,0.514197345700262,-0.118319317017687,0.0915970206807408,0.0583719302964587,0.52596761801123,28.2409910965037,41.3182040151156,36.8270690562208,50.7109223418011,65.1412204501032,77.4018977708003,117.939034410164,92.9241023464855
"328","Wet_Elite","Walla_Walla",2021,NA,0.329268609315281,0.280824664520165,1.98745280601145,0.203546454818278,0.0827162209419331,31.4087011884128,0.483591447847391,-0.115534567224355,0.0902079423307997,0.0490971120620035,0.511692807699763,30.7945276625252,44.1863778598461,39.7148576396264,52.1238364046214,66.7255100012194,78.7859999415363,119.069047673407,94.3534472985207
"329","Wet_Elite","Walla_Walla",2021,NA,0.366533292152916,0.314295105602336,2.16489411911996,0.201312282663933,0.0838197491300848,44.0560883060942,0.533056202260598,-0.113984090954457,0.0845104869819727,0.0694422195928085,0.504623160689159,32.5287038389927,46.5724868090721,41.3865248409302,59.4207185924115,75.567259737699,89.4380724969821,133.209447689798,105.855912986588
"33","Wet_Elite","Walla_Walla",2021,97.1035481535119,NA,NA,NA,NA,NA,NA,NA,NA,NA,NA,NA,NA,NA,NA,NA,NA,NA,NA,NA
"330","Wet_Elite","Walla_Walla",2021,NA,0.313886931295991,0.268223186555521,1.92321152843888,0.207508474819437,0.0851732529038999,27.0580228563496,0.453317943274988,-0.108210779047228,0.098965057564355,0.0379297202637105,0.524318878842662,31.3157339802099,44.0555151903752,39.8758315404216,50.1906642558153,64.4676776763087,76.5134619788329,115.958222437813,93.2349299898498
"331","Wet_Elite","Walla_Walla",2021,NA,0.323194428830307,0.276729810653751,1.96878071141469,0.207146506419821,0.0850388091575726,28.9934779280261,0.450200846920742,-0.117857503014575,0.0881626055662491,0.0414323952763913,0.523288764101082,28.9399365995359,41.7931205353624,37.7438405743284,48.5820795041819,62.3725847484586,74.0145239028832,111.91933646174,88.2203936042283
"332","Wet_Elite","Walla_Walla",2021,NA,0.326683815973905,0.279867890914014,1.98141101327311,0.19488639327339,0.0802806377900008,34.4678470830364,0.444669725915038,-0.118852977488776,0.0820948730470947,0.0502072622508733,0.4849336881148,29.4308940450274,43.1528573092803,38.9429917208953,51.7740593480193,65.4191537585477,76.8678648244034,115.053517390373,90.5381623600839
"333","Wet_Elite","Walla_Walla",2021,NA,0.327729422822666,0.280381122490907,1.98214356452238,0.195210277970621,0.0806768258799388,35.6583302428696,0.481572970831109,-0.117936628448692,0.0863831847215663,0.0544849785776378,0.485733141988009,33.1791492316791,47.9975829471471,43.2569601678903,57.5230477024565,72.6931868079198,85.4902759937131,128.818161370265,101.573952933768
"334","Wet_Elite","Walla_Walla",2021,NA,0.2939228195473,0.251260298626877,1.84031359655956,0.196203175695476,0.0800314282429856,26.4574129957183,0.411700831857626,-0.111218770881417,0.0950543549219843,0.0341146114522223,0.489005064828483,32.5066833524943,45.8091070116163,41.7858326686142,51.4991633462174,65.2894114543525,76.6851545294446,116.060397724839,92.7298012313478
"335","Wet_Elite","Walla_Walla",2021,NA,0.318524093264738,0.272868930764759,1.94112705805248,0.186448991325927,0.0742408423299421,37.3016363639112,0.444872804764223,-0.124632480281984,0.0745737144764633,0.0532909186624591,0.459122687787183,32.4797549107248,47.9765771820523,43.4138703143703,57.6488804621046,72.4613908934125,84.1172289591615,125.503996160731,97.6038863109294
"336","Wet_Elite","Walla_Walla",2021,NA,0.33240788386517,0.285164378756744,2.00438114278451,0.20102878527035,0.0791044319116058,32.7574404930809,0.456841783956472,-0.133009264325072,0.0799885909069626,0.0497316080234763,0.503967342232014,27.9460617814737,41.2750560481172,37.1780767918639,49.443089940318,63.4400007418295,74.3840285889448,114.162408976251,87.2632964965341
"337","Wet_Elite","Walla_Walla",2021,NA,0.341984942718412,0.292858328953541,2.04840181334831,0.196117314768318,0.0776924281395216,40.0231183115404,0.505943475103903,-0.135041155913147,0.0698459833581042,0.0614950102952157,0.488324922077763,33.4896725921368,48.8891377569607,43.8283206460305,60.2136099647448,76.6842635092733,89.6565040769202,135.351705324804,103.031775348037
"338","Wet_Elite","Walla_Walla",2021,NA,0.32377287758049,0.276410100180086,1.9645249269293,0.193219876674473,0.0771122152030636,35.7439340765748,0.468371958183456,-0.124758107663621,0.0776826057645382,0.0527025624946598,0.479699841325252,33.5674020022447,48.1606602750806,43.4219985589751,57.4610517136463,72.8152273583652,85.0061019905554,127.627029300386,99.278052792891
"339","Wet_Elite","Walla_Walla",2021,NA,0.342034452104767,0.291064696761331,2.04854435578003,0.189380856504654,0.0767214593886958,41.7824695614214,0.489186603605696,-0.11280095629682,0.0831190029549853,0.0631675978508621,0.468159584957593,32.5262659438838,47.4688981095189,42.4158214368035,59.0342912119189,74.251956399291,86.6070736236667,128.350506341147,102.222899549554
"34","Wet_Elite","Walla_Walla",2021,98.3187134502924,NA,NA,NA,NA,NA,NA,NA,NA,NA,NA,NA,NA,NA,NA,NA,NA,NA,NA,NA
"340","Wet_Elite","Walla_Walla",2021,NA,0.341874310430325,0.291712285372205,2.04399516157762,0.191762752497196,0.0784262932078999,40.1839496482043,0.508219456747891,-0.1167582452183,0.0851645896316474,0.064563891574321,0.475066634166667,32.5688916780038,48.2568702634621,43.1804490796693,59.7061628852545,75.2313487492612,88.0550550880224,132.024128802133,104.391493164563
"341","Wet_Elite","Walla_Walla",2021,NA,0.360888601532358,0.310247718857418,2.13928022141775,0.200726722047319,0.082888014277236,42.6668366841596,0.534084290886077,-0.116913575202655,0.0832479282644524,0.0687014149932139,0.502984436395593,32.1446543872479,47.5426781671907,42.435964080921,60.1717581208455,76.5526585133838,90.4239259409071,135.145839367047,106.782971151118
"342","Wet_Elite","Walla_Walla",2021,NA,0.343828324837835,0.292589592458661,2.06000547586053,0.200737616934492,0.0818494119069975,38.2025040120791,0.473227466101309,-0.116809981859336,0.0826655334491213,0.0540986847576215,0.503093865425139,30.5062611431668,44.2865960287617,39.5295188635495,53.9834974124383,68.8304941111656,81.1460006030012,121.085885290554,95.6477634207096
"343","Wet_Elite","Walla_Walla",2021,NA,0.320876704608095,0.275524001225007,1.95294141022334,0.204789839429751,0.0841236896782242,29.2289206657432,0.474501825433523,-0.113325651587157,0.0926355166335178,0.0452823081015598,0.515547804661885,31.1176904200947,44.9218354823973,40.6823482314369,52.2640898837263,66.8872686115526,79.1938766513751,119.714036599016,95.302090023381
"344","Wet_Elite","Walla_Walla",2021,NA,0.322404097354024,0.274941735281129,1.96237472132051,0.199751329281425,0.0825462696100743,31.9371531171792,0.471539968708163,-0.107655376412431,0.0949751295774558,0.0476545142751821,0.499872650371402,32.3514240830002,46.00564159908,41.4622754418749,54.0513463525292,68.6794184951697,81.0967044099204,121.760988531114,98.0150661017921
"345","Wet_Elite","Walla_Walla",2021,NA,0.375751721501862,0.322392280807962,2.21348261368616,0.198201594912388,0.0831042956794066,48.1696841140228,0.561207615761608,-0.112668784374912,0.0800121498328469,0.0780808533822514,0.494890298661789,33.0240911480946,48.5519777924362,43.0036408494108,63.5628571416409,80.4138598049328,95.0299199799352,139.898453965191,111.466305210215
"346","Wet_Elite","Walla_Walla",2021,NA,0.358435019777103,0.308998961217436,2.12630829516681,0.205626126519616,0.0848550371900648,39.1015232673056,0.52579122608972,-0.119324233457088,0.0841960932800557,0.0640993690322624,0.518373198788213,31.0806429498776,45.1207011102394,40.378669969035,56.3774031506999,72.1703315446451,85.5765999843013,128.778117055844,101.266543180038
"347","Wet_Elite","Walla_Walla",2021,NA,0.36387749020185,0.31272330709567,2.1567732881269,0.201548123436511,0.0836254176431018,42.5003249006069,0.537957065401309,-0.109468594671426,0.0900910855221441,0.069311677967148,0.505522555901596,32.2431952031897,46.5611337676106,41.4977768902919,59.2135842035491,75.3603679157131,89.1639906954491,133.100115319856,106.716644789362
"348","Wet_Elite","Walla_Walla",2021,NA,0.356279545694325,0.307150462620357,2.1161623340303,0.212336210430523,0.087775233914558,34.6624809190648,0.529511863736959,-0.117758311683038,0.0908694131909267,0.0592338779372402,0.539919826449113,29.5995319369996,42.8160912964872,38.3475389136325,52.5577747170469,67.8471161025409,80.9546212436674,123.120517343857,97.0468045186003
"349","Wet_Elite","Walla_Walla",2021,NA,0.363683600737242,0.313636603417722,2.15092021760854,0.203170465733772,0.0846397224988018,41.1484254107444,0.531930581441954,-0.113639002899084,0.0852518607262878,0.0682518457360277,0.510355431865067,31.1249807297311,45.1247140700271,40.3152095197141,57.2348796361412,72.9202346379148,86.4198248200288,128.832461598652,102.497601705357
"35","Wet_Elite","Walla_Walla",2021,97.3150357995227,NA,NA,NA,NA,NA,NA,NA,NA,NA,NA,NA,NA,NA,NA,NA,NA,NA,NA,NA
"350","Wet_Elite","Walla_Walla",2021,NA,0.368386577828862,0.31937001290455,2.1803519689854,0.20692120485304,0.0863674695420915,39.1886164169777,0.536021155758275,-0.105368463952091,0.098959109747736,0.0683909485357544,0.522484198003981,29.3563154384257,42.3761310045325,37.9248595003617,54.0679048345746,69.2042669756013,82.3308593135938,124.055803940383,100.325010888776
"351","Wet_Elite","Walla_Walla",2021,NA,0.36630273816484,0.320808072707197,2.17277016813129,0.213320219847273,0.0891521480627149,36.1482322917358,0.512908588462833,-0.0890645738528085,0.113549281354373,0.0623244565828414,0.543153471391977,27.9230937037211,39.8605942505774,35.9761704087769,50.2752878974837,64.8459963249486,77.5609645965747,116.476581095511,97.4029869489497
"352","Wet_Elite","Walla_Walla",2021,NA,0.410952388486738,0.361501284863166,2.40824769482304,0.204646541427151,0.0876085707235124,53.9420284156446,0.609130965302834,-0.0654752747455202,0.0998270515771908,0.094633022576625,0.515183695163209,31.1820195854408,46.0324134074595,40.9923239038397,64.8921142323876,82.4425289509114,98.2990355254975,136.914822135985,120.027645102949
"353","Wet_Elite","Walla_Walla",2021,NA,0.360102837868353,0.316342897694884,2.1440728610597,0.194431302873242,0.0824302594707093,41.3176341980625,0.51398008074473,-0.0358705349820449,0.114216737747059,0.0734275059067146,0.483404388988191,29.5098180795039,42.9119755563741,38.8864613178283,55.8982115517371,70.2690046793838,82.9607452844283,112.117670229686,104.18013974733
"354","Wet_Elite","Walla_Walla",2021,NA,0.409448205868587,0.361919101251162,2.41003385325142,0.202260397392972,0.088541014312018,54.4256029834259,0.599817383720525,-0.0240602820376202,0.110315634330192,0.0949828095709359,0.508130588320965,31.5817911847238,45.8731231358216,41.0527565908567,65.0881335097223,82.1393838115819,98.1552157751598,128.517772580478,122.373740202815
"355","Wet_Elite","Walla_Walla",2021,NA,0.416190380657264,0.369137007896062,2.44504782100005,0.208899113293348,0.0910702209366486,51.132669138808,0.605387307749912,-0.0290037632569962,0.109257295753666,0.0938610958731869,0.528936286118684,29.2617825074472,42.6755589879149,38.2136552897556,60.6227227198451,77.1582488117679,92.6468247694111,122.258387142209,115.305866468121
"356","Wet_Elite","Walla_Walla",2021,NA,0.366318096912,0.326303532055926,2.17136526217776,0.205530456179549,0.087441164803308,38.6707648911369,0.516649682754101,-0.0441263293004269,0.111970117961896,0.0708445167039242,0.518337757939019,28.3889212384337,40.7028684167306,37.1791496660822,52.8964514661362,67.3604672544999,80.3224272335827,109.893164875485,100.467629663299
"357","Wet_Elite","Walla_Walla",2021,NA,0.41046671882646,0.35992952964453,2.41073645519824,0.204124246294607,0.0864721666694509,51.9841528604146,0.608491650490339,-0.0657526934304956,0.101539441744617,0.0940112760436873,0.513813690728622,30.2286223834728,44.497915141209,39.542301320557,62.5690474510639,79.5944718453403,94.706520669122,132.438428605502,115.973644923526
"358","Wet_Elite","Walla_Walla",2021,NA,0.389874763177573,0.339760321961382,2.29293209621249,0.210039881023904,0.0882150059464058,45.1963713608997,0.565133513357454,-0.0900189286861909,0.104005743997939,0.0771790266835852,0.532476567394042,29.7753386528801,43.2792435320848,38.5603485418576,57.5143974308324,73.8273705851285,88.1674424652132,130.148825594626,108.488522363275
"359","Wet_Elite","Walla_Walla",2021,NA,0.378393960894809,0.328865382424809,2.22717561007752,0.200421636795494,0.0835397105593214,45.4723976077994,0.562854916406993,-0.0984854536761234,0.101705816986692,0.0799804213677416,0.501928230053181,31.0187620682482,45.6545070641015,40.782647557697,60.2469228095616,76.4992217806298,90.4677619652382,135.195012293878,110.896986118714
"36","Wet_Elite","Walla_Walla",2021,96.680216802168,NA,NA,NA,NA,NA,NA,NA,NA,NA,NA,NA,NA,NA,NA,NA,NA,NA,NA,NA
"360","Wet_Elite","Walla_Walla",2021,NA,0.377494879325178,0.326480311156262,2.22799040680092,0.200471968823081,0.0842313384638016,45.7255139490216,0.557864080585814,-0.111739162466287,0.085664057712372,0.0777723173998341,0.502299908518945,31.2605536785495,45.7973969354505,40.7633464598068,60.1770879897382,76.3453941665102,90.4571321546646,134.442951697345,107.272868112592
"361","Wet_Elite","Walla_Walla",2021,NA,0.368982466932232,0.319202114032872,2.18111636168619,0.204468495282099,0.0853997759576485,42.1812439727402,0.535900974424196,-0.116188868342905,0.085986890021435,0.0698780827685389,0.51461310528964,30.8085741393342,44.7315930315522,39.9636137328941,57.3172248234585,73.1225678040602,86.8085611058344,130.271716630904,103.075540709827
"362","Wet_Elite","Walla_Walla",2021,NA,0.361552066048893,0.311687718490262,2.14591651517481,0.208451094262367,0.0865602961912661,37.4043698988213,0.522137414273147,-0.107510826647835,0.0988058712342928,0.0625262192395113,0.527465950565943,29.3385982318919,42.3834513136968,37.887135835147,52.9771432123363,68.0027660646267,80.939798947986,122.467329144918,98.5919274819272
"363","Wet_Elite","Walla_Walla",2021,NA,0.333334346194634,0.285568327276787,2.00950267804608,0.200065444288289,0.0826721288964603,35.5186957905766,0.473195221955479,-0.112663259610654,0.0887481748639235,0.0522893164435183,0.500846274497084,32.1575058015516,45.6617937805649,41.0989305230673,54.863716434134,69.7358286316087,82.3418338281799,123.377662169393,98.3154647427904
"364","Wet_Elite","Walla_Walla",2021,NA,0.332193156955286,0.284020603445395,2.00509010794821,0.200276664880665,0.0832360495439613,35.4783754489692,0.481684192377503,-0.112314090291278,0.0867985389417451,0.0523149509758885,0.501422000054966,33.2903690354597,47.1513892185764,42.4024643976111,56.4131390492474,71.6677107143203,84.7103845894019,126.345921473651,100.745876786816
"365","Wet_Elite","Walla_Walla",2021,NA,0.352156868449805,0.303090987069159,2.09918261926382,0.211722024571304,0.0873548824594914,34.0665019281293,0.499747012696801,-0.116562770846289,0.0895109049405989,0.0545717312735022,0.537901218398001,28.8575111390811,41.3481322295199,37.0595664175071,50.3677429024446,64.9874634536924,77.4632938036282,117.139470071862,92.5940376586351
"366","Wet_Elite","Walla_Walla",2021,NA,0.345826993298286,0.293921333075555,2.06268093648522,0.191977356912527,0.0786477004353264,41.2442856846199,0.501870033960565,-0.103318631900946,0.0942484653657522,0.0641206283639862,0.475577426031883,31.9901074663597,47.1393757701178,42.0047540641254,58.5922832112922,73.8261599756899,86.445646141675,128.483582395064,104.382677797402
"367","Wet_Elite","Walla_Walla",2021,NA,0.332599483458892,0.286663937123484,2.01004936493447,0.205517445724131,0.0840926267340139,31.9249010152761,0.477156962709401,-0.119155918853578,0.087284685784353,0.0497002835056808,0.518263317827922,29.995950743556,43.5118320716976,39.3335717807117,51.817238814019,66.4119119856661,78.6254392450863,119.005063327955,93.576521116787
"368","Wet_Elite","Walla_Walla",2021,NA,0.343164113407899,0.296218774212788,2.05587830328361,0.197382431414173,0.0808861104614276,37.9397025648366,0.491979428730107,-0.116067307609986,0.0868723241169082,0.06073619594102,0.49262420751731,30.9505790968312,45.1510715812903,40.6794657000536,55.8018746578941,70.8013224344029,83.3095055436981,125.198184035892,99.0848981328138
"369","Wet_Elite","Walla_Walla",2021,NA,0.323163902296462,0.277721210875756,1.96405812261444,0.199573951076227,0.0804305409954799,31.2279855715438,0.468676984777873,-0.123092165617846,0.0862324886046348,0.0491696961539054,0.499289663394073,30.9499319407221,44.547553905145,40.3364773454059,52.5946278435276,67.090643779086,78.8456293757743,120.019539558529,93.6746987565799
"37","Wet_Elite","Walla_Walla",2021,93.2519280205656,NA,NA,NA,NA,NA,NA,NA,NA,NA,NA,NA,NA,NA,NA,NA,NA,NA,NA,NA
"370","Wet_Elite","Walla_Walla",2021,NA,0.357994864919663,0.308536662115657,2.1290530644435,0.197215476256342,0.0792971286286755,42.2759920844369,0.510624481332209,-0.116160687582422,0.0890980516000918,0.0673617306184825,0.492268889634219,30.5175527365692,45.1668895570616,40.4196998120504,57.4474263741298,73.0964385908772,85.7564981223318,129.497682760285,102.400668798065
"371","Wet_Elite","Walla_Walla",2021,NA,0.359164245284886,0.311608640918797,2.14113645932339,0.201388869674387,0.0800315263423444,39.6137873513832,0.515332816552092,-0.128378076323547,0.0804866552002195,0.0665093151930173,0.505302508664461,29.558074375144,43.9194944841638,39.5163800443441,55.6215093014513,71.2577881673827,83.6743115486638,127.333432873209,98.2804907835699
"372","Wet_Elite","Walla_Walla",2021,NA,0.358751922058858,0.311395935691397,2.12772302003291,0.195866411193186,0.078567352182487,45.3824975419037,0.533785979303142,-0.136333109037232,0.065979412619982,0.0730030113742345,0.487525319998715,34.4939927884258,49.8890544119714,44.8383334985826,64.0003030310912,81.3229714673765,95.236492093716,143.053179464915,108.632856561829
"373","Wet_Elite","Walla_Walla",2021,NA,0.342395503524443,0.293834064376451,2.0510423619392,0.196858520537377,0.0779004055279427,39.7017619197274,0.497888998499912,-0.140229216825235,0.0642067078973122,0.0604179786129554,0.490727745299288,32.7862551989366,47.7841672996054,42.8874630509585,58.8808525172344,75.0810755338534,87.8303612606742,132.501134490362,99.7671526634025
"374","Wet_Elite","Walla_Walla",2021,NA,0.242561014940357,0.209622441545051,1.64423354924078,0.185297515302125,0.0721890924507679,15.2088440306573,0.312812745750107,-0.102501210779142,0.109177168343431,0.0144228397043855,0.455495934489489,28.824174178914,40.9578708116285,38.2207500184171,43.1023315595417,54.2772394580019,62.753901240081,95.9607256656362,78.0699304841864
"375","Wet_Elite","Walla_Walla",2021,NA,0.364173156775556,0.314661263264116,2.15383684531595,0.200302083402238,0.0816968481331818,42.9228836961895,0.543510954297994,-0.124149132249676,0.0793381312123763,0.0721391757166587,0.501471851915416,31.9284464052721,46.9485984406556,41.9842132816409,60.1004251997346,76.590686323795,90.2523496777189,135.865379966042,105.725018924163
"376","Wet_Elite","Walla_Walla",2021,NA,0.344105596709052,0.293902114520853,2.05505279459083,0.189821709566682,0.0775072232398473,40.9663699913245,0.514196922061505,-0.113817569517228,0.0848360425997377,0.067505325391309,0.469186516605755,32.3484999499294,48.032218469367,42.9577709738803,60.000685131301,75.4467024382491,88.1499527679278,131.325234198971,104.420964227735
"377","Wet_Elite","Walla_Walla",2021,NA,0.363534098820962,0.310791499025776,2.14704111803435,0.194747242456917,0.0812542314326997,46.7256706017339,0.542572653399466,-0.126327275334344,0.0691334946551387,0.0739881920553842,0.484046453935245,34.0663320886522,49.7985229803746,44.2230359836697,63.8812991682615,80.5242690187916,94.7749146332601,140.321312902719,108.798543170325
"378","Wet_Elite","Walla_Walla",2021,NA,0.358277328558079,0.307943059008683,2.12723968748859,0.195403348065384,0.0810198146947364,42.7930839561788,0.522102897926895,-0.118041816413663,0.0807691994651452,0.0699007781229338,0.486333915094973,31.2342389329329,46.1197185396391,41.1892936684217,58.7856939546006,74.2566262657593,87.4013058189951,130.211773622672,102.65713804157
"379","Wet_Elite","Walla_Walla",2021,NA,0.325449111837539,0.280259223254119,1.97528148602667,0.203082954447742,0.0832150526692262,29.9692277064635,0.479772197627098,-0.114389272385263,0.0916821647702484,0.0490766590032802,0.510218699158193,30.2948488870217,43.7427800043597,39.6279181686053,51.5942712649419,65.9143901679233,77.9044871831648,117.774457180368,93.5514564741215
"38","Wet_Elite","Walla_Walla",2021,91.1014312383323,NA,NA,NA,NA,NA,NA,NA,NA,NA,NA,NA,NA,NA,NA,NA,NA,NA,NA,NA
"380","Wet_Elite","Walla_Walla",2021,NA,0.355215743746095,0.303306346183545,2.1069007484494,0.194971783107631,0.0816974285697079,43.3093382381151,0.523946708237106,-0.116777559049061,0.0774728731081544,0.068611804264948,0.484820876247923,33.3403207957708,48.0855327240167,42.8079115982504,60.6495942574342,76.4246268553119,90.0431685984384,132.967409619953,105.107465118741
"381","Wet_Elite","Walla_Walla",2021,NA,0.327857567018773,0.279363274363338,1.98310953893207,0.190074953431415,0.0785156473409347,36.6146584442945,0.479191936400085,-0.105461807248678,0.091680041290498,0.0570886210030819,0.469856463539735,32.7654923321042,47.129419087856,42.368895875346,57.03280999961,71.5894644165458,83.8022755128173,124.479975946338,100.668492634575
"382","Wet_Elite","Walla_Walla",2021,NA,0.362084501513302,0.310504225069465,2.14122299321316,0.19538320595383,0.0806511239539466,42.9603424724372,0.538751251478662,-0.107354353741184,0.0926775538301664,0.073073669311424,0.486070724189585,30.7965001479787,46.0886116619483,41.0298678080539,59.0714042441339,74.6516484599406,87.775084609863,131.102338054807,105.634599035941
"383","Wet_Elite","Walla_Walla",2021,NA,0.357628192692776,0.306191735815718,2.12273626558371,0.197690350636614,0.0816079486044392,42.1911345182937,0.515230804573906,-0.109563563513964,0.0880848783927271,0.06661172265182,0.493445685800255,32.0113328099158,45.7901485817757,40.7980564461267,57.8411484814366,73.319520911294,86.3854840677932,128.458159821283,102.997392863163
"384","Wet_Elite","Walla_Walla",2021,NA,0.40575330108839,0.355252627275108,2.38095763377825,0.218750612247458,0.091932017479444,44.3584855371791,0.595566763981997,-0.123685380038737,0.0813858735018003,0.0808458796756533,0.560927925320278,27.9930017331796,41.214774487821,36.6346625948459,55.6205248513094,72.1580525055192,86.804463147061,131.067432355108,102.101062583725
"385","Wet_Elite","Walla_Walla",2021,NA,0.372224191039489,0.321593267881146,2.19415801821487,0.203526018606473,0.0857660447798636,42.8629802176074,0.543810786564741,-0.115345950291112,0.082998610506055,0.0724354838132456,0.511669127885165,30.7288238236565,44.6020430427953,39.7684232003385,57.5245852603694,73.1850496353273,86.9381699118209,129.457620486267,102.625982756204
"386","Wet_Elite","Walla_Walla",2021,NA,0.384483936015618,0.332563629119078,2.25925074591661,0.199945158630771,0.0839638688012008,47.7847695087099,0.567938472247309,-0.103213155078601,0.0943028175825546,0.0818420051759852,0.500476364592955,31.3713272107911,45.991893394021,40.8518955873427,61.2259619379281,77.5968180583607,91.8416095033962,136.5022930996,110.915089034066
"387","Wet_Elite","Walla_Walla",2021,NA,0.36597727806953,0.317171784106223,2.16960368326958,0.203270381075585,0.0847041005219871,40.4176177735832,0.520654859637661,-0.0838967724675355,0.110085547142807,0.067865490534372,0.510899262710135,29.2278391086273,42.2292374845408,37.8241731552645,54.1620619202734,69.0112483235372,81.8474786921,120.772527344445,101.939666379368
"388","Wet_Elite","Walla_Walla",2021,NA,0.400118923711992,0.351186702378025,2.34485062817278,0.203389012126489,0.0861436935864171,51.2700573225428,0.597204695487002,-0.0636169937705961,0.102753130664966,0.0905637367916606,0.511152167556554,32.0776980557379,46.1338742241493,41.168195755498,63.7961907827583,81.0787619409332,96.4074137899428,134.596206812526,118.31915253498
"389","Wet_Elite","Walla_Walla",2021,NA,0.407350353555225,0.360281775617321,2.39278233301911,0.201118142677759,0.087513477138004,52.3767541698942,0.606707958435105,-0.0510855992981312,0.0974788374719624,0.0967481255714693,0.504346697958726,30.5950751086618,45.2393942807217,40.5475164058156,63.9831105842886,80.7114077764638,96.2211630157004,129.613427472916,116.961208219699
"39","Wet_Elite","Walla_Walla",2021,98.3358547655068,NA,NA,NA,NA,NA,NA,NA,NA,NA,NA,NA,NA,NA,NA,NA,NA,NA,NA,NA
"390","Wet_Elite","Walla_Walla",2021,NA,0.369483905554075,0.327484857798904,2.18677361211539,0.194798771094322,0.0838894075677637,43.314760194902,0.550975425046067,-0.0132479552826365,0.125895879086044,0.083060090922954,0.484625967581058,30.2932115355537,44.4065076419459,40.3565585842581,59.2098784911263,74.2739527262875,87.9385323902301,116.282013331715,113.129034710204
"391","Wet_Elite","Walla_Walla",2021,NA,0.388248078871826,0.343127597981833,2.2929807495371,0.205161762753254,0.0878967638710366,44.4172368305431,0.557854928451486,-0.0252494369072459,0.115681199503173,0.0811825981781023,0.517228026283435,28.5562877690317,41.4728876966493,37.3794950819005,56.1907328572107,71.4401551756563,85.2952842828961,113.12525796738,107.333763750333
"392","Wet_Elite","Walla_Walla",2021,NA,0.401926256665201,0.35378973343395,2.35828507128206,0.201313078249133,0.0862712691134393,48.4607067249086,0.59409085162023,-0.0483147392520328,0.104245749144823,0.0924402773658565,0.504792264727596,28.6473056049661,42.6809178993571,38.1680227884843,59.4768740080057,75.2559348197112,89.5112338557109,121.529850263473,110.249109342785
"393","Wet_Elite","Walla_Walla",2021,NA,0.39050501500841,0.341428948235515,2.28805750776327,0.199977894897813,0.0849785794250937,51.2730792405576,0.580379882785745,-0.0608176704884531,0.105283316423012,0.0873604842388129,0.500407887568604,33.8638124984338,47.8030890477287,42.7004717614254,64.9612966369115,82.1687006010951,97.4531196803994,135.976290885791,120.312872816232
"394","Wet_Elite","Walla_Walla",2021,NA,0.35956694816932,0.31408946575546,2.13074921750351,0.209555432413017,0.0876150263815439,36.6391707368597,0.536416211846704,-0.0841961754952673,0.115870565769027,0.0654864413505945,0.530843415675365,30.6632991140782,43.7752464732367,39.5177293500939,54.8201774769802,70.371392770446,83.908471916175,125.363001552138,105.862136963576
"395","Wet_Elite","Walla_Walla",2021,NA,0.334082868419159,0.290753080376316,2.01188433471179,0.208297412962695,0.0853901872265913,29.7110902784668,0.492256542053266,-0.100409192412809,0.113269978131927,0.0518452798689011,0.526909559486791,29.1885890560107,41.9654083121232,38.1289121229246,50.0666098793845,64.3950365494533,76.446179993398,117.43622166104,95.9264892143276
"396","Wet_Elite","Walla_Walla",2021,NA,0.344011868575355,0.297057454601336,2.0624546154114,0.204112787044125,0.0834351736552731,34.5925530512523,0.482613106664695,-0.117297920365427,0.0863001708771298,0.0552925154864875,0.513772357367211,29.3089892685106,41.7517545518603,37.6061990813777,51.0295571759643,65.3187534509827,77.2701154554025,116.270708911157,91.7379283038627
"397","Wet_Elite","Walla_Walla",2021,NA,0.385083626578579,0.3342183954675,2.26336269884798,0.20675478419895,0.0870311798977985,45.2658329918458,0.568382117248505,-0.118789279796614,0.0819369963773268,0.0779682867319975,0.521892955017377,30.8450423058418,44.7767296705026,39.8532820812112,59.0575633648745,75.4508733239297,89.8527742818664,134.482149375327,105.831379299898
"398","Wet_Elite","Walla_Walla",2021,NA,0.367445191652801,0.316377373750593,2.17616215638939,0.200455352699055,0.0836690937120936,44.5470990361932,0.523039537636802,-0.117712712169141,0.0790770467619753,0.0693540000841724,0.502214671910499,31.8959535640489,45.5907616534479,40.6175176410195,58.606675165978,74.4319328401035,88.0897099503572,130.755653629669,103.081343478201
"399","Wet_Elite","Walla_Walla",2021,NA,0.325429747214032,0.281882316052441,1.97211606638642,0.205471414688381,0.0841873168109356,29.0626129390095,0.476161375407661,-0.115664003179853,0.0938612064714595,0.0481714823339623,0.517951536023709,29.6956546377497,42.6920366322702,38.7944907312599,50.2990262617704,64.4466067276309,76.3230375996471,116.242160698211,92.0727422222061
"4","Wet_Elite","Walla_Walla",2021,99.545159194282,NA,NA,NA,NA,NA,NA,NA,NA,NA,NA,NA,NA,NA,NA,NA,NA,NA,NA,NA
"40","Wet_Elite","Walla_Walla",2021,93.75,NA,NA,NA,NA,NA,NA,NA,NA,NA,NA,NA,NA,NA,NA,NA,NA,NA,NA,NA
"400","Wet_Elite","Walla_Walla",2021,NA,0.316744522536897,0.270848863715788,1.93915786093395,0.189593095437155,0.078028006529729,33.6278767189831,0.442195652258924,-0.108384838173756,0.0865938155279014,0.0496832616065805,0.468538263321708,31.3457723974074,44.8699082667613,40.5966103932733,53.3935133527731,67.0406223905183,78.4378450049182,116.008364406171,93.2084709212117
"401","Wet_Elite","Walla_Walla",2021,NA,0.299315920971685,0.258424962751508,1.86425175173978,0.205152353858477,0.0838467583222132,23.2507518239594,0.423840130192697,-0.117387265015698,0.0919427478252181,0.0328512239156239,0.517090856350188,30.3688375689359,42.3525391957119,38.7839532139554,47.4289230181731,60.7571454851936,71.8927052973632,109.401701657382,86.3856398325121
"402","Wet_Elite","Walla_Walla",2021,NA,0.332138894418653,0.283106671280709,2.00224489823147,0.196076041869971,0.0810476563000355,34.967868083192,0.473367791448104,-0.112642741890046,0.089257204435172,0.0538859934438772,0.488342940265291,30.832954664224,44.2914422336865,39.7556736499921,53.3557615131423,67.4680814133908,79.3969511198597,119.025618568308,94.8769763454591
"403","Wet_Elite","Walla_Walla",2021,NA,0.343112924187173,0.296104020558925,2.05383423120414,0.207329741013629,0.0859231854258496,33.5427557924755,0.491684886845393,-0.12609723715666,0.0790916295183796,0.0540676189624551,0.523726529825938,29.3930240345534,42.4277596397809,38.2169015685201,51.417275721631,65.9191608482219,78.3595498688036,118.279167686843,91.7060983628889
"404","Wet_Elite","Walla_Walla",2021,NA,0.361241999201458,0.311024386748262,2.14123941956133,0.205044067344681,0.0842909216483546,39.0132481399297,0.519206156391886,-0.12742952335441,0.0789444298401952,0.0641428352972793,0.516492774417447,29.7540335346017,43.0068947286178,38.4043139250363,54.097758996133,69.2759178912526,82.0861434633855,124.222092632153,96.0264624174375
"405","Wet_Elite","Walla_Walla",2021,NA,0.348176993993164,0.297615530546334,2.07782550525139,0.185612283470047,0.0759653407692093,43.3209507689619,0.510242378100656,-0.119521104258964,0.0782269089340023,0.0711344030238773,0.456420193630641,31.7390708845858,47.4749326998913,42.4220390069457,60.2849711705505,75.3817079322402,87.8110164647423,130.589156398336,102.642378313802
"406","Wet_Elite","Walla_Walla",2021,NA,0.371129321843277,0.319372114681547,2.19011138472773,0.197257938966765,0.0804957735715417,45.4239882914711,0.549541464055329,-0.120325810763726,0.0827613782584096,0.0763116833255706,0.492198490013603,31.2831464346441,46.3716768511085,41.2290157660819,60.4039360393139,76.6811248509501,90.1650639016138,135.568670144173,106.321735996696
"407","Wet_Elite","Walla_Walla",2021,NA,0.333485487905548,0.290023857208284,2.00966408550127,0.208944823504425,0.0829815051141492,30.3037483086269,0.483076515917791,-0.133586902195563,0.081889502644312,0.0500671192273243,0.529061610529586,29.734585054792,42.4593909986148,38.5707706233652,50.5357366470181,65.3997428715535,77.2800456129446,119.133912803789,90.987074693691
"408","Wet_Elite","Walla_Walla",2021,NA,0.346989289916046,0.298069610155714,2.07422732516377,0.195715526856261,0.0773283856151306,41.1384470421315,0.506869649596003,-0.135607193679574,0.0698355348256041,0.0639084971628452,0.487624145776215,32.2643364330442,47.8035054286686,42.860978679111,59.6187920230628,75.9370992928435,88.7581003272028,134.084888883406,101.942455935394
"409","Wet_Elite","Walla_Walla",2021,NA,0.328090199791731,0.280388877885663,1.98537657760689,0.190972621182879,0.0755226557453209,37.4055933119876,0.482075230283257,-0.13138711257331,0.0721299259388266,0.057253214773533,0.472726397057691,33.1302921151355,48.4997061395602,43.6604389770919,58.723812168308,74.3296116569222,86.5417293868842,130.228709803479,99.8784357055704
"41","Wet_Elite","Walla_Walla",2021,93.4523809523809,NA,NA,NA,NA,NA,NA,NA,NA,NA,NA,NA,NA,NA,NA,NA,NA,NA,NA,NA
"410","Wet_Elite","Walla_Walla",2021,NA,0.352836591276878,0.301877040025277,2.09612349819623,0.195801909089642,0.0787474342759208,42.0626032845739,0.511327768549075,-0.126045332476979,0.0789455080407884,0.0659588052556905,0.487440074462353,32.1094197068401,46.7486765897495,41.7083956900848,58.7132647542923,74.5617579408567,87.3234366131662,131.792816270126,102.233334692908
"411","Wet_Elite","Walla_Walla",2021,NA,0.343585491939907,0.294641502599338,2.06016583137305,0.195974550587261,0.0776478399037627,37.226961823577,0.478492368921003,-0.12355673238806,0.0843523312082546,0.0587533625656091,0.48847192534322,29.1494618484797,42.2005415295813,37.8473263792009,52.267922087772,66.5637848964981,77.8713059452135,118.1590840105,92.0109742500729
"412","Wet_Elite","Walla_Walla",2021,NA,0.34288933764574,0.294711186016904,2.04820228688073,0.195024725534026,0.0804948473525767,38.2754814215735,0.503129521399897,-0.119097285929162,0.0856011297800154,0.0632240716967158,0.485038087600999,31.6904512860613,45.9077119121766,41.2430651591604,56.7937528343996,71.7617751075551,84.3497236593015,127.197284726043,100.0887950652
"413","Wet_Elite","Walla_Walla",2021,NA,0.327077032438205,0.276870894330997,1.97824631618348,0.196452553009215,0.0807501960526912,33.8690682098344,0.476403406540547,-0.123271730144961,0.0794257500341777,0.0511115645870665,0.489555918969272,31.9724909181409,45.5151893596837,40.7672796999837,54.0943681761901,68.4848158720476,80.5601174519093,120.95230008142,94.3533598833224
"414","Wet_Elite","Walla_Walla",2021,NA,0.340776151143306,0.292362122348932,2.04383583585639,0.196984970592481,0.0816111138634792,37.9152915844152,0.495032842368114,-0.12015454633574,0.0810440965931835,0.0596386425706394,0.491503040234723,31.6310392125932,46.3446212783134,41.6379540551244,56.8419261339781,71.9554358349941,84.7944625296428,126.945600668053,99.6338795621524
"415","Wet_Elite","Walla_Walla",2021,NA,0.327306009692662,0.28155393796622,1.9819877165139,0.204309195283437,0.0839926461035575,30.1553481011858,0.467337306010782,-0.115647409984824,0.090424540204849,0.0475009464757202,0.514137308856068,29.2961172997125,42.1276483419366,38.1019194631267,49.7633840638952,63.6319259244,75.3202483221354,113.899461295304,90.2179278698967
"416","Wet_Elite","Walla_Walla",2021,NA,0.32039014823323,0.27641115344253,1.95274950466384,0.203869289148814,0.0849160456183736,28.5978718090733,0.469868287757151,-0.117341939195238,0.0885756913145558,0.0459110527583695,0.512888668192998,30.4919325859225,43.3834847706167,39.3948133911479,50.6910198939598,64.6587611515558,76.6979546547323,115.952406203917,91.5297249887908
"417","Wet_Elite","Walla_Walla",2021,NA,0.380422802967288,0.329296511393595,2.23706214917843,0.202928101543486,0.084392311064472,43.8975337194041,0.561313341697383,-0.118627993537959,0.0818107318755611,0.0779133354165192,0.509792080790358,30.006334168363,43.7229596663424,38.910002528997,57.4864734753789,73.2474362098975,86.7717504615376,129.788447402276,102.192029538174
"418","Wet_Elite","Walla_Walla",2021,NA,0.324903449037356,0.277436756125782,1.97252220603442,0.193358017995109,0.079424533624208,34.4090944678836,0.458062652805364,-0.110711663820346,0.0858167607541099,0.051650371847563,0.480109182230201,31.1324257965572,44.4869440657005,40.0977983961719,53.3574835780234,67.2878666419826,78.9214321435377,117.08135074208,93.6604785302991
"419","Wet_Elite","Walla_Walla",2021,NA,0.393886968243745,0.340447431683003,2.31023270203307,0.203131068274634,0.0856403398857387,48.7034499845907,0.586147736571792,-0.118638860222733,0.0799484796517981,0.0845242455061009,0.510378715833368,31.0181926590598,45.2270301153448,39.9726469176689,61.0371731209161,77.6255378987235,92.2204401432315,137.42304731207,108.138812851163
"42","Wet_Elite","Walla_Walla",2021,96.8045112781955,NA,NA,NA,NA,NA,NA,NA,NA,NA,NA,NA,NA,NA,NA,NA,NA,NA,NA,NA
"420","Wet_Elite","Walla_Walla",2021,NA,0.381998021004609,0.331274228682769,2.24546610532099,0.202711050902026,0.0851444932218085,46.5136219038639,0.568273530697902,-0.112037445919327,0.0876475277174177,0.0797991658178567,0.50912627101179,31.544700678414,46.2024745716492,41.1433506873789,61.0411948952464,77.6270998521573,92.1019447231215,137.542284904932,109.740201051293
"421","Wet_Elite","Walla_Walla",2021,NA,0.365649703792625,0.316525564394169,2.16705777900795,0.200267722441821,0.0828879445974495,42.4067195742814,0.534999391315302,-0.113641527068461,0.0843478889610169,0.0715457734900305,0.501683853399393,30.9823721542901,45.0478054412338,40.3161944237164,57.9556051088447,73.6802130544258,87.0549146796624,129.563173305723,102.95399492028
"422","Wet_Elite","Walla_Walla",2021,NA,0.357273612494739,0.307761109618736,2.12288074241025,0.196519914447688,0.0810465915256446,42.6376185479883,0.527419522383679,-0.107097733239209,0.0909289045247819,0.0699060438456851,0.489919808298074,32.449191559619,47.2143550145688,42.2619777846373,60.021139302457,75.9668361702207,89.4073312319219,133.035112371569,107.169285955098
"423","Wet_Elite","Walla_Walla",2021,NA,0.344170177292727,0.298383905440989,2.05835843464842,0.194662533422142,0.0807423753396258,39.0339010425159,0.503694022486117,-0.0829465057940307,0.109463811441688,0.0651951174594015,0.483975345861048,31.5688979633703,46.0477261275381,41.5821391133188,57.578743456686,72.6521874436563,85.4552060438889,125.753412272384,106.360557166288
"424","Wet_Elite","Walla_Walla",2021,NA,0.381588166141022,0.334159788173566,2.2480787427232,0.203505290563133,0.0856194635560308,46.1885154366939,0.567979533297962,-0.0635164703408081,0.105475193980331,0.0806687420294586,0.51166901511152,32.1589465486576,46.2253753890032,41.4820657084109,61.4220216765077,78.1461328572139,92.8198007785533,130.184045178617,114.579292329198
"425","Wet_Elite","Walla_Walla",2021,NA,0.37099923674933,0.326878770937378,2.19319743711596,0.193698190340594,0.0826217384951285,45.2839856406223,0.548165635798373,-0.0413875732679402,0.1091834492901,0.0827475935138305,0.481194263953784,31.1076231854091,45.4350501557813,41.108778021516,60.5973210508766,76.0225293745572,89.7665012800895,121.398994185076,111.644537446243
"426","Wet_Elite","Walla_Walla",2021,NA,0.412375141332701,0.367659533182249,2.41414699757893,0.209890256345311,0.0913439331246508,49.5080047018961,0.615823783694963,-0.0298265153573693,0.111472672732948,0.0951567394971242,0.531887483128058,29.6922480966013,43.1447564406409,38.8334454869567,61.0163668229381,77.7852504395252,93.4441069156955,124.072343284174,116.811234716601
"43","Wet_Elite","Walla_Walla",2021,95.7028852056476,NA,NA,NA,NA,NA,NA,NA,NA,NA,NA,NA,NA,NA,NA,NA,NA,NA,NA,NA
"44","Wet_Elite","Walla_Walla",2021,99.4807121661721,NA,NA,NA,NA,NA,NA,NA,NA,NA,NA,NA,NA,NA,NA,NA,NA,NA,NA,NA
"45","Wet_Elite","Walla_Walla",2021,99.0291262135922,NA,NA,NA,NA,NA,NA,NA,NA,NA,NA,NA,NA,NA,NA,NA,NA,NA,NA,NA
"46","Wet_Elite","Walla_Walla",2021,92.106757524134,NA,NA,NA,NA,NA,NA,NA,NA,NA,NA,NA,NA,NA,NA,NA,NA,NA,NA,NA
"47","Wet_Elite","Walla_Walla",2021,98.9920806335493,NA,NA,NA,NA,NA,NA,NA,NA,NA,NA,NA,NA,NA,NA,NA,NA,NA,NA,NA
"48","Wet_Elite","Walla_Walla",2021,97.8941377347752,NA,NA,NA,NA,NA,NA,NA,NA,NA,NA,NA,NA,NA,NA,NA,NA,NA,NA,NA
"49","Wet_Elite","Walla_Walla",2021,99.9311768754302,NA,NA,NA,NA,NA,NA,NA,NA,NA,NA,NA,NA,NA,NA,NA,NA,NA,NA,NA
"5","Wet_Elite","Walla_Walla",2021,97.3023839397741,NA,NA,NA,NA,NA,NA,NA,NA,NA,NA,NA,NA,NA,NA,NA,NA,NA,NA,NA
"50","Wet_Elite","Walla_Walla",2021,98.1751824817518,NA,NA,NA,NA,NA,NA,NA,NA,NA,NA,NA,NA,NA,NA,NA,NA,NA,NA,NA
"51","Wet_Elite","Walla_Walla",2021,98.9333333333333,NA,NA,NA,NA,NA,NA,NA,NA,NA,NA,NA,NA,NA,NA,NA,NA,NA,NA,NA
"52","Wet_Elite","Walla_Walla",2021,99.4949494949495,NA,NA,NA,NA,NA,NA,NA,NA,NA,NA,NA,NA,NA,NA,NA,NA,NA,NA,NA
"53","Wet_Elite","Walla_Walla",2021,97.8849966953073,NA,NA,NA,NA,NA,NA,NA,NA,NA,NA,NA,NA,NA,NA,NA,NA,NA,NA,NA
"54","Wet_Elite","Walla_Walla",2021,97.3961562306262,NA,NA,NA,NA,NA,NA,NA,NA,NA,NA,NA,NA,NA,NA,NA,NA,NA,NA,NA
"55","Wet_Elite","Walla_Walla",2021,93.7346437346437,NA,NA,NA,NA,NA,NA,NA,NA,NA,NA,NA,NA,NA,NA,NA,NA,NA,NA,NA
"56","Wet_Elite","Walla_Walla",2021,99.1682661548304,NA,NA,NA,NA,NA,NA,NA,NA,NA,NA,NA,NA,NA,NA,NA,NA,NA,NA,NA
"57","Wet_Elite","Walla_Walla",2021,95.5273698264352,NA,NA,NA,NA,NA,NA,NA,NA,NA,NA,NA,NA,NA,NA,NA,NA,NA,NA,NA
"58","Wet_Elite","Walla_Walla",2021,98.0070339976553,NA,NA,NA,NA,NA,NA,NA,NA,NA,NA,NA,NA,NA,NA,NA,NA,NA,NA,NA
"59","Wet_Elite","Walla_Walla",2021,97.3350253807107,NA,NA,NA,NA,NA,NA,NA,NA,NA,NA,NA,NA,NA,NA,NA,NA,NA,NA,NA
"6","Wet_Elite","Walla_Walla",2021,97.7453580901857,NA,NA,NA,NA,NA,NA,NA,NA,NA,NA,NA,NA,NA,NA,NA,NA,NA,NA,NA
"60","Wet_Elite","Walla_Walla",2021,94.4037308461026,NA,NA,NA,NA,NA,NA,NA,NA,NA,NA,NA,NA,NA,NA,NA,NA,NA,NA,NA
"61","Wet_Elite","Walla_Walla",2021,99.1951710261569,NA,NA,NA,NA,NA,NA,NA,NA,NA,NA,NA,NA,NA,NA,NA,NA,NA,NA,NA
"62","Wet_Elite","Walla_Walla",2021,97.0052083333333,NA,NA,NA,NA,NA,NA,NA,NA,NA,NA,NA,NA,NA,NA,NA,NA,NA,NA,NA
"63","Wet_Elite","Walla_Walla",2021,99.5421844342708,NA,NA,NA,NA,NA,NA,NA,NA,NA,NA,NA,NA,NA,NA,NA,NA,NA,NA,NA
"64","Wet_Elite","Walla_Walla",2021,98.8911988911989,NA,NA,NA,NA,NA,NA,NA,NA,NA,NA,NA,NA,NA,NA,NA,NA,NA,NA,NA
"65","Wet_Elite","Walla_Walla",2021,97.196261682243,NA,NA,NA,NA,NA,NA,NA,NA,NA,NA,NA,NA,NA,NA,NA,NA,NA,NA,NA
"66","Wet_Elite","Walla_Walla",2021,96.6689326988443,NA,NA,NA,NA,NA,NA,NA,NA,NA,NA,NA,NA,NA,NA,NA,NA,NA,NA,NA
"67","Wet_Elite","Walla_Walla",2021,95.0031230480949,NA,NA,NA,NA,NA,NA,NA,NA,NA,NA,NA,NA,NA,NA,NA,NA,NA,NA,NA
"68","Wet_Elite","Walla_Walla",2021,97.0365265334252,NA,NA,NA,NA,NA,NA,NA,NA,NA,NA,NA,NA,NA,NA,NA,NA,NA,NA,NA
"69","Wet_Elite","Walla_Walla",2021,95,NA,NA,NA,NA,NA,NA,NA,NA,NA,NA,NA,NA,NA,NA,NA,NA,NA,NA,NA
"7","Wet_Elite","Walla_Walla",2021,98.3251919050942,NA,NA,NA,NA,NA,NA,NA,NA,NA,NA,NA,NA,NA,NA,NA,NA,NA,NA,NA
"70","Wet_Elite","Walla_Walla",2021,97.1139971139971,NA,NA,NA,NA,NA,NA,NA,NA,NA,NA,NA,NA,NA,NA,NA,NA,NA,NA,NA
"71","Wet_Elite","Walla_Walla",2021,96.0322797579018,NA,NA,NA,NA,NA,NA,NA,NA,NA,NA,NA,NA,NA,NA,NA,NA,NA,NA,NA
"72","Wet_Elite","Walla_Walla",2021,95.9468017732742,NA,NA,NA,NA,NA,NA,NA,NA,NA,NA,NA,NA,NA,NA,NA,NA,NA,NA,NA
"73","Wet_Elite","Walla_Walla",2021,97.0797720797721,NA,NA,NA,NA,NA,NA,NA,NA,NA,NA,NA,NA,NA,NA,NA,NA,NA,NA,NA
"74","Wet_Elite","Walla_Walla",2021,95.4491725768322,NA,NA,NA,NA,NA,NA,NA,NA,NA,NA,NA,NA,NA,NA,NA,NA,NA,NA,NA
"75","Wet_Elite","Walla_Walla",2021,96.028880866426,NA,NA,NA,NA,NA,NA,NA,NA,NA,NA,NA,NA,NA,NA,NA,NA,NA,NA,NA
"76","Wet_Elite","Walla_Walla",2021,86.3427445830598,NA,NA,NA,NA,NA,NA,NA,NA,NA,NA,NA,NA,NA,NA,NA,NA,NA,NA,NA
"77","Wet_Elite","Walla_Walla",2021,99.8724489795918,NA,NA,NA,NA,NA,NA,NA,NA,NA,NA,NA,NA,NA,NA,NA,NA,NA,NA,NA
"78","Wet_Elite","Walla_Walla",2021,100,NA,NA,NA,NA,NA,NA,NA,NA,NA,NA,NA,NA,NA,NA,NA,NA,NA,NA,NA
"79","Wet_Elite","Walla_Walla",2021,99.8575498575499,NA,NA,NA,NA,NA,NA,NA,NA,NA,NA,NA,NA,NA,NA,NA,NA,NA,NA,NA
"8","Wet_Elite","Walla_Walla",2021,96.7283950617284,NA,NA,NA,NA,NA,NA,NA,NA,NA,NA,NA,NA,NA,NA,NA,NA,NA,NA,NA
"80","Wet_Elite","Walla_Walla",2021,97.5190839694656,NA,NA,NA,NA,NA,NA,NA,NA,NA,NA,NA,NA,NA,NA,NA,NA,NA,NA,NA
"81","Wet_Elite","Walla_Walla",2021,98.6928104575163,NA,NA,NA,NA,NA,NA,NA,NA,NA,NA,NA,NA,NA,NA,NA,NA,NA,NA,NA
"82","Wet_Elite","Walla_Walla",2021,98.6996098829649,NA,NA,NA,NA,NA,NA,NA,NA,NA,NA,NA,NA,NA,NA,NA,NA,NA,NA,NA
"83","Wet_Elite","Walla_Walla",2021,97.8171896316507,NA,NA,NA,NA,NA,NA,NA,NA,NA,NA,NA,NA,NA,NA,NA,NA,NA,NA,NA
"84","Wet_Elite","Walla_Walla",2021,99.57805907173,NA,NA,NA,NA,NA,NA,NA,NA,NA,NA,NA,NA,NA,NA,NA,NA,NA,NA,NA
"85","Wet_Elite","Walla_Walla",2021,96.4099216710183,NA,NA,NA,NA,NA,NA,NA,NA,NA,NA,NA,NA,NA,NA,NA,NA,NA,NA,NA
"86","Wet_Elite","Walla_Walla",2021,98.2434127979925,NA,NA,NA,NA,NA,NA,NA,NA,NA,NA,NA,NA,NA,NA,NA,NA,NA,NA,NA
"87","Wet_Elite","Walla_Walla",2021,97.7747808496291,NA,NA,NA,NA,NA,NA,NA,NA,NA,NA,NA,NA,NA,NA,NA,NA,NA,NA,NA
"88","Wet_Elite","Walla_Walla",2021,98.8439306358381,NA,NA,NA,NA,NA,NA,NA,NA,NA,NA,NA,NA,NA,NA,NA,NA,NA,NA,NA
"89","Wet_Elite","Walla_Walla",2021,95.2203600248293,NA,NA,NA,NA,NA,NA,NA,NA,NA,NA,NA,NA,NA,NA,NA,NA,NA,NA,NA
"9","Wet_Elite","Walla_Walla",2021,98.252688172043,NA,NA,NA,NA,NA,NA,NA,NA,NA,NA,NA,NA,NA,NA,NA,NA,NA,NA,NA
"90","Wet_Elite","Walla_Walla",2021,99.8659517426273,NA,NA,NA,NA,NA,NA,NA,NA,NA,NA,NA,NA,NA,NA,NA,NA,NA,NA,NA
"91","Wet_Elite","Walla_Walla",2021,99.656121045392,NA,NA,NA,NA,NA,NA,NA,NA,NA,NA,NA,NA,NA,NA,NA,NA,NA,NA,NA
"92","Wet_Elite","Walla_Walla",2021,99.7997329773031,NA,NA,NA,NA,NA,NA,NA,NA,NA,NA,NA,NA,NA,NA,NA,NA,NA,NA,NA
"93","Wet_Elite","Walla_Walla",2021,96.1659333752357,NA,NA,NA,NA,NA,NA,NA,NA,NA,NA,NA,NA,NA,NA,NA,NA,NA,NA,NA
"94","Wet_Elite","Walla_Walla",2021,98.9231873653984,NA,NA,NA,NA,NA,NA,NA,NA,NA,NA,NA,NA,NA,NA,NA,NA,NA,NA,NA
"95","Wet_Elite","Walla_Walla",2021,99.4342291371994,NA,NA,NA,NA,NA,NA,NA,NA,NA,NA,NA,NA,NA,NA,NA,NA,NA,NA,NA
"96","Wet_Elite","Walla_Walla",2021,99.8587570621469,NA,NA,NA,NA,NA,NA,NA,NA,NA,NA,NA,NA,NA,NA,NA,NA,NA,NA,NA
"97","Wet_Elite","Walla_Walla",2021,98.6534372785259,NA,NA,NA,NA,NA,NA,NA,NA,NA,NA,NA,NA,NA,NA,NA,NA,NA,NA,NA
"98","Wet_Elite","Walla_Walla",2021,93.9086294416244,NA,NA,NA,NA,NA,NA,NA,NA,NA,NA,NA,NA,NA,NA,NA,NA,NA,NA,NA
"99","Wet_Elite","Walla_Walla",2021,98.7749838813669,NA,NA,NA,NA,NA,NA,NA,NA,NA,NA,NA,NA,NA,NA,NA,NA,NA,NA,NA
