Plot_ID,Trial,Loc,Year,%.Can.Cover_168,NDVI_168,GNDVI_168,SR_168,NDRE1_168,NDRE2_168,TCARI_168,SAVI_168,NWI1_168,NWI2_168,MTVI_168,ChlRE_168,BLU_168,GRN_168,RED_168,RE1_168,RE2_168,NIR_168,X900_168,X975_168
301,21_Wet_Elites,Farmington,2021,91.09405883,0.285417806,0.25353848,1.819112488,0.181352715,0.0791615,25.20926121,0.388336916,-0.045659719,0.086631966,0.043287015,0.444373048,27.24498793,40.51205849,37.83859072,47.28837032,58.26792107,68.38965265,89.06901784,81.13453769
302,21_Wet_Elites,Farmington,2021,53.89685476,0.246865229,0.221464953,1.667449381,0.171617667,0.074381456,18.45100508,0.274097465,-0.024278054,0.108120857,0.025287668,0.415200139,22.67293774,33.89985912,32.15856073,37.66662284,45.90578684,53.33438497,69.48152648,66.11443606
303,21_Wet_Elites,Farmington,2021,92.01830766,0.34167748,0.301771482,2.057393459,0.19883486,0.089820533,33.68184554,0.490919013,-0.037828239,0.102179662,0.062686919,0.497787514,27.40634758,40.86901346,37.39873126,51.0776435,63.86388368,76.5753069,101.2625216,93.73721048
304,21_Wet_Elites,Farmington,2021,85.73133681,0.295359989,0.256848139,1.867450841,0.179384303,0.081927313,28.80238309,0.35284218,-0.022433416,0.107530752,0.040449599,0.438972049,24.8230907,36.73050879,33.85866973,43.37354718,52.89734427,62.42015973,80.87694866,77.18140514
305,21_Wet_Elites,Farmington,2021,80.41086664,0.214015114,0.175432185,1.552405707,0.160771188,0.072408419,14.47004558,0.049038323,-0.002076171,0.130644514,0.001548981,0.384323759,5.204977839,7.38316948,6.824941708,7.625047412,9.117054289,10.54486856,13.7587969,13.69553111
306,21_Wet_Elites,Farmington,2021,69.36183395,0.190035707,0.151272952,1.472208678,0.137836618,0.061894685,14.73059839,0.007586245,0.014261115,0.135426083,0.000266383,0.320249799,0.914562313,1.331736037,1.230745287,1.371383483,1.598478318,1.809700615,2.308396053,2.374507801
307,21_Wet_Elites,Farmington,2021,61.36856636,0.201751774,0.165907103,1.512088816,0.154675781,0.069196733,12.56653883,0.049022026,0.000469264,0.130299146,0.001254751,0.366774404,5.274321239,7.648618171,7.109138772,7.838793858,9.317946253,10.70913993,13.8931579,13.89985971
308,21_Wet_Elites,Farmington,2021,74.34340932,0.258005147,0.223234369,1.712828445,0.158832035,0.074235655,26.56228011,0.23428107,-0.010712059,0.111977136,0.026893301,0.378850914,20.42169682,30.23404636,28.10819754,34.64386224,41.14168535,47.79606429,61.07622049,59.7042265
309,21_Wet_Elites,Farmington,2021,96.19036316,0.263017534,0.226193766,1.73330353,0.177044737,0.081713522,21.26494623,0.28716589,-0.021629819,0.112112547,0.023990123,0.431861454,22.8836786,33.41205565,30.95070005,37.08963217,45.01195719,53.06654821,69.30984228,66.31989083
310,21_Wet_Elites,Farmington,2021,79.97393056,0.281615529,0.242064336,1.80510679,0.172765809,0.080242187,27.8609503,0.350069229,-0.021202037,0.107956876,0.038533036,0.419026541,26.497587,39.16633337,36.01380516,45.4258086,54.85375161,64.51547064,83.47372847,79.89034677
311,21_Wet_Elites,Farmington,2021,15.34364038,0.259897465,0.226233802,1.718210542,0.169725962,0.078847881,22.98846772,0.305441448,-0.012576752,0.118648551,0.030219388,0.410093884,25.22542679,37.2708132,34.74141054,41.97890258,50.49177707,59.18129471,76.96105247,74.99516143
312,21_Wet_Elites,Farmington,2021,2.673093777,0.303792675,0.264298997,1.899451561,0.17458868,0.081448101,32.88050002,0.397582091,-0.02320015,0.104922829,0.051719965,0.424587393,27.44780441,41.16697097,37.8229308,49.85717234,60.28653047,71.08777844,91.78222486,87.48340673
313,21_Wet_Elites,Farmington,2021,16.27316578,0.342088994,0.299297283,2.067850303,0.186148216,0.087653959,39.0325876,0.449247114,-0.043379967,0.085012726,0.063578923,0.459497103,26.92013523,40.25417549,36.65337411,51.31345699,62.73173008,74.86513254,96.72433738,88.56480051
314,21_Wet_Elites,Farmington,2021,60.77940651,0.314550179,0.273023296,1.952410962,0.173517385,0.081041024,36.53522758,0.370723751,-0.030051656,0.09592569,0.051223497,0.421915492,25.09374557,37.71990702,34.50730882,46.7166739,56.39868795,66.4598057,85.39578226,80.25422645
315,21_Wet_Elites,Farmington,2021,73.10693483,0.281960371,0.246906468,1.805038758,0.184550392,0.084500675,24.00221838,0.350535989,-0.042134971,0.094541232,0.034246517,0.454022496,25.40533516,37.78444747,35.07581293,43.14225039,52.90990231,62.73906875,82.45848083,75.7021867
316,21_Wet_Elites,Farmington,2021,83.21513002,0.319007034,0.278713588,1.96600544,0.185506766,0.086167517,33.75035288,0.450049035,-0.034893679,0.099180124,0.056771397,0.457296012,28.84232089,43.67662493,40.00765099,53.3734031,65.40056456,77.85062858,101.7879844,94.77176268
317,21_Wet_Elites,Farmington,2021,78.67874756,0.253513917,0.215026466,1.692145402,0.180912133,0.083729205,18.62676839,0.278585044,-0.035901003,0.105292913,0.016882055,0.44296499,23.4876141,34.27748936,31.62241107,36.83093113,44.89508189,53.13754447,70.48962459,65.55076981
318,21_Wet_Elites,Farmington,2021,87.60026738,0.329221538,0.279616667,1.998907876,0.18179513,0.088903272,40.33934783,0.482120215,-0.044700548,0.08186901,0.062653809,0.44549506,32.59971085,48.78364413,43.74669447,60.15762028,72.7350682,87.01983309,112.0299663,102.323786
319,21_Wet_Elites,Farmington,2021,87.89658014,0.261594391,0.22446891,1.724579932,0.179134494,0.086058511,21.1189682,0.320119756,-0.03550345,0.10368389,0.024847622,0.437524916,25.6917759,38.55322467,35.65963534,42.42162816,51.29037083,60.99774957,80.5977399,74.99046242
320,21_Wet_Elites,Farmington,2021,78.88074617,0.246076914,0.211655485,1.666408725,0.17782631,0.082435735,17.53657487,0.235834093,-0.023983742,0.117497181,0.014604563,0.43380294,20.65588047,30.23890934,28.15457338,32.45910816,39.42383378,46.54419555,61.80221412,58.84417564
321,21_Wet_Elites,Farmington,2021,83.23397914,0.266920307,0.231930477,1.744456044,0.183030254,0.083959631,21.05345387,0.312062715,-0.02879998,0.108720374,0.025501741,0.449235864,24.80694065,36.14650576,33.58329197,40.08224613,49.05450715,58.08928271,76.50797271,72.13995468
322,21_Wet_Elites,Farmington,2021,94.42848348,0.274360536,0.239697855,1.775347907,0.170865658,0.079026309,25.83688547,0.348255259,-0.022556759,0.107025341,0.039338413,0.413341346,25.96816505,39.39885242,36.63278563,45.5895531,54.9381455,64.41213868,83.454474,79.6826502
323,21_Wet_Elites,Farmington,2021,73.57846356,0.32454529,0.279548308,1.997730037,0.177264544,0.082164847,36.43929009,0.424329863,-0.027804299,0.099694773,0.057813474,0.432509238,26.65803422,39.62420897,35.91626542,49.46879656,60.07020099,70.98619248,91.47419671,86.31013235
324,21_Wet_Elites,Farmington,2021,97.99401198,0.282412214,0.244237877,1.810880254,0.167275239,0.077633629,28.55967923,0.325111495,-0.024632477,0.10420139,0.039823158,0.403192684,23.65438915,35.72527935,32.96517374,42.01238834,50.4126081,58.96383129,76.27230674,72.49781721
325,21_Wet_Elites,Farmington,2021,81.92806604,0.323284136,0.282792643,1.977794288,0.181180197,0.085469648,35.42471995,0.463819039,-0.033953159,0.094562307,0.063557977,0.444264057,29.36883509,43.97767551,40.30170512,54.64761485,66.38256497,78.84019682,101.875423,95.1187416
326,21_Wet_Elites,Farmington,2021,90.11994949,0.352562703,0.309792083,2.117040632,0.193396975,0.09144981,39.46931942,0.507487461,-0.036687463,0.095653086,0.07065898,0.481254226,29.30745165,43.21908452,39.27680879,55.60659713,68.53641534,82.45611925,107.4240661,99.63851219
327,21_Wet_Elites,Farmington,2021,80.31430068,0.270158237,0.234772936,1.75949564,0.174461809,0.080099221,23.22905715,0.33247148,-0.017530195,0.11812175,0.033274248,0.42377727,24.84365703,36.98433964,34.32886481,42.03755157,50.95492731,59.90278494,78.5631091,75.74165143
328,21_Wet_Elites,Farmington,2021,73.1501658,0.244200706,0.208944618,1.661848719,0.169165086,0.078003614,19.07408237,0.218448231,-0.013934344,0.117675174,0.016138496,0.408348614,19.21923089,27.98048158,26.00958243,30.44907777,36.65003331,42.8962611,55.81762608,54.21791442
329,21_Wet_Elites,Farmington,2021,64.16723472,0.29493289,0.251966296,1.868264957,0.173273634,0.080528834,31.55667863,0.287493282,-0.01533424,0.111886587,0.033720854,0.420940926,21.41479322,31.10944276,28.38527893,36.87337012,44.5605033,52.46861891,67.64384889,65.4211992
330,21_Wet_Elites,Farmington,2021,78.27521725,0.207741817,0.171546625,1.530411048,0.15600281,0.07118776,14.08013868,0.06884745,0.004862308,0.132520326,0.002432612,0.370462916,7.522242652,10.7704178,10.00441352,11.13456225,13.21565744,15.24578672,19.69896329,19.88129906
331,21_Wet_Elites,Farmington,2021,84.97971844,0.197194808,0.166079948,1.496085068,0.154615862,0.069213179,11.43177825,0.050189206,0.002854334,0.133528042,0.001371538,0.366487212,5.526782129,8.045700386,7.552838735,8.252412373,9.807354347,11.26974368,14.64244959,14.72207237
332,21_Wet_Elites,Farmington,2021,87.52070026,0.212027448,0.174066093,1.545682757,0.153731833,0.070242237,15.14315356,0.061898979,0.002838319,0.132543939,0.002797937,0.364149527,6.324105646,9.151725124,8.470001661,9.55665657,11.31505805,13.03400609,16.90379407,16.98853911
333,21_Wet_Elites,Farmington,2021,77.0695553,0.251867294,0.214507449,1.694294054,0.170061711,0.07731292,21.24886403,0.132806981,-0.005922336,0.122688599,0.010514741,0.411292544,11.72414471,16.85575425,15.60535756,18.55508361,22.39623022,26.17199248,33.83713711,33.39030267
334,21_Wet_Elites,Farmington,2021,96.03519444,0.23596831,0.20635171,1.631988915,0.164196654,0.0738858,19.34013886,0.162645412,-0.002309923,0.123180839,0.0133917,0.394183128,16.06106997,23.15010865,21.79360336,25.30781152,30.3823377,35.24466399,45.29666064,45.05461604
335,21_Wet_Elites,Farmington,2021,96.34116792,0.248069009,0.221794575,1.671464417,0.171248858,0.074454827,18.88353943,0.305862952,-0.017069187,0.115031606,0.028482781,0.414337259,25.0401067,37.61134523,35.6172548,41.86929901,50.97524434,59.24651089,77.1009501,74.42455905
336,21_Wet_Elites,Farmington,2021,82.4028691,0.215406179,0.192851956,1.557994086,0.170336562,0.071114064,10.38507165,0.173308613,-0.024738485,0.119205287,0.008331552,0.411563602,15.52023952,23.11547208,22.0886694,24.22234056,29.62418374,34.1881534,45.58626377,43.34971701
337,21_Wet_Elites,Farmington,2021,59.8964513,0.298646143,0.265847571,1.868312611,0.18701932,0.08254343,26.62449022,0.410445461,-0.044383389,0.089402269,0.047413964,0.461350996,26.96825583,40.13110055,37.3890738,47.51292318,58.8104239,69.47723218,90.73546864,82.89968411
338,21_Wet_Elites,Farmington,2021,65.24752475,0.225435542,0.199356255,1.592273361,0.166697928,0.072303618,15.25449286,0.181331897,-0.003275727,0.122550277,0.012128585,0.401022856,17.65808188,25.67627151,24.34304245,27.53493313,33.34242436,38.5678155,49.58060276,49.21992884
339,21_Wet_Elites,Farmington,2021,22.19171243,0.307070112,0.265974206,1.923828661,0.181043432,0.081526935,30.96497576,0.327764941,-0.009408304,0.120399776,0.039108521,0.444110626,21.92229748,32.05735523,29.35714572,38.63120485,47.31280648,55.82565369,72.24392373,70.70404062
340,21_Wet_Elites,Farmington,2021,17.04498556,0.241860461,0.204011951,1.656693632,0.156890046,0.071740711,22.22484013,0.138853674,-0.002982952,0.125656114,0.012453373,0.373233658,12.67573894,18.61757873,17.22163491,20.58993825,24.46431159,28.27512491,36.57828555,36.29839373
341,21_Wet_Elites,Farmington,2021,19.55164947,0.230862975,0.194296222,1.615615955,0.152181275,0.069948217,20.37102336,0.148154265,-0.003326068,0.127641661,0.012651843,0.360005696,14.10026576,20.75471202,19.26077239,22.67035618,26.77557692,30.82881422,40.07502065,39.76590645
342,21_Wet_Elites,Farmington,2021,35.30235816,0.255111958,0.218145089,1.702193705,0.161835347,0.074679684,23.96617707,0.243911166,-0.012820038,0.117354042,0.024661903,0.387143593,20.51358431,30.44752737,28.19434432,34.32187633,40.97034704,47.64002396,61.7848114,60.11823965
343,21_Wet_Elites,Farmington,2021,46.13888571,0.17610345,0.143008376,1.428706573,0.149222907,0.067336893,7.805119644,0.019266134,0.00295574,0.137310889,-0.000356794,0.351213653,2.352956095,3.417038803,3.195323215,3.378486261,3.985710811,4.561849943,5.971202274,6.007009592
344,21_Wet_Elites,Farmington,2021,82.55731506,0.256355993,0.214208466,1.710269017,0.164719906,0.076155952,23.80867663,0.117476779,-0.008056547,0.12032539,0.010252455,0.395773851,10.16541859,14.62485201,13.39510384,16.26666278,19.47988743,22.72748807,29.38189681,28.84961108
345,21_Wet_Elites,Farmington,2021,53.85507246,0.233449284,0.193580487,1.626321818,0.149331468,0.068737254,22.33792185,0.060146847,-0.001241122,0.123979748,0.00532761,0.352161521,5.77732564,8.445196536,7.779469111,9.284748984,10.93121873,12.55849069,16.1367033,16.07134103
346,21_Wet_Elites,Farmington,2021,71.45962395,0.24523995,0.212412144,1.663991694,0.165906196,0.076328372,20.00026245,0.245921383,-0.011890545,0.122958203,0.021404467,0.398818334,21.20038498,31.39581413,29.33657884,34.63158408,41.54412748,48.46118018,63.45040308,61.8855994
347,21_Wet_Elites,Farmington,2021,38.43637184,0.359911452,0.314922897,2.160298572,0.193693885,0.091119868,40.42696706,0.49343186,-0.031107695,0.102695158,0.069545365,0.482257771,27.03986301,40.30474313,36.43186825,52.49862537,64.79134534,77.93059554,101.7910427,95.40953682
348,21_Wet_Elites,Farmington,2021,42.96784192,0.275478857,0.240772874,1.779267358,0.179259662,0.083076271,23.63772142,0.345860238,-0.02357288,0.112574996,0.034349733,0.437971849,25.6262406,37.96241288,35.27605176,43.30034835,52.67795099,62.29240908,81.78062486,77.89272465
349,21_Wet_Elites,Farmington,2021,64.00976909,0.287848152,0.2514213,1.824853982,0.173862132,0.080822628,28.91826999,0.374780665,-0.026237265,0.104306634,0.045200492,0.422120057,27.32450349,40.68706185,37.64925111,47.99989518,58.00123711,68.26568764,88.59301167,83.94828428
350,21_Wet_Elites,Farmington,2021,7.328137722,0.282190842,0.241277499,1.812888005,0.173956641,0.080294022,27.15629669,0.286849459,-0.025239925,0.105262497,0.030317937,0.422687051,21.42745953,31.44500865,28.83498464,36.33683795,43.98140849,51.74022353,67.14871404,63.70671679
351,21_Wet_Elites,Farmington,2021,30.68043742,0.326415118,0.286592562,1.995434085,0.194245219,0.090265561,31.52237354,0.456778714,-0.036270878,0.10265599,0.055189226,0.483786958,27.70387502,40.77010744,37.36537508,49.71477613,61.50774719,73.80018828,97.45576194,90.47060197
352,21_Wet_Elites,Farmington,2021,17.24934037,0.316377634,0.277783097,1.950523559,0.181466313,0.084851543,34.04875772,0.441727279,-0.028088636,0.104163759,0.058487663,0.44465677,28.22936077,43.25436054,39.77548822,53.17893864,64.77593386,76.88760375,100.1606275,94.50050237
353,21_Wet_Elites,Farmington,2021,67.1418637,0.296707443,0.25754584,1.867748002,0.189976665,0.089039334,25.98226596,0.389164815,-0.028668372,0.112663057,0.038462647,0.470459312,26.46193886,39.33488064,36.17523384,45.42275758,55.82962123,66.81580947,88.66264218,83.59198928
354,21_Wet_Elites,Farmington,2021,91.76551883,0.275308825,0.234997048,1.77579453,0.168753686,0.082596092,29.60716177,0.370732343,-0.028137361,0.100934717,0.040426378,0.407084831,30.04709901,45.98745585,42.21554982,52.95031249,63.11413031,74.57130749,96.49901911,91.0674228
355,21_Wet_Elites,Farmington,2021,84.06016665,0.243535343,0.207733476,1.654930991,0.175598293,0.084134272,17.69491303,0.292127909,-0.020973564,0.117859865,0.017472884,0.426756922,25.35259167,37.95761188,35.23876297,40.64837704,48.9620951,57.99590063,76.58859251,73.34897801
356,21_Wet_Elites,Farmington,2021,87.15844044,0.269493445,0.234760468,1.756060003,0.187841051,0.087256444,19.95831707,0.334125994,-0.03023943,0.114123198,0.025630545,0.464026827,25.04498933,37.10381571,34.49922583,41.03018592,50.36599802,60.05053802,80.1541921,75.31262247
357,21_Wet_Elites,Farmington,2021,68.05370617,0.35715348,0.312518956,2.149446342,0.197625602,0.092063114,38.3498934,0.517071341,-0.038728902,0.099713994,0.069339491,0.494633489,27.8663627,42.20513222,38.2129551,54.20452967,67.28390865,81.0683927,106.8791676,98.64317587
358,21_Wet_Elites,Farmington,2021,93.68535001,0.32184835,0.282200486,1.979388331,0.1852257,0.086227494,33.59138383,0.44224689,-0.035111577,0.101724103,0.057335596,0.456415671,27.18395264,41.2131056,37.81703881,50.874788,62.27585458,74.15270589,97.43139598,90.57048385
359,21_Wet_Elites,Farmington,2021,93.45338983,0.290533412,0.251014602,1.843427866,0.168601143,0.078379544,30.92634141,0.304269762,-0.017607822,0.114726373,0.038517448,0.406916789,21.96195033,32.874887,30.22692447,39.20656674,47.09431954,55.17317901,71.86542726,69.24963875
360,21_Wet_Elites,Farmington,2021,87.81472684,0.268481607,0.232127672,1.754811653,0.165687908,0.077049844,26.48719231,0.282201211,-0.018954515,0.112774094,0.031617821,0.398437114,22.75138951,33.6700125,31.21027406,38.78955063,46.43468905,54.24741406,70.55793575,67.81463171
361,21_Wet_Elites,Farmington,2021,83.0195178,0.300714518,0.261333834,1.884896982,0.17907982,0.083440459,30.36512585,0.391864265,-0.027791706,0.106674698,0.046996949,0.437695191,27.0301831,39.90185699,36.65339327,47.61445157,57.8802437,68.52178219,89.64617898,84.61725917
362,21_Wet_Elites,Farmington,2021,96.91011236,0.310137075,0.272306653,1.930357599,0.196005221,0.090456768,25.74945386,0.425481719,-0.032094763,0.114945354,0.04460516,0.489614775,25.73467428,38.05582515,35.0849818,44.84616144,55.63029227,66.77540398,89.58931258,83.89092665
363,21_Wet_Elites,Farmington,2021,91.98242072,0.232813343,0.19960867,1.61753856,0.164828799,0.07603309,17.79540089,0.194452408,-0.015256648,0.122328974,0.013418989,0.39550367,18.40343819,26.65266063,24.88085369,28.70813517,34.38261961,40.0834648,52.76981496,51.13438119
364,21_Wet_Elites,Farmington,2021,70.10624008,0.230016606,0.188855607,1.608283538,0.15715465,0.072442311,19.68495285,0.048072935,-0.00277411,0.128189242,0.003101913,0.37398919,4.821322821,6.862100542,6.304344629,7.343427664,8.716589918,10.08586048,13.11037791,13.02535813
365,21_Wet_Elites,Farmington,2021,70.36347712,0.230595625,0.191693169,1.613573278,0.161241158,0.073930775,17.7481512,0.082175931,-0.006239967,0.131723038,0.004970855,0.385616662,7.749270025,11.12749266,10.27174396,11.8759871,14.17512968,16.45288939,21.69304266,21.3994889
366,21_Wet_Elites,Farmington,2021,87.23404255,0.241496419,0.207610425,1.649992403,0.157485403,0.072753205,22.02523509,0.231767789,-0.009157506,0.122922734,0.022373768,0.374737405,20.9138292,31.07241023,28.97089805,34.58375924,41.06787216,47.57468745,61.93459607,60.71616098
367,21_Wet_Elites,Farmington,2021,91.87527939,0.256611026,0.223761987,1.704788395,0.182548131,0.08272178,17.4299417,0.298845914,-0.027511007,0.12236703,0.021391821,0.447749493,22.90868084,33.50149122,31.28309918,36.59822516,44.83164225,52.96035301,71.47187941,67.56461886
368,21_Wet_Elites,Farmington,2021,55.92200289,0.229164899,0.197729196,1.607576888,0.156534493,0.072080291,18.62319054,0.152828214,-0.014576688,0.122292971,0.012824512,0.372112676,14.43445152,21.29060818,19.96323487,23.21932833,27.55625134,31.86394593,41.90557218,40.64935716
369,21_Wet_Elites,Farmington,2021,13.99295549,0.245841652,0.211138363,1.666965349,0.170034277,0.07762456,19.13715487,0.246596664,-0.020063532,0.120675498,0.01873492,0.410785457,21.30569299,31.06347625,28.90654425,33.91878993,40.92495189,47.85765042,63.41593708,60.83528262
370,21_Wet_Elites,Farmington,2021,23.86416862,0.265185468,0.227800114,1.746143949,0.16584344,0.074813593,25.35595337,0.20078449,-0.00286032,0.128448064,0.0211288,0.398986726,16.43872003,24.04607721,22.24859311,27.45500793,33.02288945,38.40426831,49.92991301,49.54637828
371,21_Wet_Elites,Farmington,2021,64.25045154,0.239584146,0.20826677,1.64457868,0.169128247,0.073348024,17.56250084,0.136176598,-0.003194024,0.125860217,0.010123923,0.408205735,11.91344154,17.43215678,16.35508762,18.97698481,23.03058585,26.6915112,34.52266251,34.26442432
372,21_Wet_Elites,Farmington,2021,78.00042185,0.301368172,0.265725707,1.882385321,0.18730316,0.082921523,27.97910954,0.385923041,-0.035552366,0.097178973,0.043751119,0.462252647,26.26006494,38.2407363,35.41085383,45.3168053,56.08312253,66.33412529,86.40290526,80.29611633
373,21_Wet_Elites,Farmington,2021,44.65205414,0.274271475,0.240175134,1.772389684,0.17877379,0.078792878,23.66399075,0.329406591,-0.02828417,0.103948284,0.032919035,0.436531575,25.21046371,36.69733443,34.14371115,41.81483521,51.25538946,60.07929429,78.2433368,73.85705282
374,21_Wet_Elites,Farmington,2021,67.16504404,0.232609914,0.201958445,1.618948094,0.179193467,0.078690358,13.58342519,0.149861704,-0.013475569,0.127851659,0.006503009,0.437801588,13.9653183,19.89121437,18.68775806,20.8940917,25.61549681,30.0100339,39.80152068,38.69770876
375,21_Wet_Elites,Farmington,2021,50.68902159,0.295429004,0.255833123,1.868386033,0.177703311,0.080279912,29.23679801,0.358975851,-0.024329213,0.117099724,0.041544472,0.433879184,25.23460759,37.04849136,34.05370222,43.89325347,53.51599883,62.96212037,83.46400868,79.31281214
376,21_Wet_Elites,Farmington,2021,38.06213339,0.291456875,0.252547223,1.847167643,0.166338791,0.076866544,31.79321689,0.352961267,-0.02887954,0.111549258,0.046688204,0.400496923,25.21668453,38.10173006,35.09364499,45.82405321,54.950836,64.18958811,84.94349903,80.01918775
377,21_Wet_Elites,Farmington,2021,43.14333413,0.23292804,0.196710917,1.619676342,0.160705752,0.073805193,18.60418952,0.237733556,-0.024861893,0.117889846,0.016988453,0.383764847,21.793428,32.08716935,29.77114713,34.66108581,41.34852975,48.00119483,63.8548837,60.65711426
378,21_Wet_Elites,Farmington,2021,81.34789323,0.271187842,0.236531382,1.763727994,0.172113644,0.078523105,24.40055838,0.337378225,-0.02757115,0.119241534,0.035932421,0.416879652,25.24346019,37.67202562,35.01862886,43.28078901,52.35852141,61.36949757,82.28232185,77.71547881
379,21_Wet_Elites,Farmington,2021,81.0661544,0.237126922,0.205220554,1.634836833,0.175021135,0.07888361,14.85065089,0.240648342,-0.026340637,0.127295003,0.013785212,0.425256027,20.2146048,29.61999753,27.7316941,31.59310399,38.40783965,45.02188503,61.24569375,58.03301978
380,21_Wet_Elites,Farmington,2021,68.34157057,0.260626144,0.219877231,1.724336039,0.162006259,0.074995671,25.79208721,0.220904924,-0.016689899,0.120872645,0.022397107,0.387803799,18.82343085,27.43738015,25.20747964,31.04403899,37.03441625,43.07881502,56.72585946,54.77982503
381,21_Wet_Elites,Farmington,2021,83.2972973,0.215434509,0.177465753,1.557327811,0.153546529,0.070243001,16.96412442,0.062088934,-0.00636299,0.129793201,0.00325329,0.363385552,6.638415118,9.499018982,8.785224538,10.0016042,11.8386554,13.63458867,17.91711847,17.67771595
382,21_Wet_Elites,Farmington,2021,67.9743224,0.269747774,0.232157032,1.758046905,0.170894334,0.078753293,24.37853347,0.252109375,-0.018628474,0.12168568,0.025729874,0.413411046,19.20732245,28.54365215,26.37937944,32.51350277,39.21124328,45.96421005,60.85924015,58.54232547
383,21_Wet_Elites,Farmington,2021,56.7423231,0.317899024,0.275453273,1.958908233,0.184934027,0.085778573,32.1929291,0.410555864,-0.036645797,0.106966815,0.050526279,0.455099136,25.73826589,38.05069138,34.68712601,46.30955253,56.71530863,67.47693118,89.87150121,83.33502559
384,21_Wet_Elites,Farmington,2021,19.29643042,0.258865934,0.219313185,1.719517141,0.169700722,0.077092778,21.76782527,0.167202013,-0.016456298,0.127202704,0.014398647,0.410234515,13.43312933,19.5119985,17.97793147,21.69249883,26.17372222,30.58120335,40.74225766,39.36438119
385,21_Wet_Elites,Farmington,2021,62.57805531,0.299457383,0.26067298,1.879749703,0.177764581,0.082325976,30.40331635,0.384738372,-0.035590553,0.105754635,0.046822698,0.433882904,26.69244805,39.42974261,36.28300988,47.12130087,57.2428752,67.60382814,89.64328597,83.31553261
386,21_Wet_Elites,Farmington,2021,86.46164321,0.27539868,0.237727059,1.782719445,0.167874859,0.076766953,26.68646844,0.296725203,-0.02623082,0.114405732,0.03384446,0.404806399,22.30402877,33.35460232,30.81609744,38.66072045,46.5263343,54.32552318,71.97224799,68.16466532
387,21_Wet_Elites,Farmington,2021,43.2536623,0.28858672,0.253066233,1.829155282,0.180946949,0.082766807,25.96767223,0.390234439,-0.035195272,0.109691126,0.04318638,0.442805431,26.71801175,39.94079022,37.01170113,46.62551821,56.96506347,67.32879702,89.93574276,83.66032605
388,21_Wet_Elites,Farmington,2021,86.00739993,0.332805375,0.289576833,2.024586269,0.191108545,0.088856926,35.04616138,0.442018315,-0.041293825,0.098569168,0.05584685,0.474068074,26.78196382,39.93941389,36.32454889,49.42175082,60.92023804,72.91461486,96.41531549,88.54677578
389,21_Wet_Elites,Farmington,2021,72.13504517,0.315366816,0.273995019,1.947748137,0.184401078,0.086406671,32.7450288,0.411245164,-0.033216185,0.103246626,0.050741089,0.453960829,26.2760728,40.16549648,36.76382904,48.66259955,59.39758613,70.70500261,92.82709174,86.6724551
390,21_Wet_Elites,Farmington,2021,90.53913945,0.249862783,0.209757311,1.679589549,0.170983314,0.081520839,20.756654,0.273000147,-0.015143335,0.120311873,0.019309912,0.413438165,23.27863146,35.18705219,32.37865172,38.20848029,45.82444601,54.00865909,70.82174523,68.59614742
391,21_Wet_Elites,Farmington,2021,88.90467973,0.269876351,0.232109425,1.753864391,0.184976789,0.088298601,21.55256845,0.362031935,-0.021778495,0.118529093,0.028140671,0.454971138,27.54172293,41.40262213,38.23418183,45.81272547,55.79876407,66.6635611,88.27788403,84.39153122
392,21_Wet_Elites,Farmington,2021,87.29055055,0.357043071,0.311362078,2.158307171,0.19831953,0.092542803,38.11790745,0.484165137,-0.037867543,0.10316127,0.063669851,0.497522476,25.95277683,39.83965182,36.06284252,50.95942238,63.23029976,76.24074443,100.9945034,93.3620699
393,21_Wet_Elites,Farmington,2021,90.77181208,0.358483701,0.313956919,2.148237315,0.2003076,0.093258241,39.44627973,0.518667806,-0.044013112,0.10065833,0.068663014,0.502665307,29.4461804,43.46704031,39.34855396,55.70769568,69.37283714,83.76501172,111.7958401,102.1325464
394,21_Wet_Elites,Farmington,2021,96.83625481,0.329908261,0.291030353,2.010902135,0.196470753,0.090465355,31.35711878,0.458839565,-0.045780329,0.108750158,0.055949433,0.490887153,27.14637179,40.00770073,36.76360904,49.01341133,60.8598691,73.04328256,99.50294887,90.63673072
395,21_Wet_Elites,Farmington,2021,93.11564305,0.272700939,0.238487933,1.770785489,0.18157749,0.082606912,21.64044291,0.312292614,-0.035195023,0.121853986,0.02883004,0.445261257,22.80914914,33.67624038,31.34443048,38.00636336,46.48200756,54.90847375,75.17032489,69.95631875
396,21_Wet_Elites,Farmington,2021,76.68726524,0.267985886,0.230262461,1.752199591,0.175773959,0.080260476,23.38233652,0.298886162,-0.033816586,0.115127487,0.027105889,0.427959472,24.14857535,34.74668309,32.09751703,39.04627475,47.41859483,55.75260154,75.10182401,70.06918096
397,21_Wet_Elites,Farmington,2021,74.67084639,0.24585255,0.207331067,1.668576512,0.162686646,0.073907816,21.455958,0.154485128,-0.022704077,0.122561159,0.012865244,0.389757426,13.87292907,20.05324955,18.51254356,22.03361561,26.38134711,30.61494147,40.95323092,39.09290463
398,21_Wet_Elites,Farmington,2021,42.07132018,0.302114221,0.261549372,1.896034417,0.178746254,0.082568158,30.62795866,0.38007769,-0.044454523,0.10477364,0.045543603,0.437297835,26.13711206,38.48402058,35.29588132,45.99217731,55.94351801,66.11379068,89.05660507,81.27802416
399,21_Wet_Elites,Farmington,2021,84.22040636,0.229574315,0.19423169,1.608365034,0.168364654,0.076004753,15.57001973,0.115666897,-0.02367375,0.128406389,0.005906562,0.405881331,10.86738072,15.6184849,14.52340311,16.49563719,19.89966525,23.19107448,31.45523197,29.96832194
400,21_Wet_Elites,Farmington,2021,33.73988649,0.226868459,0.1891041,1.600010779,0.155584526,0.07036688,19.0337427,0.06476208,-0.015540461,0.131205016,0.004447604,0.369546416,6.53238682,9.312421377,8.618574399,10.00874397,11.89460411,13.70558614,18.38707749,17.80060645
401,21_Wet_Elites,Farmington,2021,19.11266413,0.242186572,0.205623997,1.654844525,0.183505878,0.082847864,14.6130016,0.158583023,-0.038405587,0.126317208,0.006255697,0.450889145,13.82770947,19.57030838,18.16106113,20.55241304,25.21023049,29.7875336,41.39725415,38.28011047
402,21_Wet_Elites,Farmington,2021,43.85496608,0.286213531,0.250010426,1.82239957,0.182546919,0.08359122,25.15084863,0.330860217,-0.043080937,0.115975541,0.03432885,0.447898573,23.37557989,34.45498684,31.90191226,39.8156299,48.71872292,57.67710498,79.30040599,72.60018451
403,21_Wet_Elites,Farmington,2021,77.39960569,0.248179296,0.217206344,1.672934082,0.183090418,0.082143183,14.9142179,0.29234226,-0.042429267,0.123845981,0.017945927,0.449292101,22.52932229,33.07459278,31.01375595,35.5517286,43.65129679,51.49667709,71.85479938,65.93025481
404,21_Wet_Elites,Farmington,2021,78.90763766,0.233531117,0.199036681,1.62173805,0.162571462,0.074092047,18.05408923,0.191338831,-0.028757387,0.125102154,0.013812672,0.389148049,17.60240495,25.62345428,23.86534549,27.68340849,33.12705129,38.4657597,52.3369355,49.3436541
405,21_Wet_Elites,Farmington,2021,54.86348123,0.232050273,0.198112882,1.615921854,0.157659805,0.071496916,19.07894582,0.218291184,-0.024190198,0.125305976,0.017778761,0.375191221,20.18055088,29.76296688,27.75212125,32.4259586,38.60487556,44.58053933,60.12864895,57.23343844
406,21_Wet_Elites,Farmington,2021,62.98822071,0.31285715,0.273754578,1.936430209,0.184756399,0.083543364,31.06443165,0.418468235,-0.036714862,0.11579278,0.051548544,0.454656793,26.72354545,39.66681697,36.45233673,48.08047717,59.10159826,69.97837868,94.88483369,88.00497707
407,21_Wet_Elites,Farmington,2021,89.54761905,0.24332639,0.21255937,1.658623262,0.181636421,0.079297653,15.06885254,0.221300167,-0.027894906,0.124925982,0.012432696,0.44515738,18.95104044,27.16770785,25.49901166,29.0304612,35.73815094,41.92502845,56.92733446,53.76682194
408,21_Wet_Elites,Farmington,2021,60.90799031,0.260259022,0.228297189,1.723128359,0.175428367,0.076892485,20.87120937,0.269600064,-0.025052734,0.112558343,0.024455582,0.426762814,21.40988297,31.4793596,29.45661613,35.27396978,43.08450672,50.31174237,66.19952617,62.85578593
409,21_Wet_Elites,Farmington,2021,88.26463951,0.240721117,0.210987181,1.646768589,0.168765779,0.072997582,18.12655772,0.220630011,-0.029036856,0.114031984,0.017688146,0.40707801,19.5803543,28.56844628,26.85948779,31.23176819,37.93176926,43.94099906,58.49952255,55.13076613
410,21_Wet_Elites,Farmington,2021,82.5936997,0.294549531,0.259798236,1.852624249,0.189979126,0.083744412,24.43306369,0.388245282,-0.04507911,0.114909448,0.040225247,0.470368233,25.66076897,37.75496785,35.05581332,43.84794275,54.4433136,64.4561598,88.75826362,80.98753419
411,21_Wet_Elites,Farmington,2021,34.53820267,0.268974842,0.234181096,1.753756942,0.180116632,0.080563553,21.46382734,0.331756974,-0.047657355,0.114386237,0.029649412,0.440500318,24.92199323,36.46865217,33.89387429,40.97627393,50.17687745,59.03852917,81.63849783,74.08200357
412,21_Wet_Elites,Farmington,2021,66.79720964,0.203378253,0.175447266,1.516485845,0.148633806,0.066878599,14.38615688,0.104902186,-0.030977117,0.129843501,0.006679392,0.349694779,11.2302963,16.60766758,15.69447953,17.58307684,20.74168653,23.7298415,32.73652499,30.74396768
413,21_Wet_Elites,Farmington,2021,91.2818252,0.220885962,0.18989716,1.574705904,0.156178275,0.07137789,16.97915487,0.220366887,-0.036132739,0.120736668,0.01594876,0.370802172,22.06448707,32.17425043,30.18033373,34.53108028,41.00962152,47.34083246,64.83460732,60.2564382
414,21_Wet_Elites,Farmington,2021,72.01176471,0.285694626,0.249784535,1.818818784,0.175763011,0.080455644,27.27113995,0.389528841,-0.051853755,0.111226521,0.044917768,0.427688608,27.75579019,41.46653067,38.41987862,48.63383598,59.04126535,69.46683267,96.2137916,86.53378214
415,21_Wet_Elites,Farmington,2021,84.82660822,0.247503355,0.217152179,1.674328015,0.18086963,0.081268005,15.79770332,0.266112249,-0.045996594,0.127458302,0.017294131,0.442975044,21.41821593,31.24798819,29.34416536,33.77696345,41.35522825,48.70917944,68.9328107,62.78567669
416,21_Wet_Elites,Farmington,2021,66.47863084,0.286142368,0.247839747,1.827064402,0.187173209,0.085005711,23.52264038,0.362470785,-0.056075693,0.112771988,0.033454234,0.462169464,25.3350623,36.86844888,33.99715844,42.03653209,51.7699348,61.47093602,86.18056938,76.83973101
417,21_Wet_Elites,Farmington,2021,70.44380403,0.274108717,0.235868696,1.779051011,0.171566773,0.078080473,25.1976087,0.272158138,-0.036432523,0.123620807,0.028466842,0.415452144,20.67406886,30.25634856,27.91546058,34.69722831,41.97023737,49.15159467,67.72173273,62.8200735
418,21_Wet_Elites,Farmington,2021,91.52157456,0.27433346,0.238189361,1.77850241,0.180334137,0.082632243,22.84556809,0.288605496,-0.04689732,0.115247869,0.026849491,0.441446738,21.52892644,31.34538842,29.04587341,35.51691329,43.33227835,51.20599946,70.80211366,64.32317958
419,21_Wet_Elites,Farmington,2021,57.01213024,0.368678695,0.325099267,2.213918894,0.193485641,0.090643802,42.45160301,0.50413299,-0.063582713,0.094735127,0.074777424,0.482676495,27.14576577,40.52579867,36.81268136,53.90729492,66.49095623,79.84754523,109.5274117,96.2162101
420,21_Wet_Elites,Farmington,2021,58.16132859,0.290946349,0.251504266,1.852477005,0.176469263,0.081057325,28.74075955,0.247780251,-0.038794162,0.118619108,0.028027061,0.430489573,18.13785626,26.50097323,24.38921242,31.14068327,37.802419,44.52030281,60.99722666,56.32163992
421,21_Wet_Elites,Farmington,2021,86.70680871,0.297747077,0.256809581,1.881041869,0.178246237,0.082150126,29.96982757,0.258690308,-0.044163868,0.110477403,0.029756147,0.435664262,18.55664905,26.92486362,24.66410759,31.86203004,38.76729849,45.77136388,62.37142483,56.96106448
422,21_Wet_Elites,Farmington,2021,84.85322023,0.351176914,0.308113397,2.122443047,0.191388309,0.089469223,39.91651004,0.4549562,-0.057153846,0.097450978,0.063414995,0.475604573,26.47023428,39.30909184,35.71463966,50.67124373,62.44419815,74.86605185,101.9671636,90.65050782
423,21_Wet_Elites,Farmington,2021,98.5840708,0.295118939,0.260478402,1.856681644,0.187704737,0.086142052,25.66203213,0.374004099,-0.047199006,0.110129685,0.040350703,0.463589314,24.96252504,37.18455599,34.53826148,43.45571214,53.450483,63.59414811,87.11533756,79.11035676
424,21_Wet_Elites,Farmington,2021,95.91361697,0.361709223,0.316606518,2.159235118,0.205800657,0.094799301,37.00204064,0.532672693,-0.047277215,0.102258923,0.067779932,0.519588849,28.08944851,41.84523039,37.80920193,53.35127799,67.00158726,81.16271107,109.3998297,99.27882205
425,21_Wet_Elites,Farmington,2021,89.81517892,0.340133924,0.297594209,2.059316636,0.197614799,0.092264463,34.97410126,0.487372009,-0.039921165,0.102193465,0.060512623,0.494157669,28.04971291,42.65427427,38.82636031,52.96398137,65.74144373,79.22875149,105.2821882,96.93873796
426,21_Wet_Elites,Farmington,2021,92.57834491,0.292628811,0.252549425,1.847565653,0.195845765,0.093204107,23.8947335,0.404628395,-0.025560233,0.11738378,0.033938834,0.488387882,27.8274702,41.57116049,38.1605758,46.95410892,57.9214536,69.90057772,93.05354201,88.26167711
