Plot_ID,Trial,Loc,Year,%.Can.Cover_154,NDVI_154,GNDVI_154,SR_154,NDRE1_154,NDRE2_154,TCARI_154,SAVI_154,NWI1_154,NWI2_154,MTVI_154,ChlRE_154,BLU_154,GRN_154,RED_154,RE1_154,RE2_154,NIR_154,X900_154,X975_154
10401,2021_SWW_VT,Harrington,2021,67.19826738,0.210059729,0.201869613,1.539249695,0.136213195,0.055628649,20.13849617,0.210932754,-0.012988868,0.082743027,0.031987476,0.316276823,25.2179062,35.72341907,35.16335072,40.9201747,48.15379497,53.87721572,65.27261204,63.44536392
10402,2021_SWW_VT,Harrington,2021,56.69305189,0.218384388,0.210393988,1.567567901,0.145576327,0.061416383,20.58467713,0.230240841,-0.014955742,0.083383554,0.032557713,0.341930221,27.24520176,38.51322689,37.96618231,44.15982426,52.3445251,59.27618369,72.18611391,69.71244655
10403,2021_SWW_VT,Harrington,2021,70.25710947,0.231432016,0.218762969,1.61333307,0.145358105,0.061482515,24.67619156,0.284549527,-0.009434544,0.086877242,0.042782953,0.341992432,32.59518727,45.50442153,44.4825894,53.11822508,62.928154,71.34207894,86.49440045,84.31843472
10404,2021_SWW_VT,Harrington,2021,17.21510218,0.197126315,0.189539922,1.496087418,0.143112352,0.058959735,14.55834796,0.172878283,-0.004789165,0.093206987,0.020022118,0.336347374,22.23217108,31.4611404,31.09228733,34.6898544,41.08550961,46.32238108,56.30577305,55.39252793
10405,2021_SWW_VT,Harrington,2021,43.25852947,0.201391877,0.194002114,1.509894819,0.13896331,0.05767562,17.74857407,0.187549955,-0.009189857,0.085734911,0.025088609,0.324360125,24.59005766,34.78009913,34.36774738,39.04841751,45.98820884,51.70642796,62.48803422,61.00422953
10406,2021_SWW_VT,Harrington,2021,15.83593894,0.206606185,0.199327294,1.527408302,0.142290236,0.059539136,18.5875293,0.187721465,-0.010543573,0.084137047,0.025082792,0.333139312,24.08614451,34.02550008,33.61177393,38.40902964,45.36824478,51.1878107,61.85479434,60.23682938
10407,2021_SWW_VT,Harrington,2021,19.15869981,0.194826695,0.186301479,1.488304349,0.148392762,0.060144909,12.06554449,0.139830646,-0.010955317,0.089712563,0.01339486,0.350824577,17.51658013,24.75036213,24.38903051,26.78529736,31.99532922,36.15057378,44.20523448,43.03168745
10408,2021_SWW_VT,Harrington,2021,9.209367846,0.195449932,0.189980652,1.490516693,0.143974377,0.06038364,14.73917316,0.142770441,-0.003547747,0.091589475,0.016437697,0.337915441,19.59233586,27.49768304,27.27340783,30.31645224,35.86742625,40.5277461,49.03186444,48.44963733
10409,2021_SWW_VT,Harrington,2021,26.67872939,0.192834723,0.182617819,1.481917492,0.141451537,0.057489216,14.12829403,0.113907307,0.002734752,0.09762486,0.012020695,0.331173613,15.28502752,21.35905805,20.9682243,23.26389675,27.56365896,30.97818613,37.46101736,37.49669182
10410,2021_SWW_VT,Harrington,2021,70.54447075,0.249882796,0.239246442,1.687103935,0.139794714,0.058418421,32.51226358,0.277452389,-0.021940748,0.066965738,0.051294517,0.326447554,28.81127747,41.67961467,40.84859969,51.49855629,60.72697595,68.41844795,81.7434624,77.75713972
10411,2021_SWW_VT,Harrington,2021,82.26527571,0.207479454,0.198573084,1.533010536,0.140274934,0.057777088,18.71333438,0.129368011,-0.010771774,0.079542623,0.017584236,0.32788011,16.13871556,22.87913488,22.52317616,25.82402518,30.4994665,34.28966011,41.09594488,40.02944375
10412,2021_SWW_VT,Harrington,2021,58.69489153,0.193678741,0.189865639,1.485581623,0.146522352,0.060277888,12.80523853,0.103912297,-0.011805276,0.082822095,0.011359536,0.345036437,13.61843693,19.40484823,19.30299174,21.25507958,25.27420052,28.53773699,34.49478969,33.55237373
10413,2021_SWW_VT,Harrington,2021,62.31454006,0.193500047,0.187108339,1.48416363,0.147719864,0.059569986,12.10823012,0.123954404,-0.005335237,0.092245299,0.012370883,0.348586599,15.96779855,22.41647,22.18074115,24.34869774,29.0795928,32.80616505,39.87823944,39.27244491
10414,2021_SWW_VT,Harrington,2021,60.79408455,0.210660543,0.201990003,1.541890246,0.143298742,0.058666422,19.22664758,0.199436042,-0.006538028,0.087532053,0.026777188,0.336172613,24.9563189,35.16366013,34.64369605,39.79833211,47.2075785,53.19108147,64.20505959,62.98596465
10415,2021_SWW_VT,Harrington,2021,48.04211912,0.251394355,0.24074751,1.692179369,0.141653274,0.059081171,32.33230176,0.290590084,-0.017370239,0.073290245,0.053115628,0.331624953,30.39544991,43.47324218,42.62724308,53.64297649,63.40382315,71.53069004,85.75956261,82.33109103
10416,2021_SWW_VT,Harrington,2021,48.87716911,0.200517669,0.194524792,1.50754418,0.140507018,0.057305931,17.01525803,0.15746824,-0.00566002,0.084393227,0.020713012,0.328542361,20.80696537,29.30422784,29.03324124,32.82806626,38.8104321,43.59071497,52.1991558,51.34824897
10417,2021_SWW_VT,Harrington,2021,39.53260337,0.18527955,0.177835789,1.458902438,0.145036788,0.057671435,10.65047028,0.04854152,-0.002289868,0.094002599,0.004245414,0.34101758,6.320012189,8.888285101,8.765429337,9.533973829,11.36247747,12.75963321,15.47949101,15.36676631
10418,2021_SWW_VT,Harrington,2021,74.27530493,0.185614107,0.178160655,1.458671049,0.145070256,0.056896848,10.3320868,0.081137209,-0.010056366,0.086850425,0.007182284,0.340970963,10.2276836,14.41526006,14.21160521,15.45196618,18.45483954,20.69661266,25.13022394,24.56887856
10419,2021_SWW_VT,Harrington,2021,41.7236206,0.194760056,0.18440458,1.48851348,0.141425785,0.05550636,14.16752555,0.11381969,-0.005378802,0.084593962,0.012367414,0.331064073,14.46546327,20.22283852,19.84288329,22.12921451,26.31733982,29.45392577,35.26841408,34.7294228
10420,2021_SWW_VT,Harrington,2021,35.90499845,0.182453141,0.176710697,1.44851703,0.134680682,0.052777099,12.81053892,0.067602264,0.00129162,0.088710039,0.007840367,0.312925141,9.280909918,13.13250434,12.99963567,14.32976051,16.90114385,18.80673054,22.40814081,22.39279292
10421,2021_SWW_VT,Harrington,2021,42.87596772,0.181079029,0.179095014,1.444200574,0.141106583,0.055750107,10.62332278,0.067909523,-0.010225534,0.081851866,0.007087525,0.32953173,9.341166654,13.18252798,13.1416027,14.27107708,16.947126,18.95553534,22.79908471,22.29472724
10422,2021_SWW_VT,Harrington,2021,63.3462909,0.216927038,0.213975077,1.561752325,0.15004539,0.060863395,17.47677541,0.232359115,-0.031297107,0.067835786,0.032458883,0.354019333,25.82584097,36.72611003,36.55497792,41.97270965,50.25807557,56.81435638,69.29341624,64.88767453
10423,2021_SWW_VT,Harrington,2021,77.32460813,0.192643492,0.187866385,1.481276556,0.150048971,0.060552192,11.69032386,0.129699201,-0.010378554,0.08385735,0.012424495,0.354682458,17.59533174,24.37661988,24.19610374,26.40620893,31.62439623,35.73643158,43.17100258,42.08720541
10424,2021_SWW_VT,Harrington,2021,52.54709255,0.207217211,0.205756794,1.52906912,0.148935782,0.06077199,15.80005251,0.229984684,-0.0312623,0.067959009,0.030160233,0.350911396,28.18755995,39.69861175,39.64826511,44.72391235,53.4359224,60.39282671,73.66607088,69.01488748
10425,2021_SWW_VT,Harrington,2021,17.53791546,0.195340824,0.193603112,1.489424221,0.134876447,0.055197931,17.91438209,0.153277636,-0.012208664,0.072980544,0.022670902,0.312777541,21.73918293,30.66127499,30.61701729,34.67591048,40.70406362,45.50562362,53.94390951,52.43324675
10426,2021_SWW_VT,Harrington,2021,29.26502595,0.180957529,0.177508876,1.443749328,0.138402205,0.054912728,11.53327962,0.100578188,-0.004894853,0.084002595,0.01091159,0.322909915,14.43845076,20.31556238,20.22293886,22.04095325,26.0710491,29.14467267,34.77401774,34.27972807
10427,2021_SWW_VT,Harrington,2021,39.11776945,0.19066248,0.188511731,1.474604063,0.138412558,0.056132304,15.09088167,0.126690143,-0.008952492,0.077531671,0.01641135,0.322328918,17.93747066,25.36618573,25.32026131,28.19802876,33.26076881,37.24993875,44.27458715,43.28545863
10428,2021_SWW_VT,Harrington,2021,24.79871176,0.200233991,0.193179753,1.506299187,0.129966445,0.053185864,22.19964419,0.149550232,-0.005850385,0.073408212,0.023270117,0.299910216,21.801009,30.59346222,30.22954703,34.9535852,40.80181282,45.45409886,53.25863977,52.3798199
10429,2021_SWW_VT,Harrington,2021,25.10027444,0.178752956,0.174921169,1.438096694,0.144065279,0.055929163,8.86843326,0.041694267,0.003322543,0.100971565,0.00361074,0.338657745,5.726110742,8.067400859,8.019467695,8.600716562,10.27101696,11.50048476,13.989641,14.03075022
10430,2021_SWW_VT,Harrington,2021,71.68625861,0.189406928,0.188086354,1.470738367,0.140879736,0.055494345,12.59591048,0.103209266,-0.00750068,0.087872025,0.012724237,0.329809268,13.27126927,19.1316004,19.12435915,21.10250176,25.05689394,28.03341562,33.92303146,33.27286025
10431,2021_SWW_VT,Harrington,2021,45.05565068,0.204177257,0.203670371,1.520681608,0.145486398,0.058968073,15.44653358,0.168887727,-0.027215831,0.070869478,0.023086549,0.341405225,20.29063191,29.1124145,29.13371797,32.85625339,39.11228818,44.04190318,53.60855656,50.60792145
10432,2021_SWW_VT,Harrington,2021,74.26900585,0.190533898,0.181476553,1.47419699,0.145674988,0.058163476,12.60527283,0.091369673,-0.011140448,0.080853614,0.008452281,0.342303368,12.47779637,17.43420169,17.14492237,18.80057564,22.42691201,25.22397467,30.34179572,29.54046066
10433,2021_SWW_VT,Harrington,2021,52.4943076,0.191404087,0.185211443,1.477299598,0.141388066,0.056433979,13.75419161,0.086394237,-0.005347164,0.085887081,0.009741293,0.330425917,11.54783712,16.39216288,16.21784223,17.95715404,21.30820585,23.87752674,28.67484274,28.25729119
10434,2021_SWW_VT,Harrington,2021,37.19695221,0.193779048,0.184373373,1.485064142,0.146908785,0.058159551,12.31136954,0.124005577,0.000750812,0.098074999,0.011761698,0.346220389,15.77967842,22.06772243,21.7020356,23.87117022,28.55513633,32.14554122,39.07011796,38.89202259
10435,2021_SWW_VT,Harrington,2021,44.45873526,0.205033443,0.197903868,1.523159012,0.150044803,0.060388426,14.47469019,0.154858022,-0.010987719,0.085755691,0.017340604,0.35444371,18.48834602,26.24386431,25.93963398,29.02027129,34.77306039,39.30631189,47.75457377,46.40564432
10436,2021_SWW_VT,Harrington,2021,49.95836803,0.216782523,0.20749526,1.562843965,0.152335982,0.061534434,16.73318104,0.183609976,-0.006997629,0.095212793,0.022191481,0.361500079,20.37087596,28.59476093,28.1555903,32.16019623,38.62158916,43.78115228,53.71533419,52.60165526
10437,2021_SWW_VT,Harrington,2021,15.61330561,0.220011028,0.213346219,1.57494464,0.157264722,0.06358869,15.94561758,0.230938948,-0.026887025,0.074737175,0.027540167,0.374299834,25.24825381,35.24154192,34.82254128,39.59588233,47.86838035,54.43901678,66.78982111,63.01558561
10438,2021_SWW_VT,Harrington,2021,36.47058824,0.194379123,0.190037975,1.487381067,0.149138983,0.059606696,11.9537427,0.099980812,-0.011491157,0.081742357,0.010227424,0.351916121,12.74859493,18.03387161,17.91104034,19.64840878,23.53082743,26.54520274,32.01349899,31.1486547
10439,2021_SWW_VT,Harrington,2021,55.35569927,0.204017131,0.191244396,1.518850748,0.142713462,0.057099397,17.00314626,0.145478914,-0.003991603,0.085731603,0.016864173,0.334311045,18.34543004,25.66430423,25.06873742,28.41234712,33.77271265,37.93616825,45.4304078,44.77462744
10440,2021_SWW_VT,Harrington,2021,32.09245244,0.21057556,0.202706285,1.543059022,0.14913738,0.060083188,16.07116494,0.164918072,-0.024075977,0.072193736,0.019986354,0.351748011,19.12185477,26.84055394,26.46295851,30.02705693,35.937804,40.5794522,49.23631191,46.69808013
10441,2021_SWW_VT,Harrington,2021,30.20664506,0.189823969,0.183894201,1.4722534,0.148150762,0.059459573,11.12977011,0.084142999,-0.012788816,0.083370932,0.007732665,0.348579431,11.07719758,15.54496061,15.38285125,16.75328055,20.03405971,22.58365328,27.39970625,26.60834904
10442,2021_SWW_VT,Harrington,2021,42.83524904,0.195176744,0.186454367,1.490267725,0.141899574,0.056026806,14.16215589,0.110778345,-0.013794247,0.076905635,0.012413466,0.332283712,14.02963316,19.78715178,19.48443632,21.72665021,25.82965472,28.93761883,34.70549335,33.59083069
10443,2021_SWW_VT,Harrington,2021,50.55143373,0.18318496,0.176117847,1.451065151,0.142841119,0.057172776,11.14407164,0.05934356,-0.014993253,0.077506855,0.005362911,0.334541099,8.384253484,11.65856768,11.50624202,12.49969554,14.85829927,16.67471416,20.07810404,19.42067293
10444,2021_SWW_VT,Harrington,2021,34.42568686,0.183805741,0.180682137,1.453103993,0.140007477,0.056315015,12.01281088,0.0986421,-0.021971494,0.068206961,0.01082713,0.326528652,13.92514454,19.5564181,19.46938459,21.29611296,25.19980463,28.22608798,33.81338271,32.25541701
10445,2021_SWW_VT,Harrington,2021,47.72178115,0.176959393,0.170027744,1.432045076,0.130706148,0.050718202,11.30133029,0.04375505,0.002855608,0.096410882,0.004976356,0.303197267,5.80183392,8.14844388,8.049211115,8.833617594,10.37683129,11.50318178,13.85650914,13.89538568
10446,2021_SWW_VT,Harrington,2021,52.41896855,0.206310647,0.198749605,1.527409214,0.1461919,0.058759631,15.84722538,0.169928771,-0.023960726,0.070474561,0.020828462,0.343587985,20.33974559,28.45416069,28.06495737,31.75277929,37.87963665,42.65242436,51.54313885,48.96224962
10447,2021_SWW_VT,Harrington,2021,29.66824645,0.180257715,0.176439558,1.442094238,0.136054953,0.054406115,11.84119711,0.074967331,-0.005055749,0.083234349,0.008457321,0.316823048,10.69563389,15.02697302,14.94001376,16.33437859,19.26262402,21.51470737,25.6554131,25.29744818
10448,2021_SWW_VT,Harrington,2021,37.98975037,0.200237157,0.191630537,1.507536808,0.153425148,0.06168143,12.01861271,0.132254713,-0.018096719,0.079670917,0.012194605,0.364785602,16.0926424,22.38791302,22.05288685,24.25546577,29.19710864,33.10239465,40.25311875,38.61265277
10449,2021_SWW_VT,Harrington,2021,21.68083715,0.214263276,0.206014254,1.553484934,0.147736303,0.059944388,17.95990635,0.191500095,-0.019752088,0.076233162,0.024892016,0.348026621,22.69466548,31.67327545,31.19900587,35.73730364,42.68873296,48.19601261,58.43126435,55.94599925
10450,2021_SWW_VT,Harrington,2021,35.91433278,0.217930375,0.213115504,1.566254781,0.135241806,0.055970107,24.41714726,0.223867543,-0.023130992,0.062306226,0.038463348,0.313782635,27.47616185,39.37378435,39.08214217,46.38445575,54.42390266,60.97058866,72.34302013,68.73945334
10451,2021_SWW_VT,Harrington,2021,16.55504036,0.212300756,0.209276173,1.545935873,0.140280617,0.057264039,20.14827936,0.246311544,-0.026665162,0.06547927,0.038523728,0.327333803,30.08755986,42.55083459,42.3683376,49.14848176,58.10913821,65.24123494,78.4515904,74.12692558
10452,2021_SWW_VT,Harrington,2021,55.12712578,0.181798093,0.173407253,1.446811793,0.14053301,0.054457691,10.46884629,0.092990453,-0.005696323,0.093329422,0.008530119,0.329921064,12.16685784,16.98138422,16.72751557,18.20413297,21.63751281,24.15959666,29.43804799,29.00190312
10453,2021_SWW_VT,Harrington,2021,27.83361682,0.177036604,0.171839519,1.431720226,0.141603881,0.054970691,9.116369109,0.041438192,-0.007105386,0.084290888,0.003543878,0.330820207,5.58033868,7.885903549,7.809704938,8.398295886,10.00264814,11.1734913,13.4201196,13.20315494
10454,2021_SWW_VT,Harrington,2021,44.21255418,0.215564146,0.209152397,1.558271474,0.138761781,0.056106716,20.90449364,0.189110232,-0.022675484,0.069790727,0.029662919,0.32312739,22.10618813,31.21427767,30.85831283,36.1401478,42.69585682,47.8160687,57.5395649,54.8475538
10455,2021_SWW_VT,Harrington,2021,59.81129058,0.216801725,0.209274014,1.563045494,0.152158272,0.061114963,17.01990604,0.199383546,-0.015455453,0.083007608,0.024901096,0.360503834,22.871553,31.8644454,31.44776275,35.88741969,43.14443477,48.83758841,59.50941881,57.43617515
10456,2021_SWW_VT,Harrington,2021,68.721038,0.20035637,0.18918967,1.507192855,0.146151811,0.057041155,14.33168417,0.122094239,-0.005097241,0.089088616,0.012751577,0.34408379,14.99354297,20.91977486,20.49504005,22.90325387,27.41939886,30.79480861,37.18494542,36.61253659
10457,2021_SWW_VT,Harrington,2021,77.62900065,0.197100515,0.192350972,1.496104572,0.144743294,0.057713159,14.21342789,0.15807441,-0.01884497,0.07195572,0.018558905,0.339582142,20.45886609,28.66708033,28.45575429,31.68723604,37.75559357,42.4239955,50.89171217,48.79364078
10458,2021_SWW_VT,Harrington,2021,34.24541128,0.210434321,0.209181044,1.539275301,0.14648361,0.059493836,17.11924063,0.216269922,-0.026618448,0.070154283,0.030874292,0.344294913,25.78687948,36.47932986,36.45321627,41.56404703,49.54116196,55.85778072,67.78882463,64.08894268
10459,2021_SWW_VT,Harrington,2021,15.66924067,0.182117948,0.180396089,1.447988892,0.133487981,0.052865763,13.28589566,0.074093198,-0.005189081,0.082393377,0.009566218,0.309637931,10.50092149,14.83065748,14.7992481,16.34918301,19.22819051,21.39244926,25.48869003,25.16340628
10460,2021_SWW_VT,Harrington,2021,58.70597871,0.201311801,0.191177211,1.509512175,0.13316543,0.054508706,20.82300489,0.157010554,-0.007436408,0.076309709,0.022242961,0.308451002,22.08222518,30.75851644,30.20456761,34.76519275,40.7559581,45.55216337,53.84497567,52.75121856
10461,2021_SWW_VT,Harrington,2021,61.54927103,0.20857417,0.202617013,1.534538676,0.145175974,0.058665992,16.9664235,0.196019564,-0.013218669,0.083873775,0.025993362,0.34128462,23.57505375,33.17989659,32.87748262,37.42676447,44.55847978,50.2059101,60.94089239,59.0316597
10462,2021_SWW_VT,Harrington,2021,40.78970562,0.209892826,0.201986949,1.540064096,0.146669328,0.059667265,16.61302424,0.189355955,-0.02283365,0.07479841,0.02392304,0.345212056,22.32506803,31.22146588,30.77923064,35.01943673,41.75888514,47.12607375,57.3113341,54.52076963
10463,2021_SWW_VT,Harrington,2021,53.6722108,0.21861561,0.213986926,1.568756161,0.138769592,0.057096445,22.35859332,0.204672436,-0.023456463,0.067229832,0.033690008,0.323305368,23.94290366,34.0991092,33.84222342,39.92602516,47.0708952,52.82132329,63.33682191,60.22720485
10464,2021_SWW_VT,Harrington,2021,68.77384196,0.221084076,0.217096766,1.576781509,0.129543621,0.053910791,27.60202947,0.229103968,-0.022059116,0.061917152,0.043729372,0.298562957,28.03620325,40.4553741,40.2185097,48.62295398,56.62464897,63.16561256,74.69296283,71.16212128
10465,2021_SWW_VT,Harrington,2021,27.22587524,0.201329077,0.193593376,1.510629055,0.138526877,0.057094539,17.89672083,0.164148475,-0.012343387,0.07902393,0.021895899,0.322654046,21.53896201,30.32031983,29.92432871,34.05278587,40.11864109,45.0307923,54.07901957,52.51430469
10466,2021_SWW_VT,Harrington,2021,52.17714924,0.183478776,0.176651141,1.451980067,0.134274873,0.054000871,13.73548827,0.065925995,-0.00661397,0.082676896,0.007616927,0.31114669,9.277954318,13.20159047,13.04056651,14.4148607,16.94936539,18.90772048,22.61718918,22.23236725
10467,2021_SWW_VT,Harrington,2021,62.89584477,0.1849628,0.181225329,1.456877817,0.141547084,0.057367432,11.49514961,0.097615795,-0.005845298,0.089465873,0.010439388,0.331758129,13.44044063,18.95619977,18.86396498,20.58831433,24.38542975,27.39444741,33.14611211,32.60932057
10468,2021_SWW_VT,Harrington,2021,60.37976995,0.196992321,0.195036778,1.496747356,0.136060639,0.056373865,17.32164215,0.145602018,-0.02979115,0.060026507,0.02131636,0.315900759,19.49947473,27.76590913,27.70788376,31.41192104,36.87025734,41.29669893,49.43916406,46.4411729
10469,2021_SWW_VT,Harrington,2021,62.64277275,0.187864724,0.18078505,1.466369992,0.146804399,0.059208412,10.65063475,0.092005879,-0.006857592,0.09024528,0.008216697,0.345835769,11.95700989,16.83240425,16.62843719,18.07409449,21.56564097,24.31637489,29.5487875,28.99862074
10470,2021_SWW_VT,Harrington,2021,69.31939029,0.228353777,0.222643302,1.603470366,0.133466674,0.055853484,27.98898516,0.23603014,-0.025562836,0.059513848,0.043972625,0.309079463,27.10869542,39.26256113,38.89612678,47.39767093,55.42170215,62.07935151,73.61439278,69.55048295
10471,2021_SWW_VT,Harrington,2021,54.55607477,0.18267216,0.175617801,1.44963502,0.147409252,0.059914975,9.892826474,0.058225864,-0.013556353,0.074644411,0.004447841,0.346907773,8.36169635,11.59863024,11.4491442,12.30974765,14.68358432,16.56381453,19.78232462,19.18483244
10472,2021_SWW_VT,Harrington,2021,24.04538905,0.181458492,0.179852203,1.445906151,0.150846334,0.059920155,7.781750209,0.046666576,-0.000535157,0.086111948,0.003669517,0.356437068,6.125124008,8.73929569,8.722640198,9.290436439,11.15816847,12.58908589,14.99017807,14.91666746
10473,2021_SWW_VT,Harrington,2021,35.32167958,0.203054641,0.190038876,1.516268842,0.144597132,0.057483509,16.28330794,0.131252557,0.001457269,0.087444227,0.014270879,0.339525187,16.72053566,23.32639194,22.76884447,25.65757266,30.59907604,34.39716242,40.88375975,40.75355948
10474,2021_SWW_VT,Harrington,2021,49.45394976,0.193548573,0.188927054,1.483985048,0.1367552,0.055657526,16.63067131,0.118875935,-0.009780586,0.074355654,0.015776169,0.317615181,16.77270023,23.61733601,23.44344368,26.347107,31.01212804,34.69064199,41.10910992,40.13557653
10475,2021_SWW_VT,Harrington,2021,32.78306467,0.204825468,0.200978505,1.521227585,0.13079775,0.054224404,22.19867069,0.159717813,-0.014124372,0.068778286,0.026773241,0.301762087,21.28276749,30.52575336,30.35503988,35.36731246,41.24922312,46.02639447,54.38704045,52.61599988
10476,2021_SWW_VT,Harrington,2021,69.14680735,0.180610693,0.175112176,1.442709748,0.133990728,0.054207929,13.62192354,0.064350589,-0.00448604,0.07961206,0.007347689,0.310104648,9.581857535,13.61689395,13.48675845,14.84303789,17.42497575,19.43154253,23.01306269,22.72472098
10477,2021_SWW_VT,Harrington,2021,21.33157299,0.202236041,0.196143863,1.513096475,0.145316942,0.05846519,15.55470965,0.15731091,-0.014690377,0.083138402,0.01911543,0.341102224,19.92280869,27.95766309,27.66507257,31.0850104,37.04059407,41.68425783,50.75093575,49.07305348
10478,2021_SWW_VT,Harrington,2021,41.09301951,0.192658406,0.187130137,1.48336553,0.148901869,0.058814182,11.020449,0.07279911,-0.023563791,0.078371982,0.007016746,0.351496614,8.867858591,12.54844857,12.42534381,13.59353996,16.30253986,18.35702831,22.5235143,21.41117171
10479,2021_SWW_VT,Harrington,2021,52.16498104,0.19195788,0.185893016,1.480067129,0.139549768,0.055636348,14.13789218,0.093395308,-0.005823694,0.088611989,0.011120875,0.326035181,12.30788357,17.40573537,17.23413151,19.17604859,22.70829601,25.42831611,30.7365309,30.22326047
10480,2021_SWW_VT,Harrington,2021,23.84016255,0.200784369,0.194399723,1.508458254,0.145419008,0.057439338,14.44409148,0.161038177,-0.020832926,0.079077585,0.019054581,0.341658925,19.70488512,27.63162659,27.31894556,30.58677185,36.53352341,41.03438854,50.13400713,47.90407112
10481,2021_SWW_VT,Harrington,2021,52.05431755,0.179367815,0.17544815,1.438936559,0.142407927,0.05655231,9.832846596,0.080942881,-0.005513238,0.090897237,0.00747356,0.333710404,11.63483704,16.16433311,16.06537515,17.31126914,20.58711819,23.08227581,28.00286124,27.58619585
10482,2021_SWW_VT,Harrington,2021,25.29576588,0.194563763,0.189689912,1.487585289,0.146738757,0.059222561,13.56505442,0.119553158,-0.018175402,0.07492183,0.012865731,0.345123617,16.54491618,23.02497944,22.83733386,25.1844419,30.04950787,33.86454343,40.83441779,39.22292629
10483,2021_SWW_VT,Harrington,2021,32.5621547,0.175572759,0.177837064,1.427294498,0.146212661,0.0576834,7.447886144,0.062592494,-0.008581424,0.091293023,0.005633241,0.344081997,8.675948338,12.26853357,12.34291247,13.12304615,15.67390643,17.59642002,21.48724305,21.07649786
10484,2021_SWW_VT,Harrington,2021,53.68226808,0.189614006,0.183871276,1.471680134,0.144984999,0.057280421,11.88817801,0.11544739,-0.00619293,0.089915653,0.011700593,0.341152828,15.37819661,21.6565309,21.46623409,23.49653509,28.03548218,31.50100979,38.14073208,37.48676155
10485,2021_SWW_VT,Harrington,2021,30.20238713,0.174822651,0.168792633,1.425139794,0.13887797,0.053486115,8.936488366,0.052571345,0.003439693,0.100523781,0.00462169,0.325522675,7.20685042,10.07988548,9.97618136,10.72513359,12.73749132,14.19740306,17.22616482,17.28777853
10486,2021_SWW_VT,Harrington,2021,41.11491972,0.179805717,0.172470996,1.440196352,0.138940594,0.052654263,10.2172033,0.071878485,0.003508491,0.103422123,0.006862493,0.326116693,9.453164386,13.1084278,12.93875837,14.07689938,16.73100012,18.60642037,22.70195498,22.80058443
10487,2021_SWW_VT,Harrington,2021,23.86284115,0.219443461,0.210041353,1.571375356,0.142533519,0.057048277,22.0822752,0.241593048,-0.011641985,0.078106843,0.035599124,0.334003573,29.50619264,41.10493518,40.42894203,47.35416048,56.28440776,63.2103952,75.6402552,73.51076319
10488,2021_SWW_VT,Harrington,2021,40.75021313,0.179880551,0.171745272,1.440814222,0.143387166,0.055100277,9.811090333,0.075135737,-8.78E-05,0.091708611,0.005946692,0.336484415,10.64643101,14.72339912,14.50151,15.61594984,18.66696133,20.87231845,25.0888697,25.00015874
10489,2021_SWW_VT,Harrington,2021,20.13247342,0.197444488,0.189421589,1.497321686,0.144007091,0.056657439,14.32145937,0.118383991,-0.002087506,0.091442693,0.01335443,0.33865198,15.26547081,21.23594614,20.93930984,23.33866558,27.84243391,31.24320103,37.67294526,37.34580296
10490,2021_SWW_VT,Harrington,2021,26.76527558,0.20638087,0.19983143,1.5273851,0.14574718,0.057438185,16.25170356,0.144273653,-0.014099478,0.077678932,0.018214921,0.342625895,17.42079716,24.67797332,24.40322267,27.62365786,33.01003756,37.0817197,44.59409422,43.149311
10491,2021_SWW_VT,Harrington,2021,73.6608792,0.197432576,0.1933549,1.497293279,0.139486466,0.054493285,16.36774344,0.132796196,-0.016016869,0.07220294,0.017666835,0.32505837,17.60313136,24.76430947,24.59145854,27.73378056,32.9145469,36.74103884,43.84481492,42.33088363
10492,2021_SWW_VT,Harrington,2021,27.9577856,0.200379455,0.189663457,1.507606877,0.146980478,0.056455733,14.0566214,0.109635558,-0.007335699,0.087012019,0.011342311,0.346344554,13.44665031,18.72458451,18.35427515,20.47680453,24.57879492,27.55800361,33.28681318,32.6744384
10493,2021_SWW_VT,Harrington,2021,40.12838307,0.187553017,0.18345179,1.464910145,0.144532678,0.056994999,11.93924439,0.105844856,-0.012118945,0.076034137,0.010806132,0.339001722,14.68881594,20.62438984,20.49895742,22.39919251,26.71139393,29.96376334,35.74116213,34.75371639
10494,2021_SWW_VT,Harrington,2021,46.7844523,0.183060261,0.178287411,1.450979239,0.137354878,0.05296439,12.64662881,0.070473089,-0.001352155,0.084113405,0.007872294,0.320010294,10.04129476,14.12470265,14.01687345,15.38769353,18.24186293,20.31293352,24.09182794,23.92510583
10495,2021_SWW_VT,Harrington,2021,45.00681332,0.200992998,0.197350258,1.50978467,0.145881513,0.058127441,15.09046231,0.150181069,-0.010225297,0.081654189,0.01863036,0.343301359,19.5713315,27.37315197,27.260059,30.49321985,36.38411158,40.93454129,49.18172418,47.96028015
10496,2021_SWW_VT,Harrington,2021,36.62363456,0.191024763,0.186272822,1.475562098,0.147503068,0.056832838,11.11860577,0.108886808,-0.008688904,0.087979364,0.010923713,0.348474428,13.88141657,19.40936248,19.26301954,21.04986496,25.2675553,28.35167743,34.39020603,33.67095677
10497,2021_SWW_VT,Harrington,2021,37.76626367,0.206139099,0.201168914,1.52543976,0.149975314,0.059177235,14.494903,0.17358909,-0.025954163,0.072125151,0.020680275,0.354022611,20.46684367,28.62736856,28.38040599,31.84876164,38.25998404,43.10917413,52.46310308,49.65724209
10498,2021_SWW_VT,Harrington,2021,25.76258728,0.195887685,0.191099514,1.492642728,0.148398322,0.057513581,11.87363156,0.130617952,-0.010869664,0.088150361,0.013855108,0.350363409,15.59892933,22.25091254,22.09220432,24.33349569,29.22628839,32.84906248,40.03393502,38.97130983
10499,2021_SWW_VT,Harrington,2021,50,0.206370221,0.202461469,1.527121282,0.147854772,0.058959281,15.89697177,0.196685089,-0.014241125,0.083426643,0.025013897,0.34871677,24.32558229,34.1436003,33.9863695,38.34309287,45.84358224,51.66823957,62.77789585,60.69298103
10500,2021_SWW_VT,Harrington,2021,38.15580286,0.205505554,0.205363676,1.523478897,0.147174752,0.058591143,15.05107977,0.195688832,-0.028921875,0.071715454,0.026542163,0.345969193,23.00942294,32.66921802,32.71029628,36.88756142,44.09945456,49.62343974,60.67296934,57.11812521
10501,2021_SWW_VT,Harrington,2021,56.36363636,0.172875798,0.172513324,1.419099998,0.141873421,0.055380577,8.033622598,0.028650996,-0.013134808,0.082650308,0.002550072,0.33165058,4.066230863,5.743415788,5.744248532,6.124426453,7.289280567,8.147018161,9.874010438,9.599639128
10502,2021_SWW_VT,Harrington,2021,44.63757396,0.172344295,0.171519335,1.417820946,0.139002577,0.055642284,9.514393896,0.036474622,-0.011119999,0.080024327,0.003456563,0.323733084,5.781589908,8.12137535,8.119132742,8.692809074,10.28191836,11.50283789,13.81135869,13.46470593
10503,2021_SWW_VT,Harrington,2021,63.78010664,0.196876133,0.198008514,1.495489057,0.143259037,0.057178668,14.03573385,0.146307875,-0.024736534,0.073644601,0.019724428,0.335324704,18.23375368,26.04781558,26.150922,29.19938328,34.71918946,38.94907738,47.43588922,45.01877021
10504,2021_SWW_VT,Harrington,2021,63.73075546,0.217329602,0.211175373,1.563632502,0.140393944,0.055984467,21.22065724,0.192707989,-0.026413243,0.067415495,0.030064431,0.327398357,22.54240457,31.89602795,31.53322903,36.95177906,43.81806278,49.05457005,59.20495497,56.01843796
10505,2021_SWW_VT,Harrington,2021,11.09321882,0.1937702,0.188816557,1.485271764,0.150205472,0.058834722,11.38107111,0.112947127,-0.008387556,0.087729046,0.010944497,0.354981897,14.07692072,19.96439195,19.81351213,21.68245753,26.04704196,29.32794034,35.57965626,34.8042813
10506,2021_SWW_VT,Harrington,2021,14.16070008,0.190372756,0.180695069,1.47428853,0.139404891,0.054623262,13.63250283,0.09106396,-0.004277743,0.08476115,0.009781407,0.325289457,11.88699544,16.67840982,16.3877079,18.18620755,21.56917183,24.0921545,28.81614463,28.42450171
10507,2021_SWW_VT,Harrington,2021,49.73486926,0.190040502,0.182431129,1.472553262,0.155455132,0.06179826,9.144134238,0.086165414,-0.00946714,0.08148831,0.005963198,0.36945694,11.0494814,15.4483369,15.24030803,16.36982148,19.7580833,22.37504054,26.88294252,26.2465955
10508,2021_SWW_VT,Harrington,2021,59.33333333,0.185972273,0.177760732,1.459736779,0.152645556,0.06037458,8.75346111,0.043994074,-0.004634407,0.084817382,0.002935475,0.362067306,5.790135617,8.064723499,7.946442203,8.506740365,10.24326312,11.57242745,13.85892171,13.65829555
10509,2021_SWW_VT,Harrington,2021,39.01689708,0.181219134,0.174817019,1.44457591,0.147186211,0.057402033,9.23395586,0.051871757,0.002611522,0.0849126,0.003931752,0.346375462,7.209821336,10.08959504,9.977115922,10.70145185,12.81938776,14.39506216,16.99257279,16.99960587
10510,2021_SWW_VT,Harrington,2021,32.01801802,0.182574655,0.17547246,1.449374464,0.14473812,0.057308816,10.60496541,0.043144434,-0.007355136,0.078326041,0.003591146,0.339250656,6.172641643,8.53899897,8.424779086,9.111199986,10.86625411,12.19246233,14.49577487,14.23863696
10511,2021_SWW_VT,Harrington,2021,30.3512517,0.195837389,0.186578591,1.492007149,0.144258838,0.055920584,13.81353093,0.097011718,-0.00552406,0.08346666,0.010256761,0.338515794,12.31780871,17.21924934,16.92996763,18.82422562,22.48444313,25.17355531,30.11457249,29.63633335
10512,2021_SWW_VT,Harrington,2021,15.81500647,0.187914928,0.17979956,1.466007429,0.145150374,0.056962764,12.00834495,0.071728989,-0.011103743,0.077639653,0.006515779,0.340583364,9.972405919,13.86689245,13.65834721,14.91675645,17.81551715,19.98257581,23.89077251,23.27635297
10513,2021_SWW_VT,Harrington,2021,33.15672535,0.174603904,0.172589012,1.424501431,0.145449405,0.055589217,7.30145214,0.0349972,-0.015929458,0.082498004,0.002729122,0.341774226,4.677823925,6.613621096,6.593795841,7.007493045,8.394568557,9.382947482,11.42992539,11.04686209
10514,2021_SWW_VT,Harrington,2021,25.54506438,0.177252687,0.173212364,1.432574389,0.138355443,0.054149769,10.73976223,0.057456524,-0.005320193,0.083957006,0.005673349,0.322115839,8.397083251,11.83114073,11.75125824,12.72637895,15.07425643,16.8107283,20.105965,19.82862907
10515,2021_SWW_VT,Harrington,2021,13.41915006,0.175166253,0.171970521,1.426404689,0.138695195,0.053042241,9.702776006,0.038765071,-0.000483677,0.091611889,0.003703718,0.323189486,5.545815686,7.806906398,7.765071978,8.36918009,9.944981656,11.06795801,13.3207265,13.26334663
10516,2021_SWW_VT,Harrington,2021,21.69321039,0.193088512,0.193320142,1.482239925,0.14720302,0.058148748,12.0717415,0.149047566,-0.024731569,0.072995017,0.017303207,0.34605307,19.23217951,27.11723675,27.17799101,29.87778444,35.74238705,40.1741295,48.84058856,46.36288566
10517,2021_SWW_VT,Harrington,2021,14.81221481,0.18191364,0.177577879,1.447046508,0.141813249,0.054172581,10.51495108,0.078076875,0.002045585,0.097600119,0.007674761,0.332240616,10.81808471,15.13112091,15.02811697,16.29664838,19.45144423,21.71596109,26.30372445,26.28688037
10518,2021_SWW_VT,Harrington,2021,51.66082457,0.195459262,0.194655723,1.490460556,0.142560906,0.056698225,15.17441998,0.134009228,-0.012128589,0.078401299,0.017399026,0.333470773,18.63982777,26.20238324,26.21916112,29.23092446,34.74447941,38.95045133,46.68152953,45.41101184
10519,2021_SWW_VT,Harrington,2021,28.72689584,0.233195101,0.228747043,1.619242604,0.141807494,0.056596158,26.67417744,0.259684497,-0.020697865,0.067833902,0.045585655,0.331433314,29.1363181,41.71057322,41.41230285,50.14397147,59.55519151,66.80584565,79.71135561,76.12613996
10520,2021_SWW_VT,Harrington,2021,45.8709107,0.199956511,0.19702134,1.505316889,0.149388884,0.058659433,13.69413085,0.156498716,-0.011145145,0.083324078,0.018009309,0.352728289,20.21561,28.29728594,28.20961419,31.27890106,37.55207232,42.29202478,51.0919882,49.73383636
10521,2021_SWW_VT,Harrington,2021,74.49740597,0.218901215,0.214595115,1.570809843,0.147676583,0.05803582,18.88068441,0.195124331,-0.019106415,0.075641405,0.028204687,0.347614098,21.99717956,30.95178654,30.71641182,35.58596413,42.66873774,47.98891845,58.019539,55.67432493
10522,2021_SWW_VT,Harrington,2021,52.37529691,0.213216898,0.209460359,1.549550083,0.142661741,0.055652173,19.07726172,0.216232055,-0.023537422,0.068987687,0.032428458,0.333505857,25.59461042,36.03008194,35.79304273,41.38639206,49.34619374,55.21156612,66.46008056,63.24639326
10523,2021_SWW_VT,Harrington,2021,59.6521146,0.185530557,0.18047787,1.45840157,0.151986279,0.057314276,8.241633645,0.099194601,-0.004898927,0.095690551,0.007602694,0.361494264,12.64292597,17.62634287,17.48144088,18.71385388,22.64677452,25.44158724,31.10043997,30.66837464
10524,2021_SWW_VT,Harrington,2021,67.86332861,0.203189903,0.196609852,1.515957613,0.1470087,0.056820973,14.94982893,0.139924091,-0.013763162,0.079373429,0.016499755,0.345873011,17.25261551,24.14170656,23.85757007,26.75593845,32.10877322,36.01900791,43.42828379,42.09402971
10525,2021_SWW_VT,Harrington,2021,35.79494533,0.203192564,0.193652262,1.515513325,0.138957771,0.05472383,19.30434229,0.153791465,-0.00969997,0.072743507,0.020180316,0.323963516,21.00828613,29.20384577,28.70805313,32.80822537,38.89177966,43.48298213,51.28616666,50.00348696
10526,2021_SWW_VT,Harrington,2021,46.08783443,0.174254874,0.169541892,1.423538072,0.139422701,0.052526229,9.307330524,0.051369767,-0.004468314,0.081560793,0.004484766,0.325440683,7.445187467,10.46338542,10.38004041,11.14297057,13.27679023,14.76800468,17.53881789,17.31768702
10527,2021_SWW_VT,Harrington,2021,50.63758389,0.177709679,0.170721046,1.433885096,0.142798571,0.053481645,8.97017336,0.05750033,-0.009545224,0.082173793,0.004576312,0.335251682,7.801545073,10.91562501,10.77638013,11.57305326,13.85332514,15.4349504,18.53680085,18.13019911
10528,2021_SWW_VT,Harrington,2021,19.73127186,0.183360999,0.179663595,1.451534487,0.145418648,0.055526842,9.995043478,0.080035306,-0.012116321,0.078973927,0.007378295,0.341233251,10.87472463,15.24894198,15.15143831,16.37321804,19.63426417,21.96475186,26.36842451,25.65724217
10529,2021_SWW_VT,Harrington,2021,21.66114252,0.177174241,0.175141762,1.432301805,0.147286249,0.057131678,8.155798191,0.044055877,-0.007087801,0.081190994,0.003439943,0.346474485,6.536978241,9.097900351,9.073680196,9.645853882,11.57134583,12.9844006,15.49657016,15.22793839
10530,2021_SWW_VT,Harrington,2021,29.21487603,0.195214303,0.189219941,1.489623852,0.146287077,0.055833323,12.80341786,0.143735697,-0.009125451,0.084177363,0.015472825,0.344606648,18.16108618,25.42180379,25.17413457,27.82482448,33.39248395,37.40261439,45.04079073,44.01337713
10531,2021_SWW_VT,Harrington,2021,16.64050235,0.184256074,0.178075332,1.454294556,0.144496884,0.054629619,10.41797067,0.083787762,-0.002197654,0.092230831,0.007640871,0.340095361,11.47614855,15.86642192,15.69688647,17.0145197,20.39547605,22.78629271,27.52135934,27.29898825
10532,2021_SWW_VT,Harrington,2021,49.28333006,0.200928361,0.195469868,1.508837234,0.148659529,0.057167466,13.49473572,0.136705725,-0.017712815,0.078889934,0.015404338,0.350945655,16.60055732,23.10700263,22.88852524,25.48441705,30.64433979,34.39680437,41.71956324,40.13645938
10533,2021_SWW_VT,Harrington,2021,30.43741181,0.221530891,0.218537214,1.577755597,0.143710424,0.057101793,22.35546701,0.253488369,-0.021483449,0.069749713,0.040682084,0.336683403,30.06123403,42.78780783,42.6246182,50.09200698,59.66797045,67.00369427,80.37079137,76.66150707
10534,2021_SWW_VT,Harrington,2021,45.54072354,0.203464585,0.198657108,1.518293131,0.151791019,0.058470185,13.18182971,0.148743534,-0.024895191,0.073357212,0.016376611,0.359138047,17.65598943,24.62545084,24.42575098,27.16445608,32.79540332,36.90687821,44.93285862,42.60470833
10535,2021_SWW_VT,Harrington,2021,76.55355683,0.182785131,0.179656979,1.449870171,0.139401231,0.052698166,11.66460257,0.086057292,-0.005733752,0.083582104,0.009452856,0.325444343,12.12044127,17.04895285,16.97207498,18.52795021,22.07376695,24.57315215,29.37371938,28.91326179
10536,2021_SWW_VT,Harrington,2021,48.93364929,0.190959618,0.189417303,1.475439924,0.154712352,0.059285756,9.252159027,0.08177946,-0.016132014,0.084169944,0.007195898,0.367110738,10.35755961,14.54561069,14.51795675,15.6466978,18.9682967,21.37188592,26.12584147,25.23775411
10537,2021_SWW_VT,Harrington,2021,31.50826446,0.196206907,0.193641972,1.49411685,0.151240407,0.057606607,11.35195817,0.111079738,-0.014454019,0.083812124,0.011595717,0.358090051,13.32446315,19.04523915,18.9970445,20.84106724,25.15178753,28.25865869,34.39507083,33.25314728
10538,2021_SWW_VT,Harrington,2021,28.66546978,0.190116789,0.182781341,1.472869106,0.143714048,0.055198442,12.92026835,0.107538458,-0.006028373,0.084210191,0.010892493,0.336941232,14.85357081,20.71248744,20.449099,22.47613022,26.87484912,30.06132645,36.02863822,35.40315336
10539,2021_SWW_VT,Harrington,2021,37.89695058,0.220249119,0.216139114,1.574103504,0.13944694,0.055015582,23.29123531,0.205186003,-0.019089735,0.067005751,0.034104789,0.325009982,24.31010555,34.71095386,34.47976818,40.80631268,48.37677847,54.07861845,64.24695078,61.59083403
10540,2021_SWW_VT,Harrington,2021,37.8532222,0.192258373,0.190077633,1.479516193,0.13834151,0.054305751,15.50401048,0.116006099,-0.016504151,0.071922806,0.015331461,0.321739112,16.22649557,22.78751347,22.72287076,25.40743228,30.08366455,33.55358307,40.04881396,38.6433164
10541,2021_SWW_VT,Harrington,2021,62.32775069,0.185274811,0.179277006,1.458086794,0.146554601,0.055330614,10.36617907,0.067499039,-0.002679974,0.089811302,0.005881524,0.344856246,9.051598686,12.70730576,12.5831186,13.63344454,16.36842646,18.30556106,22.03051868,21.80163745
10542,2021_SWW_VT,Harrington,2021,40.37174721,0.197557524,0.19108416,1.497595327,0.148420644,0.058086984,13.38287233,0.126303649,-0.005538693,0.085372921,0.013226244,0.349765935,16.21346976,22.63995906,22.40093411,24.80362276,29.73126554,33.42151077,40.11523761,39.45557581
10543,2021_SWW_VT,Harrington,2021,24.3858598,0.190521529,0.188662896,1.474319285,0.145178123,0.055710155,11.83518283,0.07598664,-0.017283252,0.077921875,0.0084635,0.340280539,9.631435436,13.6794057,13.64576573,14.99640999,17.94965098,20.069888,24.28527295,23.41139707
10544,2021_SWW_VT,Harrington,2021,42.78874925,0.181157183,0.174552309,1.444684579,0.157859789,0.060635205,6.102770519,0.024919267,-0.002171746,0.082398998,0.001126737,0.37594642,3.265441228,4.574620875,4.521070998,4.746066414,5.769321544,6.51431727,7.725015806,7.660526682
10545,2021_SWW_VT,Harrington,2021,26.69549833,0.189313401,0.182957208,1.47036339,0.147424538,0.057202014,11.54486781,0.075465549,-0.005748535,0.076322705,0.006933808,0.346618687,10.19821876,14.27337778,14.11908461,15.39640229,18.4553965,20.70398116,24.42579678,24.03948074
10546,2021_SWW_VT,Harrington,2021,58.71348868,0.210589451,0.207850967,1.540489394,0.153962531,0.060132509,14.40276729,0.184727012,-0.025280238,0.074204183,0.022427515,0.364994306,20.83301246,29.53389194,29.42109494,33.05741252,39.93663652,45.08013409,55.040185,52.12355965
10547,2021_SWW_VT,Harrington,2021,9.419044345,0.168727186,0.165387214,1.40673659,0.147024338,0.056152281,5.719883961,0.023741031,-0.003090541,0.086136135,0.00130517,0.345757085,3.460039787,4.829465468,4.801231713,5.022450409,6.030648658,6.750697748,8.075476288,8.005610451
10548,2021_SWW_VT,Harrington,2021,25.82726671,0.187790105,0.181726579,1.466420238,0.139737836,0.055122365,13.71351109,0.072480651,-0.005860201,0.076020836,0.00799414,0.32574267,10.17543502,14.36508198,14.21331517,15.69572889,18.60911261,20.79918091,24.52277135,24.1382764
10549,2021_SWW_VT,Harrington,2021,41.71122995,0.188846816,0.185951156,1.46897054,0.138927257,0.053891711,13.69154606,0.117707216,-0.022416425,0.06694377,0.0144547,0.323354025,15.94245398,22.5621681,22.45783931,24.88627889,29.52732041,32.90400638,39.35366464,37.52886987
10550,2021_SWW_VT,Harrington,2021,20.55141816,0.184963695,0.183698474,1.457004451,0.15201204,0.059334608,8.407743167,0.056785773,-0.016835523,0.083606342,0.004765985,0.360028251,7.338602064,10.34278835,10.33106575,11.06915312,13.334935,15.02012793,18.36826905,17.71205866
10551,2021_SWW_VT,Harrington,2021,48.22610762,0.202030227,0.194849625,1.513115157,0.156843761,0.061143031,11.46162096,0.14554543,-0.012183198,0.0877716,0.013206925,0.374794796,17.31792079,24.17224786,23.89734783,26.20931769,31.77379284,35.97147453,43.92865222,42.61266623
10552,2021_SWW_VT,Harrington,2021,38.68319382,0.194491093,0.192224998,1.488053869,0.149282849,0.058568669,11.85626093,0.112413903,-0.015890303,0.079533454,0.012047292,0.352416151,14.35522923,20.27484615,20.21537449,22.17428875,26.62670557,29.96534958,36.29443323,35.0362748
10553,2021_SWW_VT,Harrington,2021,35.84692395,0.185129262,0.180631663,1.456983125,0.149448548,0.058521761,9.443550884,0.099151895,-0.013040666,0.083343875,0.00827255,0.353296905,13.61608621,18.88317167,18.75156315,20.16617856,24.22335757,27.26884363,33.06172159,32.07339144
10554,2021_SWW_VT,Harrington,2021,28.50727501,0.187019912,0.180052582,1.463999417,0.155906367,0.05993066,7.665531678,0.079623978,-0.009734283,0.09501888,0.005100682,0.372659889,9.824778665,13.67746241,13.51390305,14.41376992,17.48158727,19.73798401,24.35115916,23.75868457
10555,2021_SWW_VT,Harrington,2021,79.09029192,0.233431649,0.225616689,1.622082306,0.160453288,0.064875274,18.85655223,0.275857178,-0.032700123,0.068423246,0.035594633,0.383783655,28.72598853,40.01050167,39.45571495,45.84887405,55.64733431,63.46294792,77.71141437,72.46596641
10556,2021_SWW_VT,Harrington,2021,38.97786575,0.191529316,0.187398456,1.477992573,0.142435219,0.055053533,13.02029234,0.111543425,-0.014160251,0.076754078,0.012897525,0.33379543,14.50212691,20.56125958,20.43158591,22.58538715,26.93147088,30.1036027,36.10154116,34.95448416
10557,2021_SWW_VT,Harrington,2021,24.15361294,0.185689359,0.18357937,1.459452248,0.145243955,0.055738105,10.10598619,0.066998004,-0.009999184,0.085924065,0.006864444,0.342280469,8.512622215,12.06190589,12.03127876,13.07650863,15.65309663,17.5201296,21.21905161,20.72764162
10558,2021_SWW_VT,Harrington,2021,61.71562083,0.204723632,0.199595894,1.521204343,0.149721669,0.059472411,14.55350306,0.188784429,-0.024232298,0.069913979,0.022155061,0.35378528,23.20850506,32.44626708,32.19702411,36.01439983,43.19320096,48.72198822,58.78390905,55.76827155
10559,2021_SWW_VT,Harrington,2021,40.30085709,0.194009757,0.184619824,1.485952456,0.144487371,0.055970665,13.06816334,0.116809332,-0.012230074,0.080605234,0.011887052,0.339630096,14.87726367,20.80244909,20.45335709,22.62798076,27.04811698,30.2985406,36.46791859,35.43476933
10560,2021_SWW_VT,Harrington,2021,32.61637239,0.190205248,0.181121494,1.473479841,0.13728336,0.052372247,14.22479042,0.092690141,-0.00793096,0.080680549,0.010619405,0.319760386,12.16832107,17.17311323,16.88563493,18.80472578,22.3224713,24.82706478,29.63754139,29.06731361
10561,2021_SWW_VT,Harrington,2021,73.52403127,0.214778884,0.205891656,1.555291751,0.140298291,0.055594873,21.50807455,0.236019622,-0.019854692,0.066856559,0.034758012,0.327897057,29.67739796,41.39160454,40.76211115,47.48810277,56.33981027,63.07789548,74.98935415,71.71101276
10562,2021_SWW_VT,Harrington,2021,41.29838986,0.188987664,0.182982239,1.469650141,0.142364981,0.054494152,11.96825316,0.116594768,-0.012161025,0.082395392,0.012408305,0.333786376,14.70698739,20.93184038,20.72166269,22.78967504,27.20691801,30.38772924,36.69905867,35.67298674
101,Dry_Elite,Harrington,2021,55.44936593,0.20516874,0.204835608,1.522509239,0.140743767,0.055436023,17.87106384,0.170022751,-0.019988813,0.069655364,0.025644694,0.328516414,21.57084666,30.42163463,30.47097258,34.79539089,41.30923605,46.20068702,55.26982374,52.90461352
102,Dry_Elite,Harrington,2021,49.95801847,0.195875592,0.195690092,1.49229418,0.143284895,0.057084108,14.33777015,0.103966158,-0.018563997,0.072800921,0.013492648,0.335186299,13.52669278,19.22355962,19.2510346,21.46217856,25.51822874,28.61732583,34.34083478,33.00902974
103,Dry_Elite,Harrington,2021,50.03970145,0.183140165,0.183877079,1.450539557,0.137915114,0.055725201,12.82195964,0.054199827,-0.015984764,0.070863404,0.006748066,0.320614146,7.771454955,11.11983027,11.15131955,12.25034759,14.44397195,16.143338,19.2012512,18.57497656
104,Dry_Elite,Harrington,2021,26.22430219,0.201729376,0.197085321,1.512072401,0.145901197,0.058380364,15.65355041,0.129433081,-0.014366141,0.075737115,0.015853644,0.342650647,16.88661319,23.66294732,23.49775412,26.36364344,31.4226575,35.33590065,42.31912298,40.99105758
105,Dry_Elite,Harrington,2021,40.21208551,0.191708718,0.187269055,1.478649031,0.150965805,0.060132024,10.88768404,0.052870311,-0.008516022,0.081526263,0.004861894,0.356748518,6.878694779,9.705129677,9.634590833,10.47836463,12.57735218,14.19618793,17.01115034,16.65923203
106,Dry_Elite,Harrington,2021,51.97126895,0.19723491,0.190669551,1.496422501,0.150571467,0.05988042,13.2666033,0.087353785,-0.012241765,0.076817102,0.008579972,0.355560661,11.63577444,16.30329713,16.11902044,17.76057052,21.30971383,24.03675036,28.74564724,27.93861058
107,Dry_Elite,Harrington,2021,40.46730488,0.198976717,0.195080458,1.503133864,0.151435726,0.058977165,13.39061837,0.075959638,-0.010910369,0.077817535,0.007993733,0.357942787,10.14142446,14.10100972,14.01846805,15.47374115,18.6353154,20.97597124,25.07471661,24.44020277
108,Dry_Elite,Harrington,2021,48.0622669,0.219588133,0.219807254,1.572054664,0.158828688,0.059384948,15.98654108,0.243219027,-0.021737559,0.077414222,0.031514416,0.378743606,27.30000474,38.40152281,38.50030594,43.69976515,53.40615578,60.20029003,73.38676222,69.9698305
109,Dry_Elite,Harrington,2021,45.46192564,0.218776293,0.220698777,1.569695796,0.161524803,0.058635229,14.77606349,0.214822727,-0.025866958,0.071490486,0.026991749,0.386477719,24.22507891,33.72325244,33.92897271,38.22403075,47.03640925,52.92937908,64.29152164,60.84722461
110,Dry_Elite,Harrington,2021,61.01179836,0.217141815,0.217118289,1.565121415,0.160480507,0.057450346,14.844475,0.178391047,-0.019836483,0.074951991,0.021710557,0.383899964,20.39936124,28.68343085,28.77388939,32.35618302,39.81308955,44.72437729,54.04424587,51.64464458
111,Dry_Elite,Harrington,2021,54.51421431,0.23492834,0.232148704,1.62746826,0.159036225,0.059940742,20.40211299,0.257574086,-0.015009813,0.082881295,0.036943865,0.379572015,27.0380253,38.22225252,38.09520297,44.65710799,54.55972727,61.60434625,74.97938038,72.3430524
112,Dry_Elite,Harrington,2021,34.61605433,0.213591302,0.206899572,1.552066008,0.150506968,0.058070408,17.87494686,0.19031026,-0.014238543,0.077602319,0.023890312,0.355700959,23.94029762,33.03817167,32.68918613,37.22817337,44.83863743,50.42851155,60.63410684,58.59903281
113,Dry_Elite,Harrington,2021,45.81887578,0.187304209,0.179297361,1.464311943,0.14725009,0.055886086,10.58321104,0.071432702,-0.008570352,0.08575765,0.006017948,0.346710067,9.314847757,13.07891551,12.89330937,14.00118565,16.82266803,18.83062136,22.75423327,22.27513492
114,Dry_Elite,Harrington,2021,28.56109906,0.196027852,0.191327203,1.492447227,0.148052494,0.059588611,13.29628112,0.110788449,-0.021351446,0.069856987,0.011851337,0.348382135,14.72631661,20.54399732,20.38944978,22.51119176,26.89289272,30.31235783,36.40445245,34.76654686
115,Dry_Elite,Harrington,2021,14.91845494,0.221846595,0.216003818,1.581881655,0.136098854,0.054418826,25.19413369,0.195172758,-0.01380009,0.073242976,0.033575212,0.31600865,23.49046439,33.47993863,33.14902853,39.61686952,46.71579815,52.15636643,62.0983085,60.15767824
116,Dry_Elite,Harrington,2021,23.87163206,0.191854563,0.182655187,1.479615811,0.140779325,0.054057411,13.58568424,0.04802299,-0.0030192,0.089256864,0.005152343,0.328833641,6.166936114,8.654494536,8.510065131,9.452543796,11.25623874,12.55919334,15.10851811,14.95648483
117,Dry_Elite,Harrington,2021,35.51839465,0.199532431,0.193675515,1.504202974,0.140758513,0.055413148,16.25683268,0.117788116,-0.017113205,0.072068947,0.015190028,0.328242948,15.17854245,21.34818636,21.12043102,23.84059635,28.31102485,31.64676927,37.84500636,36.48033371
118,Dry_Elite,Harrington,2021,19.80232357,0.224640655,0.218651647,1.59027956,0.138443524,0.055731511,24.91650981,0.167743879,-0.019241054,0.064532931,0.028523713,0.322315647,19.56930296,27.94676381,27.66578436,33.09011643,39.07754205,43.72908385,51.74647222,49.577706
119,Dry_Elite,Harrington,2021,42.93367818,0.207530066,0.204485478,1.530230358,0.13808028,0.054998135,18.90817615,0.155186306,-0.024240989,0.064677204,0.024041148,0.321181021,18.94852813,26.88006863,26.76794901,30.86198581,36.46502574,40.73109565,48.65805949,46.22189802
120,Dry_Elite,Harrington,2021,18.45807541,0.196951286,0.192469513,1.495737337,0.139914804,0.055800087,15.97431781,0.106909993,-0.014570858,0.071988706,0.013911441,0.32601812,14.1105678,19.99672037,19.85363864,22.32540118,26.44086282,29.58327972,35.1936754,34.0672282
121,Dry_Elite,Harrington,2021,29.63691647,0.197916594,0.193212206,1.498862306,0.141881739,0.057066924,15.54390358,0.127678202,-0.012926613,0.07599657,0.016127252,0.331639874,16.76820471,23.54616121,23.37455513,26.22816218,31.10615207,34.89572889,41.69763358,40.47620659
122,Dry_Elite,Harrington,2021,25.54448136,0.188173028,0.18516927,1.466610307,0.147369384,0.057889166,10.72084171,0.082545899,-0.004860095,0.087596528,0.008157806,0.347093371,10.82565593,15.41812662,15.36534725,16.70226996,19.9852491,22.4566969,27.01696114,26.64185959
123,Dry_Elite,Harrington,2021,74.12272809,0.199720562,0.196598176,1.503961321,0.143107559,0.057135503,15.30502811,0.113873534,-0.019573586,0.074169651,0.014808386,0.334811908,14.4541451,20.29805223,20.19739681,22.69559045,26.98352615,30.26863023,36.5204125,35.04338241
124,Dry_Elite,Harrington,2021,65.71374835,0.20175129,0.194915443,1.511413001,0.146240197,0.056999912,14.87038507,0.127709488,-0.006691618,0.087054436,0.014952581,0.344184323,15.80658152,22.2993972,22.0429685,24.69625795,29.55476951,33.16402764,40.02146754,39.30333991
125,Dry_Elite,Harrington,2021,54.9795615,0.20914388,0.204309267,1.537265288,0.154414185,0.059404507,14.52634247,0.185954512,-0.02098399,0.075982331,0.021105287,0.367058538,22.33515265,31.08987676,30.883892,34.5699389,41.83893758,47.16966562,57.24044429,54.59730468
126,Dry_Elite,Harrington,2021,73.36570788,0.251616007,0.24571531,1.690447288,0.156198592,0.058813273,26.35400582,0.302084161,-0.023358814,0.071246416,0.049020411,0.371695476,29.97363402,42.4685686,42.04621126,51.38929345,62.5824605,70.53473768,85.21180238,80.86586514
127,Dry_Elite,Harrington,2021,59.61778147,0.21849456,0.217298926,1.569924453,0.159640951,0.057619895,15.69312074,0.172030502,-0.024803085,0.070159021,0.02117392,0.381370242,20.04660699,28.01079377,28.02569952,31.63273629,38.84827929,43.64911732,52.76556381,49.95792382
128,Dry_Elite,Harrington,2021,25.52891396,0.194225983,0.195335263,1.486165122,0.167624733,0.059333858,6.338143805,0.066816618,-0.024186108,0.083380418,0.004525137,0.404102935,7.970525598,11.10555552,11.14827779,11.78533561,14.66195738,16.51974083,20.48134394,19.45503442
129,Dry_Elite,Harrington,2021,37.82051282,0.214352608,0.207586876,1.555114694,0.16170162,0.060551028,14.15917473,0.143324683,-0.011559981,0.08656519,0.014393054,0.38756451,17.18478088,23.59374098,23.33253955,26.00720534,31.90041825,36.06132915,43.91749598,42.63915212
130,Dry_Elite,Harrington,2021,58.85544277,0.210421542,0.206752608,1.540239309,0.150243179,0.057182715,15.91096765,0.158038595,-0.014922583,0.083581596,0.020239345,0.354741957,18.6723954,26.24820524,26.09857349,29.53296857,35.62896926,39.98844954,48.70752325,47.11532293
131,Dry_Elite,Harrington,2021,16.75461741,0.190531352,0.187538252,1.474788359,0.135701651,0.053313522,15.61812448,0.111442061,-0.009843039,0.075734311,0.014980298,0.31519744,15.51562395,22.04131448,21.9537668,24.56873715,28.99333833,32.29211637,38.3094042,37.41785132
132,Dry_Elite,Harrington,2021,39.50358329,0.201083793,0.190742941,1.509897157,0.151255336,0.059404768,13.09107311,0.105650849,-0.004719906,0.090185491,0.010008105,0.358098125,12.84053167,17.91223336,17.57147551,19.4630456,23.42694699,26.42101768,31.98643181,31.52236915
133,Dry_Elite,Harrington,2021,36.32310984,0.208963915,0.206178098,1.535641407,0.141629606,0.056372969,18.55899021,0.204970491,-0.020064081,0.072477791,0.030451966,0.330941204,25.14817104,35.5693575,35.42123509,40.69331175,48.3315069,54.1595067,65.18330898,62.42534906
134,Dry_Elite,Harrington,2021,43.16950853,0.204193224,0.203272255,1.519602629,0.141472066,0.057193712,17.68313765,0.174898818,-0.016866833,0.074147156,0.025567423,0.330481401,22.63562531,31.95479802,31.95822634,36.36314258,43.08353764,48.34454642,57.99678063,55.91072968
135,Dry_Elite,Harrington,2021,29.3609989,0.212344609,0.206680455,1.54787213,0.148373103,0.058889795,16.8863279,0.168811445,-0.022922091,0.073152942,0.022048653,0.349327549,19.65858341,27.50838814,27.23068205,31.06959355,37.22454478,41.92355618,50.83666734,48.40174835
136,Dry_Elite,Harrington,2021,38.15628816,0.188742334,0.186298561,1.468520732,0.139324289,0.054346955,13.34767955,0.073958313,-0.019314051,0.069648039,0.009084089,0.32465967,9.853217313,13.99607675,13.94993142,15.44489799,18.31718614,20.43225963,24.40909565,23.41868495
137,Dry_Elite,Harrington,2021,42.36537151,0.214652234,0.204363972,1.557463219,0.142721906,0.056116303,19.70902697,0.128980978,-0.011609566,0.074532636,0.017772018,0.334693144,15.28583822,21.49216301,21.11571464,24.47133321,29.13494152,32.6638841,38.82506056,37.67263031
138,Dry_Elite,Harrington,2021,59.50637942,0.205721742,0.200014114,1.524819224,0.150385266,0.059688765,14.90501654,0.205194907,-0.023166652,0.071546505,0.023750666,0.355323149,25.24947267,35.22633643,34.90862516,39.12591293,46.96305533,52.97290201,64.0288923,60.85279711
139,Dry_Elite,Harrington,2021,80.32758013,0.177753739,0.176263118,1.434457303,0.130633853,0.052503801,13.7768981,0.048025206,-0.003071549,0.074429414,0.006213966,0.301639468,7.439507219,10.56697327,10.55498127,11.62176755,13.59768785,15.11572532,17.64730711,17.48705021
140,Dry_Elite,Harrington,2021,52.68689272,0.200956528,0.198651094,1.509220923,0.144785946,0.058007954,15.36873906,0.153012585,-0.013926917,0.077187661,0.019895032,0.340307401,19.56763706,27.7534286,27.69592932,31.0700472,36.99002954,41.5942623,49.90553557,48.31506927
141,Dry_Elite,Harrington,2021,23.03125546,0.181236476,0.179291491,1.445212807,0.14021831,0.055518634,11.43612187,0.047325878,-0.014145641,0.071110508,0.005064486,0.327063491,6.80610032,9.652775644,9.631494061,10.48234882,12.42587269,13.89711252,16.48029697,15.9685386
142,Dry_Elite,Harrington,2021,44.74729242,0.213109385,0.209681669,1.549089905,0.143929466,0.057430795,19.19849542,0.237817219,-0.027357759,0.068306837,0.03511469,0.337231302,28.78588825,40.56192106,40.34730184,46.54362922,55.42135707,62.24041949,75.36862917,71.10051551
143,Dry_Elite,Harrington,2021,50.26365746,0.217507892,0.212709398,1.56539344,0.152194429,0.059366316,17.94819319,0.221512284,-0.016649942,0.080288226,0.029247988,0.361075798,26.23402203,36.74428117,36.51966929,41.78403145,50.35546124,56.8016563,68.89202234,66.22220005
144,Dry_Elite,Harrington,2021,39.1364661,0.244596028,0.237841534,1.666415604,0.163474851,0.0618946,21.30949816,0.30757824,-0.027745616,0.0715273,0.042538974,0.392623785,30.63358721,43.04298501,42.57718203,50.39333748,61.85308464,70.1337597,85.44461246,80.39509528
145,Dry_Elite,Harrington,2021,35.1693099,0.20926244,0.209608614,1.536920257,0.16167275,0.058273154,12.5320006,0.139391321,-0.025647362,0.070333158,0.015027944,0.387309964,16.78314725,23.41126741,23.49863574,25.94011362,31.92592655,35.90396731,43.44548516,41.08724625
146,Dry_Elite,Harrington,2021,65.63478902,0.217658551,0.222901235,1.565899606,0.160634303,0.058590155,14.92105121,0.180641726,-0.025206721,0.072948245,0.024041494,0.384191007,20.59807646,29.0187258,29.39579606,33.12352489,40.67988565,45.76336568,55.64727051,52.75199741
147,Dry_Elite,Harrington,2021,57.30910576,0.23944659,0.235123501,1.646847453,0.161022339,0.061480022,21.55863431,0.262843404,-0.026240655,0.068441904,0.037171245,0.385451846,28.53671192,39.42471102,39.16683461,46.09596496,56.39147506,63.87628317,77.16068277,72.88275715
148,Dry_Elite,Harrington,2021,53.20512821,0.217721437,0.211704612,1.567025572,0.154363313,0.059500968,16.87164118,0.174681488,-0.013264704,0.083210436,0.021706691,0.367057261,20.23290061,28.16361328,27.90942832,31.78725839,38.49510501,43.45042172,52.70170845,50.99099992
149,Dry_Elite,Harrington,2021,66.75306722,0.220112178,0.217129209,1.573807034,0.146094061,0.05908713,20.49584428,0.259153714,-0.023489166,0.070754516,0.039663157,0.343250689,30.32052087,42.73863543,42.56925939,49.59754733,59.1136025,66.60426644,80.42320675,76.43034196
150,Dry_Elite,Harrington,2021,18.07631786,0.201084906,0.199147669,1.509535596,0.140972312,0.056627026,16.48316589,0.139883676,-0.015195595,0.073952178,0.019627954,0.329318005,17.79324465,25.28950509,25.24100283,28.55711797,33.84809258,37.94914845,45.37234487,43.83986853
151,Dry_Elite,Harrington,2021,50.95208203,0.21955112,0.208152906,1.57361726,0.144854809,0.05732468,20.39123528,0.179955574,-0.010091969,0.08207907,0.02478157,0.340768843,20.81364495,29.15452288,28.55509038,33.2818681,39.73490407,44.66675185,53.74954489,52.35191936
152,Dry_Elite,Harrington,2021,17.47408504,0.191930603,0.187005482,1.479791058,0.144854397,0.057360643,12.53894775,0.064151216,-0.008326093,0.080255649,0.006891079,0.339916624,8.370458525,11.77183699,11.67306585,12.85418661,15.33194466,17.20930743,20.56807642,20.16085985
153,Dry_Elite,Harrington,2021,74.6697608,0.195666543,0.189176226,1.491298819,0.153043673,0.059319812,10.73840764,0.102647221,-0.013856933,0.083393084,0.009184375,0.362890271,12.33864127,17.38185882,17.18989168,18.75835043,22.65608131,25.53963982,31.03310268,30.05287134
154,Dry_Elite,Harrington,2021,68.14849846,0.226513327,0.21922113,1.59950051,0.155458894,0.062323655,18.48817635,0.175893088,-0.028814741,0.068338211,0.023095193,0.36983043,18.87421977,26.34186836,26.01390401,30.13541167,36.37485482,41.27064723,50.16575678,47.09201089
155,Dry_Elite,Harrington,2021,84.15319747,0.211875738,0.203877135,1.546613812,0.151091754,0.060634372,16.34624771,0.128112933,-0.012436227,0.080800861,0.015266888,0.358220598,15.27673075,21.25787699,20.98180256,23.77498582,28.52905848,32.26928553,38.88841573,37.69740532
156,Dry_Elite,Harrington,2021,44.57808324,0.210615575,0.209022404,1.541055699,0.147099644,0.059495027,17.75623101,0.197639347,-0.017897657,0.073374201,0.027734668,0.345984475,24.50546659,34.43070441,34.39148115,39.23883891,46.81440489,52.78564792,63.3646076,60.89686557
157,Dry_Elite,Harrington,2021,55.53672316,0.204139393,0.197775515,1.519527113,0.144731845,0.056883494,15.30847244,0.140600318,-0.007947457,0.083683973,0.017715869,0.340264714,16.49823598,23.37894716,23.1363921,26.13032528,31.19215037,35.00663911,42.05947283,41.18844131
158,Dry_Elite,Harrington,2021,73.44546381,0.198095578,0.19600607,1.498723275,0.13743333,0.054626338,16.82491221,0.148237974,-0.017118544,0.070553584,0.021429658,0.31942435,19.43495596,27.45777697,27.38194046,31.01366766,36.64421619,40.89949387,48.74131443,46.98441064
159,Dry_Elite,Harrington,2021,53.69349504,0.210383716,0.206365404,1.541110378,0.140462667,0.05668841,19.77940296,0.173614024,-0.007862653,0.078568551,0.026205088,0.328506609,21.72156723,30.70124632,30.5385302,35.26173142,41.76034265,46.87812595,55.71778824,54.51881369
160,Dry_Elite,Harrington,2021,78.77867746,0.19423466,0.195829294,1.488145383,0.136925515,0.054373212,16.09453394,0.084086207,-0.01362598,0.071853234,0.012495676,0.318825193,11.44373193,16.37226991,16.45830068,18.50679913,21.8452633,24.37643962,28.91103413,28.04959036
161,Dry_Elite,Harrington,2021,46.54956085,0.20158836,0.195597843,1.511766601,0.150906691,0.056127589,12.70413027,0.111307827,-0.006940933,0.090608549,0.01195834,0.3583902,13.14544106,18.45650855,18.28825982,20.27320927,24.5339756,27.50195058,33.39123465,32.74418915
162,Dry_Elite,Harrington,2021,54.85148515,0.23540551,0.232107874,1.628954723,0.156211271,0.05928753,22.0427279,0.270064675,-0.018198887,0.075379343,0.040302314,0.371949434,29.54496247,41.51756838,41.34860412,48.76096449,59.31561922,66.90674211,80.60741492,77.33563695
163,Dry_Elite,Harrington,2021,22.37022527,0.182368187,0.186690672,1.448646109,0.152880501,0.053247277,7.483834294,0.059602185,-0.01496541,0.07282354,0.005415049,0.362465484,8.261692201,11.51785806,11.63852903,12.3722425,15.12016458,16.82758846,20.0433565,19.40595479
164,Dry_Elite,Harrington,2021,35.11978705,0.199656988,0.200656448,1.504043487,0.155183374,0.054367213,11.52689602,0.119165361,-0.013904193,0.078578285,0.01302106,0.369049838,14.88465755,20.8423797,20.93997885,22.95258475,28.1090474,31.37379741,37.69175261,36.50506232
165,Dry_Elite,Harrington,2021,62.7877032,0.214160487,0.211683361,1.554126115,0.158540894,0.059283486,14.6728256,0.208084087,-0.011351194,0.085945119,0.024301194,0.378608485,24.6015368,34.11904181,34.04999564,38.17373427,46.63701958,52.59243265,63.85037831,62.06929906
166,Dry_Elite,Harrington,2021,46.10176446,0.207935105,0.206331604,1.532131441,0.152925378,0.059019367,14.81484877,0.207026277,-0.017090407,0.078107321,0.025353899,0.362654723,25.72021156,35.79829157,35.78178505,40.05053559,48.39247449,54.52102832,65.93163639,63.42573615
167,Dry_Elite,Harrington,2021,50.07262164,0.192359411,0.195753594,1.480242672,0.135294525,0.053749246,16.10444853,0.143630697,-0.016493692,0.070432825,0.022168502,0.313788948,19.75572652,28.29085295,28.53252956,32.08323136,37.79797751,42.10938487,50.11033617,48.35818857
168,Dry_Elite,Harrington,2021,55.21486124,0.186686378,0.184590745,1.462073775,0.138770022,0.054704561,12.96965498,0.104001202,-0.000856339,0.086394175,0.012669754,0.323678457,14.3047745,20.27763885,20.23645733,22.30670598,26.42239145,29.52092317,35.15531467,34.94326546
169,Dry_Elite,Harrington,2021,28.9647961,0.191609885,0.18540183,1.477689995,0.138014947,0.053372975,14.10097837,0.11166926,0.001594646,0.090553682,0.013722142,0.322144284,14.3809773,20.37471456,20.16365918,22.48144286,26.66323452,29.71760857,35.48761728,35.45236848
170,Dry_Elite,Harrington,2021,36.96261682,0.187303337,0.183639032,1.464054805,0.142919477,0.056486161,11.87194776,0.077477067,-0.005353123,0.083343293,0.008311468,0.334709942,10.3786165,14.61262558,14.52620157,15.91382795,18.93923038,21.22435111,25.35810605,25.00285551
171,Dry_Elite,Harrington,2021,76.7578125,0.192573776,0.185074754,1.481028889,0.144963234,0.056907542,12.79397831,0.102917735,-0.002895117,0.087330048,0.010536835,0.340588963,13.44878387,18.89248353,18.65297078,20.55651594,24.54810558,27.54990434,32.98994248,32.64776583
172,Dry_Elite,Harrington,2021,21.87313581,0.218158147,0.213808039,1.567291543,0.145614586,0.058679736,19.79895008,0.156690891,-0.019801517,0.072358028,0.023286038,0.342019266,18.09910694,25.57639452,25.39984559,29.51484404,35.16807219,39.58867801,47.61362837,45.59239129
173,Dry_Elite,Harrington,2021,39.94538717,0.219993191,0.213221322,1.574386241,0.146823673,0.059189361,20.17204425,0.149458062,-0.010690883,0.079888823,0.021462926,0.346104262,17.3619921,24.42883835,24.19122607,28.13813605,33.55800971,37.84042422,45.3295966,44.1132799
174,Dry_Elite,Harrington,2021,65.02387449,0.209858935,0.203047739,1.538984787,0.145303103,0.057752082,17.70684867,0.17514605,-0.006439207,0.084925598,0.02321029,0.341807253,21.35055638,30.096156,29.77250041,33.98618902,40.53714915,45.57740643,54.70603032,53.72578254
175,Dry_Elite,Harrington,2021,66.62527936,0.208031139,0.20303299,1.532974574,0.151049633,0.060982328,15.25971777,0.211370515,-0.022865037,0.070683583,0.025236266,0.357146458,25.73493306,35.94042878,35.67441464,40.09695642,48.06893691,54.36132139,65.56242834,62.34311702
176,Dry_Elite,Harrington,2021,49.95684447,0.180846723,0.17934852,1.443563125,0.134779212,0.052066669,11.79642106,0.05231476,0.00233968,0.092917554,0.006506478,0.313809151,6.979777633,9.903484003,9.891620398,10.87328921,12.8345569,14.25539348,17.07447561,17.10576647
177,Dry_Elite,Harrington,2021,37.28108581,0.19241716,0.189341973,1.480296663,0.139522728,0.054659411,14.24152863,0.146650098,-0.007984667,0.08225469,0.018664986,0.325269012,19.26926531,27.22390708,27.0946913,30.19065745,35.81783315,39.99680515,47.90270506,47.01356004
178,Dry_Elite,Harrington,2021,39.0078329,0.240054442,0.234922343,1.645616894,0.145024052,0.05904457,27.28227934,0.303358586,-0.01767238,0.073123202,0.052977411,0.340503666,32.57754531,46.50425742,46.10555659,56.26253274,66.97676284,75.53881933,90.60996444,86.96529833
179,Dry_Elite,Harrington,2021,27.68449824,0.20430776,0.202699341,1.519752946,0.15258248,0.058916137,13.63495273,0.168280029,-0.010663465,0.085272175,0.019819393,0.362051483,20.83052851,29.25297445,29.24789697,32.49323741,39.2464969,44.22018629,53.54066806,52.1305556
180,Dry_Elite,Harrington,2021,35.76956148,0.20168878,0.199837308,1.51045295,0.154062479,0.058429164,13.207852,0.12130887,-0.005719964,0.082462767,0.013184303,0.365431633,15.8561705,22.13979163,22.11060617,24.39332137,29.5794746,33.28746706,39.70177662,39.05180385
181,Dry_Elite,Harrington,2021,55.8502602,0.189538111,0.193900344,1.470930285,0.153366002,0.055260821,9.456922879,0.107668567,-0.023392719,0.065049869,0.011141931,0.3632473,14.39846286,20.21648988,20.43041307,22.0294675,26.8307403,29.97392218,35.74068528,34.02962299
182,Dry_Elite,Harrington,2021,67.99775028,0.207017588,0.209134298,1.528727576,0.151652324,0.055521354,15.26846475,0.109236709,-0.02348963,0.05862538,0.014417414,0.358464992,13.86495197,19.50156651,19.63025062,22.00541949,26.70666381,29.87125139,35.20054414,33.44975193
183,Dry_Elite,Harrington,2021,19.36363636,0.20823022,0.20756776,1.532321875,0.149659957,0.056607499,16.06493909,0.183394269,-0.021319698,0.068499697,0.024348573,0.352841185,22.89752818,32.05277206,32.06120145,36.17423805,43.64358054,48.91099789,58.5358694,55.92501634
184,Dry_Elite,Harrington,2021,51.00531546,0.21333256,0.211194793,1.551672797,0.145113965,0.056336221,19.45426066,0.168071559,-0.010731945,0.079752118,0.024801585,0.340721712,20.98110523,29.54689776,29.48111099,33.94834667,40.60704232,45.52060082,54.55879518,53.15632817
185,Dry_Elite,Harrington,2021,84.54237288,0.195034604,0.196931798,1.489141244,0.14549188,0.057985784,13.19175666,0.136611444,-0.01733854,0.077081188,0.017478229,0.341623876,17.59822316,25.06284541,25.20650137,27.91682382,33.28654432,37.40195245,45.16865701,43.50335164
186,Dry_Elite,Harrington,2021,55.12184116,0.186240524,0.178114502,1.461196234,0.146281417,0.056349995,10.18685287,0.076925127,-0.001759651,0.091878991,0.006522022,0.344491719,9.821004411,13.76000937,13.55751587,14.7121985,17.63596227,19.76556127,23.83706263,23.66438164
187,Dry_Elite,Harrington,2021,40.24619593,0.185192309,0.182450382,1.457516,0.143371414,0.055348316,10.54876932,0.071920165,-0.011288724,0.083007467,0.007542136,0.336643593,9.189314213,12.95635076,12.89997347,14.06310646,16.78493868,18.7595652,22.65630371,22.09737563
188,Dry_Elite,Harrington,2021,38.01558639,0.199187399,0.195550087,1.503015599,0.134669242,0.054174976,18.46677569,0.145099218,-0.012557704,0.071941706,0.021747593,0.312362197,19.39473996,27.51807173,27.3750575,31.24890967,36.73319727,40.9798701,48.51291696,47.14136901
189,Dry_Elite,Harrington,2021,35.30549111,0.207866978,0.204419164,1.531887841,0.148041701,0.058540906,15.72781017,0.186640928,-0.015021499,0.081237318,0.024266266,0.348967114,21.94456748,31.16440622,31.01578559,35.08337884,42.01478044,47.30573232,57.34528648,55.37494066
190,Dry_Elite,Harrington,2021,58.93168489,0.237873668,0.232157312,1.636251488,0.158834252,0.064424581,20.62191238,0.216861938,-0.024808552,0.076552115,0.03088614,0.379176639,22.1089729,30.79378393,30.48953929,35.93955089,43.51493875,49.58593092,60.73704079,57.56983544
191,Dry_Elite,Harrington,2021,52.70969193,0.220173767,0.215670661,1.573575269,0.147210605,0.058959165,20.05129398,0.17937045,-0.022979841,0.069631666,0.026469643,0.346563711,20.68973902,29.13559462,28.93559238,33.66317677,40.20246716,45.28380772,54.47097589,51.83218938
192,Dry_Elite,Harrington,2021,46.87400825,0.197664045,0.19422448,1.497559485,0.144399383,0.057775696,14.58358629,0.150034061,-0.016712478,0.074324796,0.01840015,0.338693134,19.50557602,27.42503583,27.27934211,30.44212666,36.2461491,40.72578513,48.86473522,47.09453538
193,Dry_Elite,Harrington,2021,27.65210608,0.181873311,0.182131389,1.447137797,0.134424521,0.053903169,12.7961375,0.084982235,-0.009861614,0.078050616,0.01114859,0.311914592,11.96717032,17.01545662,17.05192791,18.78611548,22.08532886,24.61866783,29.33901106,28.69687779
194,Dry_Elite,Harrington,2021,25.9977195,0.194717693,0.188927947,1.48856757,0.143923146,0.057010818,13.78978624,0.125343334,-0.007826301,0.08206507,0.014152784,0.337596364,16.40075444,22.98753237,22.76544013,25.26780214,30.10986674,33.78903669,40.4546098,39.63297605
195,Dry_Elite,Harrington,2021,48.73995617,0.209747057,0.200327206,1.538868316,0.14671107,0.058415389,16.94898318,0.133255145,-0.000814802,0.088997676,0.016414621,0.345785757,15.99626331,22.4592918,22.09591634,25.12866776,30.02657362,33.81642641,40.47081526,40.17652054
196,Dry_Elite,Harrington,2021,60.09288439,0.187047562,0.182228795,1.463311535,0.138918788,0.054541902,13.26455047,0.091462737,-0.005871175,0.081555743,0.010498472,0.32376322,12.57600438,17.77044485,17.6354074,19.46550172,23.06065135,25.73760236,30.6383926,30.18660875
197,Dry_Elite,Harrington,2021,50.79390537,0.185803584,0.180129911,1.459598599,0.1471626,0.055269017,10.43384772,0.071117693,-0.00540542,0.083952102,0.006210934,0.346317422,9.689508842,13.53501878,13.40082203,14.51035808,17.46439456,19.52743209,23.35118541,23.00855272
198,Dry_Elite,Harrington,2021,31.26940994,0.201493925,0.201245915,1.510409124,0.153195314,0.057416293,13.01504789,0.169069999,-0.022524411,0.06769435,0.019282142,0.36293014,21.69216819,30.15891849,30.22811974,33.39841062,40.49599439,45.47395757,54.44971893,51.77875124
199,Dry_Elite,Harrington,2021,43.08058484,0.198414125,0.196081199,1.500426959,0.157702794,0.056430609,10.34639509,0.084725753,-0.009711109,0.075077532,0.00782165,0.375614614,10.39929821,14.49153096,14.45120499,15.71395257,19.27748425,21.61130125,25.61054403,24.9798513
200,Dry_Elite,Harrington,2021,42.51903684,0.202724346,0.206704477,1.514466446,0.153544909,0.05592512,13.02423397,0.12132039,-0.019279448,0.064820398,0.015137572,0.363657806,15.19739739,21.33787218,21.54973785,23.86561093,29.05414183,32.51430051,38.47962845,36.90266743
201,Dry_Elite,Harrington,2021,32.72394881,0.227829085,0.22749565,1.60115062,0.148857285,0.056520942,21.84750222,0.231363735,-0.017406702,0.069661774,0.037430692,0.350912028,25.98355396,37.01353749,37.0818958,43.64246956,52.57694091,58.94314024,70.165688,67.4435756
202,Dry_Elite,Harrington,2021,25.61771562,0.195446606,0.190600219,1.489850664,0.150975853,0.057662391,11.82366194,0.098543731,-0.011002693,0.082247616,0.009686446,0.356704099,12.76508404,17.61798914,17.47030632,19.14370432,23.11030614,25.9588897,31.29954694,30.51710957
203,Dry_Elite,Harrington,2021,56.15050651,0.176315804,0.170773728,1.43031519,0.136322679,0.05142501,10.18045097,0.033588992,-0.006393336,0.082554448,0.003328965,0.317675625,4.538874267,6.384418263,6.321570246,6.862620524,8.138886242,9.026063277,10.7807243,10.61715842
204,Dry_Elite,Harrington,2021,28.58243451,0.198362358,0.194451938,1.500155606,0.142668552,0.056823078,15.48674613,0.13092497,-0.016389774,0.072708712,0.016616416,0.333713119,17.29386766,24.21738526,24.06863219,26.98736939,32.07676016,35.96637766,42.99566813,41.47978203
205,Dry_Elite,Harrington,2021,40.04624764,0.202684752,0.197202721,1.514740156,0.134234915,0.053580987,19.75843219,0.142471202,-0.011121984,0.073188152,0.02165484,0.311297524,18.76043206,26.61907822,26.38593255,30.36989359,35.72572627,39.82100732,47.12752272,45.89639545
206,Dry_Elite,Harrington,2021,67.94473766,0.205408202,0.200596214,1.523302285,0.147632442,0.059218204,15.70328659,0.18432678,-0.022357884,0.070750074,0.02288937,0.347670838,22.99714886,32.09657678,31.8657835,35.88638086,42.87162377,48.31542417,58.20364499,55.40716238
207,Dry_Elite,Harrington,2021,33.74527112,0.204654116,0.198515729,1.520596683,0.149446704,0.058696659,14.53412414,0.186617418,-0.013258073,0.084476702,0.021595456,0.353000975,22.73311897,31.70898943,31.38804951,35.13990169,42.18833621,47.50349937,57.75578478,55.99525248
208,Dry_Elite,Harrington,2021,12.75372124,0.199215947,0.194919129,1.503972398,0.140241149,0.054741032,15.76079298,0.103040586,-0.008174245,0.082451678,0.013799226,0.327919236,12.84437593,18.20694967,18.08790061,20.42437516,24.26362992,27.11064576,32.50376156,31.82823772
209,Dry_Elite,Harrington,2021,44.16611734,0.210477867,0.209050444,1.542062779,0.143504794,0.057095704,18.160714,0.144117082,-0.016002621,0.074230148,0.021500068,0.336635553,17.35461939,24.56930148,24.57326591,28.20741701,33.55999684,37.67225362,45.11381313,43.49330961
210,Dry_Elite,Harrington,2021,47.03070417,0.195065321,0.188864596,1.489181241,0.14469463,0.057560936,13.80633044,0.125995897,-0.008334857,0.083066165,0.013990539,0.340069594,16.72697766,23.39535922,23.16014463,25.66942147,30.59153612,34.36929803,41.25922951,40.39334317
211,Dry_Elite,Harrington,2021,60.05301022,0.219144399,0.214018148,1.569099857,0.140053058,0.056844863,22.50589408,0.221863092,-0.02330629,0.062965323,0.035893301,0.326877067,26.09106782,37.34623773,37.05023197,43.65453853,51.5935006,57.86674619,68.69205235,65.33003573
212,Dry_Elite,Harrington,2021,61.03086014,0.183721238,0.182759823,1.453090352,0.133897017,0.053417557,14.06838987,0.089837045,-0.018545637,0.066150948,0.011898279,0.310069782,12.85752952,18.34219465,18.3371086,20.3189129,23.87860994,26.58101826,31.48156927,30.26132528
213,Dry_Elite,Harrington,2021,43.22621298,0.191494639,0.188224857,1.478089336,0.139485504,0.055131822,14.58506465,0.120548544,-0.01737655,0.06878026,0.01509784,0.325459261,16.67022005,23.37869302,23.28400511,25.90486852,30.68449525,34.29522391,40.72853992,39.17725964
214,Dry_Elite,Harrington,2021,67.73875296,0.186024825,0.181171224,1.460742011,0.142875566,0.055797485,11.54653468,0.060873821,-0.008467835,0.080022949,0.00620123,0.334903854,8.267703318,11.58193847,11.48246317,12.54257015,14.94956788,16.73286251,19.9770014,19.58803372
215,Dry_Elite,Harrington,2021,32.71947077,0.179284208,0.171477906,1.438889134,0.153773406,0.057397887,6.845468062,0.041880374,0.00096974,0.092129605,0.00207195,0.365427955,5.825763533,8.043275715,7.929484264,8.355703046,10.14785551,11.3947771,13.67709047,13.65560172
216,Dry_Elite,Harrington,2021,42.12410501,0.202030225,0.203208746,1.512215038,0.155574315,0.058585104,12.14440858,0.151166118,-0.015028636,0.074567106,0.016964147,0.369428646,18.44114522,26.16306761,26.27837872,28.9358845,35.18086683,39.58797991,47.39149398,45.77386909
217,Dry_Elite,Harrington,2021,21.90128551,0.201085023,0.202359112,1.509795984,0.158519903,0.056775759,10.89702409,0.113638584,-0.015596103,0.074587903,0.011741891,0.3777005,13.76869695,19.3125997,19.39765909,21.20450333,26.01806739,29.1660163,34.94093075,33.73046747
218,Dry_Elite,Harrington,2021,15.63706564,0.201249486,0.200791711,1.509546777,0.165284712,0.061387029,9.318966369,0.098378325,-0.023049565,0.064044469,0.00816502,0.396912289,12.23550163,16.91166192,16.92763051,18.24297935,22.49681478,25.45538474,30.32326219,28.82402026
219,Dry_Elite,Harrington,2021,50.07493755,0.203106043,0.197962541,1.515751226,0.158541494,0.059151182,11.47052079,0.108586333,-0.009563597,0.083487943,0.010032949,0.37812434,12.99812203,18.09560288,17.9422616,19.66965834,24.03505017,27.09071844,32.65341304,31.8723531
220,Dry_Elite,Harrington,2021,37.82439446,0.21058475,0.206890402,1.540570177,0.150394597,0.057554563,15.72059856,0.171797158,-0.017600746,0.078606658,0.021965522,0.355055009,19.93492666,28.00483567,27.84041652,31.522699,38.01968083,42.70788529,51.78248811,49.8080565
221,Dry_Elite,Harrington,2021,32.71698934,0.208488038,0.204389837,1.534427632,0.141987523,0.056315433,18.4243005,0.203183749,-0.022332899,0.065002475,0.029265414,0.331909585,25.07466496,35.44690891,35.21883665,40.39194948,48.01182765,53.80411747,64.08933276,61.03906891
222,Dry_Elite,Harrington,2021,35.78589909,0.195619697,0.193327427,1.491073429,0.138741298,0.054744399,15.57058694,0.137359198,-0.010835728,0.07815718,0.018802902,0.323595003,18.06347529,25.5341766,25.47440303,28.62330543,33.88279715,37.84514316,45.1963075,44.05805622
223,Dry_Elite,Harrington,2021,54.60040296,0.180170505,0.175778201,1.44163325,0.131917419,0.050531024,12.89143871,0.062905121,-0.001559206,0.08500488,0.007739251,0.305538633,8.831347764,12.45643155,12.3660693,13.63699962,16.06462949,17.79226405,21.15309244,21.02731769
224,Dry_Elite,Harrington,2021,65.2114364,0.230780915,0.224563376,1.613724221,0.140542559,0.056570317,25.17008015,0.260786434,-0.017953785,0.071159198,0.044868715,0.32835956,28.53162105,41.05454644,40.64247074,48.96148295,58.00607679,65.07082347,77.77031834,74.66972961
225,Dry_Elite,Harrington,2021,46.98870765,0.197328286,0.193250377,1.496040355,0.137493851,0.054406704,16.76061061,0.174715183,-0.015094723,0.072818957,0.024238929,0.319984617,23.09039921,32.71539878,32.5127586,36.75808138,43.45021416,48.49581507,57.78981676,55.87767914
226,Dry_Elite,Harrington,2021,23.36752137,0.187300411,0.179456702,1.464612769,0.142292,0.054116588,11.7648495,0.07991723,-0.005028246,0.086811264,0.007884666,0.333836156,10.451659,14.63095062,14.42292125,15.81098529,18.89180177,21.08709945,25.34326982,24.98121337
227,Dry_Elite,Harrington,2021,75.60829677,0.181534555,0.174157689,1.446212052,0.138525544,0.053348397,11.43367948,0.04046145,-0.002096477,0.087013674,0.0039991,0.323612199,5.636273304,7.843632918,7.739759029,8.444957493,10.02933703,11.17413041,13.35656014,13.25134238
228,Dry_Elite,Harrington,2021,59.24634794,0.205452094,0.201355597,1.523649913,0.1390921,0.054762573,18.02026519,0.178167946,-0.028399259,0.06067389,0.026160598,0.32401828,21.82262927,30.87528834,30.6660644,35.16448708,41.67552575,46.54234485,55.61354241,52.38692964
229,Dry_Elite,Harrington,2021,58.03289058,0.222588471,0.217409189,1.583150806,0.132893493,0.053760213,26.30230228,0.207771192,-0.019572995,0.061773557,0.037860011,0.307656158,24.77585011,35.61987735,35.32954121,42.51646787,49.86852943,55.61636524,65.43000606,62.64790634
230,Dry_Elite,Harrington,2021,62.44557329,0.19446528,0.188634444,1.486877804,0.13853032,0.054108354,15.00104236,0.13665928,-0.017041592,0.07310807,0.017350513,0.322852054,17.69473184,24.82280984,24.56670587,27.54315559,32.64325127,36.40397426,43.59115984,42.01368551
231,Dry_Elite,Harrington,2021,47.03269367,0.215922145,0.213424336,1.559332928,0.132726077,0.052951646,24.59023196,0.204783466,-0.018940577,0.062898491,0.036899534,0.307062617,25.22184396,36.38391784,36.26798745,43.11195015,50.62853773,56.35656488,66.3729546,63.62977638
232,Dry_Elite,Harrington,2021,63.44642118,0.220661622,0.214601743,1.574127646,0.14270446,0.056449254,21.44221607,0.245612473,-0.028088305,0.062275291,0.038176999,0.333602267,28.06431178,39.72001345,39.2718773,46.15221315,54.93891615,61.56263733,73.78242888,69.54197909
233,Dry_Elite,Harrington,2021,74.48085659,0.180020492,0.177008227,1.441001655,0.144102913,0.055521248,9.915112289,0.054655207,-0.003798297,0.079114917,0.004948934,0.337436271,7.805694292,10.96962001,10.91545225,11.76215531,14.05990914,15.72173576,18.56778607,18.36864982
234,Dry_Elite,Harrington,2021,20.31826568,0.20259586,0.20239086,1.514479485,0.149663562,0.056073284,13.98629268,0.146975896,-0.019715796,0.069711068,0.018322773,0.352994886,18.27957227,25.60354014,25.64111541,28.59115621,34.52140883,38.64838217,46.23944938,44.28297473
235,Dry_Elite,Harrington,2021,48.54969092,0.195907956,0.197309508,1.491681379,0.160522785,0.058720093,9.093181643,0.09377394,-0.024353206,0.06041383,0.008393582,0.383313435,12.02357492,16.72124109,16.80387491,18.07446753,22.18293593,24.95359903,29.60131291,28.0732565
236,Dry_Elite,Harrington,2021,32.03561814,0.197603276,0.197242205,1.49693447,0.156878451,0.057457755,10.90528528,0.087113999,-0.013712175,0.070517718,0.008522112,0.37313225,11.17075412,15.69498553,15.71517593,17.10318913,20.88561963,23.44302352,27.75356146,26.89250089
237,Dry_Elite,Harrington,2021,29.50304047,0.212983746,0.211040526,1.54931027,0.150246545,0.057029597,16.93817571,0.173713064,-0.015554833,0.074950391,0.023499177,0.354500149,20.64525595,28.96589554,28.91210733,32.92676877,39.74021707,44.59349846,53.50327726,51.59281506
238,Dry_Elite,Harrington,2021,54.57906234,0.211695829,0.203925796,1.545594456,0.14773535,0.057365986,17.67493589,0.180730521,-0.013709004,0.074662123,0.022888595,0.347787578,21.9445079,30.75076271,30.34020021,34.61856725,41.54718476,46.67651743,55.75350358,53.90354798
239,Dry_Elite,Harrington,2021,57.12960816,0.192194072,0.189304097,1.480018595,0.139185861,0.054611707,14.81440152,0.124834686,-0.01138871,0.074746132,0.015971404,0.324079165,17.02824867,24.0038275,23.90590109,26.65737242,31.59753135,35.26978404,41.92198075,40.83461881
240,Dry_Elite,Harrington,2021,43.46289753,0.208746597,0.205039658,1.534337944,0.139388013,0.055186597,19.5369274,0.197941265,-0.022565955,0.065819302,0.030066121,0.324824651,24.6746278,34.9145012,34.70573845,40.05199924,47.46262873,53.06192443,63.32311184,60.30825426
241,Dry_Elite,Harrington,2021,63.44680851,0.194591266,0.188769714,1.487971175,0.139520128,0.055101767,15.08320375,0.122896646,-0.008831251,0.079441094,0.015286953,0.32563622,16.05944938,22.75139504,22.5312469,25.222481,29.89746382,33.42555145,39.89124838,39.02500391
242,Dry_Elite,Harrington,2021,42.26579521,0.194549973,0.192626937,1.487051374,0.137175019,0.05398967,15.6872054,0.157671981,-0.017050451,0.072681318,0.022065006,0.318824464,20.76191874,29.31923116,29.24878959,32.90730704,38.9103695,43.38610163,51.90689203,50.03119647
243,Dry_Elite,Harrington,2021,54.23363387,0.194143213,0.188774659,1.48594273,0.134738523,0.052648337,16.71324416,0.118707973,-0.014775,0.070183034,0.016351624,0.312857696,15.88090488,22.68932375,22.4976796,25.40561376,29.9651247,33.33892279,39.49696559,38.17021443
244,Dry_Elite,Harrington,2021,40.91533181,0.184893297,0.179689134,1.457517085,0.138233286,0.053410492,12.5819623,0.065945754,-0.01495466,0.072213505,0.00735467,0.322303465,9.049072895,12.64802045,12.53989672,13.80218403,16.3646169,18.22163271,21.68358144,20.97719901
