Plot_ID,Trial,Loc,Year,%.Can.Cover_146,NDVI_146,GNDVI_146,SR_146,NDRE1_146,NDRE2_146,TCARI_146,SAVI_146,NWI1_146,NWI2_146,MTVI_146,ChlRE_146,BLU_146,GRN_146,RED_146,RE1_146,RE2_146,NIR_146,X900_146,X975_146
101,USDA,Kahlotus,2021,31.97918751,0.272686254,0.243419487,1.767193595,0.170840375,0.075967624,28.09745743,0.304658179,-0.117286244,0.117593542,0.036377878,0.413722684,26.50288516,38.41270946,36.14421483,44.80806656,54.33455521,63.35312941,101.4960136,80.00964091
102,USDA,Kahlotus,2021,34.67076214,0.258436008,0.230348426,1.712765848,0.165739644,0.073712293,25.4646335,0.243975964,-0.113104076,0.117683549,0.027657678,0.398670458,21.83207842,32.02646982,30.226765,36.82903352,44.39561478,51.55200402,81.84336634,65.0245327
103,USDA,Kahlotus,2021,28.75512486,0.302520462,0.269411803,1.889529005,0.170568831,0.076981794,35.72371579,0.344804602,-0.118969351,0.114342254,0.049642752,0.412609821,25.390671,37.86960939,35.29375133,46.8938837,56.73240866,66.30920502,105.9532505,83.20914857
104,USDA,Kahlotus,2021,27.47252747,0.304787485,0.267845206,1.906299112,0.182363385,0.081940103,32.08955163,0.37524441,-0.119644092,0.117380697,0.045390001,0.448137252,27.11790402,39.11431566,36.16327523,47.26136987,58.04674631,68.62569779,110.2994633,86.27096827
105,USDA,Kahlotus,2021,36.82714514,0.255660583,0.225211198,1.702887782,0.169718306,0.07622923,23.80683926,0.130071177,-0.113755085,0.104269875,0.01273959,0.410480858,11.93037076,17.35814774,16.31389994,19.58637952,23.67500916,27.63351792,42.85112964,33.93563057
106,USDA,Kahlotus,2021,48.19897084,0.274215523,0.235140496,1.781965398,0.169358944,0.07546201,28.99712262,0.126777427,-0.109991545,0.104871823,0.013469875,0.409572495,10.84425472,15.56823532,14.36507019,18.02888046,21.79889976,25.41297169,39.07394834,31.134163
107,USDA,Kahlotus,2021,69.12751678,0.247628668,0.221838102,1.669348933,0.157723092,0.071257987,26.30988405,0.229085382,-0.107025253,0.104363482,0.027477804,0.3756857,23.02647454,33.47248195,31.73361455,38.40869257,45.77729497,52.88777279,80.85484433,65.00428811
108,USDA,Kahlotus,2021,74.76570635,0.248196326,0.21780929,1.674027164,0.157183594,0.069953274,25.60677514,0.212471917,-0.106005725,0.10940494,0.024029225,0.373998167,20.36342752,29.82402124,28.0162294,33.96554194,40.5243174,46.67603236,71.93107708,57.96948655
109,USDA,Kahlotus,2021,63.1813773,0.260934524,0.230830662,1.720504321,0.163864182,0.072959871,26.78332283,0.275659566,-0.112703024,0.107159914,0.032268237,0.393142751,24.94628578,36.21548843,34.01053499,41.74533529,50.21672919,58.1966862,90.556876,72.01378361
110,USDA,Kahlotus,2021,76.27151421,0.269709291,0.237128507,1.761121388,0.164223405,0.073457174,29.86720634,0.21839096,-0.103840019,0.10849237,0.026512313,0.394636224,19.17561644,28.09043797,26.25022891,32.95130389,39.63319699,46.02828853,70.57014843,56.98641947
111,USDA,Kahlotus,2021,82.4024024,0.265897851,0.233535146,1.744588569,0.163481567,0.073119316,28.6457726,0.236944041,-0.096685455,0.122457198,0.028234598,0.392401363,21.0126861,30.80836069,28.81960803,35.84992863,43.06934592,49.95844185,77.60617559,63.68962081
112,USDA,Kahlotus,2021,34.05088063,0.270588185,0.236179012,1.761028111,0.170862224,0.076197302,28.3144608,0.291754628,-0.105509696,0.11193146,0.031462106,0.413587948,26.01289496,37.3230825,34.73419898,43.05978717,52.22684007,60.97629926,94.35939015,76.01371066
113,USDA,Kahlotus,2021,30.94395829,0.253750678,0.228470089,1.696967113,0.174234147,0.077859031,21.3766559,0.211356627,-0.104323848,0.112617159,0.020150027,0.423074063,18.89399112,27.61203754,26.21686254,31.07710059,37.81080886,44.27515405,68.49292562,55.29166782
114,USDA,Kahlotus,2021,61.90075694,0.256293729,0.223663453,1.704455255,0.173170746,0.076508274,22.72427771,0.2702308,-0.104643459,0.116368159,0.023860093,0.420198365,24.3736098,35.06905021,32.77329885,39.16085053,47.69129519,55.69697335,86.79725728,70.07539461
115,USDA,Kahlotus,2021,57.29146222,0.274433584,0.242166059,1.776381243,0.167993907,0.074655582,29.75481738,0.296207997,-0.093351741,0.124919252,0.035817384,0.405375587,25.10259124,36.78007538,34.3689437,43.26328955,52.34700535,60.9504369,94.45138559,77.99840986
116,USDA,Kahlotus,2021,70.69992554,0.282177318,0.24714341,1.812562412,0.175382382,0.077821127,29.2054054,0.290275564,-0.098711816,0.118239926,0.032402687,0.427212194,23.81116036,34.36655743,31.93016993,40.22697757,49.10444489,57.54453932,88.94683205,72.61456171
117,USDA,Kahlotus,2021,54.18510324,0.275406479,0.243352231,1.777511573,0.170716378,0.075789784,28.63341121,0.280734363,-0.101787799,0.114249679,0.033251326,0.413167602,23.84897111,34.54115678,32.2945033,40.31666009,48.89903516,56.99300367,87.94046261,71.52569822
118,USDA,Kahlotus,2021,59.6339779,0.289101553,0.252070212,1.840579753,0.173089232,0.076580518,31.54158804,0.274319914,-0.094127729,0.118103517,0.032996291,0.420624543,21.74669162,31.72084691,29.34399924,37.65370874,45.83323443,53.56455626,81.93536162,67.60442562
119,USDA,Kahlotus,2021,72.15334732,0.272920146,0.239138806,1.770159331,0.170629832,0.075935677,28.1564147,0.294949209,-0.102220725,0.118439779,0.033177357,0.412777096,25.33471382,36.57202615,34.0769269,42.41494753,51.4176558,59.95400324,93.3303211,75.79553123
120,USDA,Kahlotus,2021,55.74975174,0.300005511,0.264308452,1.87904768,0.175121317,0.078277252,33.85887335,0.306836332,-0.105114392,0.12186925,0.040130633,0.426263664,23.50350233,34.02876781,31.54298084,41.25016729,50.24316333,58.88091157,92.80508231,74.90023905
121,USDA,Kahlotus,2021,70.57335582,0.292909888,0.256333623,1.852285289,0.18047081,0.080717945,30.42787314,0.322955879,-0.106332206,0.125724963,0.036484803,0.442332931,25.19558111,36.16292412,33.48930987,42.779917,52.42591009,61.79253654,98.23610528,78.97986734
122,USDA,Kahlotus,2021,72.22870478,0.27592709,0.240713128,1.787640615,0.172510123,0.077224945,28.43888793,0.205369192,-0.107666261,0.113297997,0.022400129,0.418966369,17.36556488,25.10306261,23.34303089,29.17101908,35.40146199,41.44297064,64.5604914,51.70643369
123,USDA,Kahlotus,2021,68.84452511,0.257288353,0.225542653,1.709655905,0.171501943,0.076549874,23.35635694,0.254537132,-0.115269358,0.112776037,0.024042645,0.41532853,22.89472788,32.98035643,30.87516424,37.08592556,44.99462834,52.54251441,83.06333657,65.6647747
124,USDA,Kahlotus,2021,68.21734986,0.255693936,0.223284377,1.705388548,0.163763534,0.07335619,25.82480396,0.175259051,-0.111740178,0.104940814,0.018516586,0.393200724,16.42105048,23.8662329,22.33789885,27.13770178,32.5944379,37.82263133,58.5067503,46.51182448
125,USDA,Kahlotus,2021,63.50199965,0.254049245,0.217401638,1.697174641,0.167944249,0.074792772,23.8210325,0.201704094,-0.121391581,0.099559369,0.017833765,0.404977049,18.93312391,27.04635841,25.09322507,30.09529539,36.32931036,42.23477021,65.84994771,51.40000097
126,USDA,Kahlotus,2021,72.3265896,0.27284722,0.23381625,1.77809402,0.159703565,0.071326937,31.69807929,0.180966431,-0.118561667,0.098347143,0.022131204,0.381820873,15.83671662,23.01746852,21.22379621,27.02080923,32.3222517,37.35723791,57.83129458,45.33406588
127,USDA,Kahlotus,2021,68.44453458,0.27300895,0.234686012,1.774065741,0.162554069,0.072598158,30.82509084,0.237724749,-0.119799977,0.099947725,0.028292367,0.389445982,20.56955416,29.81863771,27.51538184,34.88605723,41.88180901,48.52899798,75.48242306,59.0793664
128,USDA,Kahlotus,2021,73.79281882,0.255070771,0.223721423,1.701802762,0.166112692,0.073735401,24.07277224,0.220024463,-0.119791969,0.103985021,0.022520872,0.399745301,19.93519867,28.8088715,27.006124,32.62274622,39.34814298,45.68066625,71.68957424,56.10215709
129,USDA,Kahlotus,2021,49.81221585,0.257948338,0.225717705,1.71264669,0.161705034,0.072625432,27.47700607,0.164904959,-0.11982099,0.093209488,0.018625533,0.387083106,15.64542812,22.49474087,21.04503821,25.83715231,30.9584328,35.86680972,55.10298495,43.09844444
130,USDA,Kahlotus,2021,66.21648861,0.251243536,0.222967319,1.685895699,0.160678992,0.071948674,25.82856859,0.190533342,-0.112347347,0.106192837,0.021687348,0.384062921,18.31011225,26.78476302,25.26773333,30.62182587,36.65685819,42.39106667,65.86301646,52.36293451
131,USDA,Kahlotus,2021,45.87137753,0.272080139,0.23602414,1.766634165,0.157667592,0.070787054,31.71658619,0.262795881,-0.120204415,0.09764375,0.034338675,0.375643001,22.08051898,32.48675348,30.10750627,38.60185828,46.07423402,53.25251942,82.3037229,64.33782636
132,USDA,Kahlotus,2021,53.14264208,0.263761595,0.228613891,1.737276252,0.176501906,0.078855117,23.26291337,0.213754774,-0.124511629,0.108146615,0.018596393,0.430547176,18.36787108,26.29649232,24.44349132,29.47917888,35.98106986,42.24528478,67.47510528,52.23884179
133,USDA,Kahlotus,2021,44.38551573,0.27305902,0.235705323,1.774932834,0.165465661,0.074368218,29.260185,0.1557362,-0.133604922,0.09694968,0.017979899,0.398084077,13.30153896,19.23411391,17.78620078,22.35126978,26.88522187,31.23818081,49.69924095,37.85706148
134,USDA,Kahlotus,2021,58.27379803,0.277720488,0.240570119,1.789573352,0.163739972,0.073900182,31.8339812,0.224974301,-0.12321636,0.107603147,0.028102402,0.393048299,19.47095871,28.10103393,26.03113508,33.14926203,39.73661032,46.1189155,73.27925656,57.02374323
135,USDA,Kahlotus,2021,57.73681114,0.256107213,0.226163935,1.703144192,0.168380003,0.074876235,23.95224613,0.259482493,-0.123469843,0.116477843,0.02657204,0.406133893,23.81306211,34.25510576,32.18753418,38.74536399,46.85486976,54.50374464,88.23358877,68.69594858
136,USDA,Kahlotus,2021,42.78062932,0.260910702,0.232247201,1.722285662,0.162994256,0.072251038,27.29365169,0.269510639,-0.118889627,0.116245157,0.03256357,0.391031503,24.19994919,35.52252688,33.48151862,41.26660782,49.6125905,57.44470398,92.02451067,72.27802784
137,USDA,Kahlotus,2021,50.74788641,0.248930609,0.217741199,1.680941851,0.159928578,0.070823203,26.22620676,0.179311222,-0.133825252,0.097325268,0.019092884,0.382207445,18.2845,26.30257417,24.67934982,29.79687124,35.69975458,41.20707929,65.57869298,49.94910203
138,USDA,Kahlotus,2021,64.64125561,0.24039872,0.210501471,1.645083247,0.162032227,0.0719455,22.01431343,0.169831936,-0.134565172,0.101239077,0.015776842,0.387813288,16.9826678,24.49260086,23.03572044,27.17551213,32.62975856,37.74245407,60.60078697,46.09746446
139,USDA,Kahlotus,2021,54.24794105,0.250327563,0.217966343,1.682682168,0.15814084,0.071486887,26.84744087,0.163612194,-0.126368818,0.10163633,0.017977362,0.376806829,16.10250611,23.31540896,21.80889676,26.56335169,31.66337278,36.60449938,57.81546444,44.70314044
140,USDA,Kahlotus,2021,38.17180617,0.266309797,0.228419105,1.750150097,0.165168195,0.07388177,27.69487778,0.112395946,-0.129054757,0.103640804,0.011938814,0.397547881,9.807585201,14.15740165,13.09168811,16.26877421,19.59296615,22.78916761,36.35771751,27.89487635
141,USDA,Kahlotus,2021,54.21150278,0.220354952,0.188963274,1.57351156,0.149400411,0.066687011,20.74012257,0.06427864,-0.124561421,0.098328129,0.005498742,0.352075409,7.22270092,10.49014206,9.844084075,11.42135145,13.4919599,15.42982228,24.1557638,18.74579178
142,USDA,Kahlotus,2021,67.81083143,0.221390354,0.191975959,1.577634692,0.147464421,0.065664968,21.3710837,0.119003279,-0.124100636,0.100586557,0.011406234,0.346713051,13.21905427,19.18792164,18.07220163,21.1060678,24.89624099,28.41717632,44.62062306,34.69144915
143,USDA,Kahlotus,2021,47.2818727,0.259499036,0.226741801,1.716669567,0.161569326,0.072356702,27.99891626,0.197023829,-0.122017714,0.103567691,0.022526801,0.386797117,18.31902378,26.53167065,24.78984324,30.59368022,36.67051084,42.48087017,66.81257981,52.0530049
144,USDA,Kahlotus,2021,43.73701115,0.293092176,0.251318033,1.858427764,0.161288683,0.071817772,36.44464891,0.258440074,-0.129510282,0.095934336,0.035376517,0.386124204,20.2174563,29.68154992,27.16026913,36.19954578,43.41386136,50.2554605,78.98473041,60.58287445
145,USDA,Kahlotus,2021,28.24838478,0.255031364,0.221123361,1.703320555,0.159747505,0.071131112,27.21759827,0.140164013,-0.115666445,0.106576836,0.015415227,0.381828619,13.427856,19.41058606,18.11452377,22.17663303,26.53652685,30.66249215,47.9672169,37.82197282
146,USDA,Kahlotus,2021,19.52309985,0.277054601,0.243678902,1.78596297,0.164772618,0.073910242,31.00302916,0.273872582,-0.117614527,0.114293931,0.035141344,0.395993817,22.91689649,33.65107796,31.37505802,39.88567182,47.97432461,55.72221629,88.84298431,69.89009443
147,USDA,Kahlotus,2021,35.97477846,0.255541959,0.22053318,1.702676385,0.164038157,0.073361013,25.79645548,0.180122642,-0.124173296,0.104324221,0.018165826,0.393772959,17.19653969,24.47292689,22.75885617,27.62993563,33.21491191,38.52747782,61.03506355,47.37733624
148,USDA,Kahlotus,2021,50.80873433,0.268691396,0.22952633,1.760359877,0.169889932,0.075877016,27.51186539,0.204112003,-0.123733783,0.10533398,0.02014544,0.411003694,18.06663118,25.73140076,23.72612408,29.38296335,35.54798582,41.45884102,65.63798422,50.95846831
149,USDA,Kahlotus,2021,59.00952381,0.260303356,0.224945442,1.722213639,0.164433635,0.073396698,26.42007038,0.227475512,-0.124091112,0.107262926,0.023995508,0.39488893,20.5718789,29.64357819,27.53777649,33.77133824,40.6286035,47.13220285,75.03095591,58.27988313
150,USDA,Kahlotus,2021,36.77956031,0.269140747,0.233120004,1.756695724,0.167932208,0.075306903,27.73018828,0.131801486,-0.121938174,0.106719311,0.014300023,0.405108558,11.3754211,16.50668247,15.32059777,19.01867125,22.95575505,26.74989304,42.33925875,32.98554871
151,USDA,Kahlotus,2021,66.15267466,0.261943893,0.226334915,1.72818222,0.165367776,0.07429743,27.7045027,0.217948731,-0.118635219,0.106639375,0.022886349,0.397686473,20.32236041,29.19120141,27.11743322,33.3513652,40.146534,46.69346844,73.42383961,57.56160699
152,USDA,Kahlotus,2021,47.17288873,0.257725346,0.227386323,1.715563557,0.17124271,0.07696725,24.17351331,0.201138642,-0.121626719,0.105701004,0.019601366,0.414773684,18.70445295,26.99412117,25.35682376,30.47666534,36.92754715,43.16480634,68.19025028,53.21357982
153,USDA,Kahlotus,2021,50.84324516,0.240720812,0.21223439,1.646375329,0.167054085,0.073976998,20.06169818,0.147451324,-0.116582173,0.108943629,0.012613099,0.402287085,13.99219076,20.34093618,19.18743555,22.45722281,27.13187588,31.52102976,49.52886574,39.05275213
154,USDA,Kahlotus,2021,58.48847926,0.265259444,0.232011142,1.743248201,0.175062901,0.077721354,24.09453884,0.257856994,-0.117062174,0.112205614,0.024565308,0.426140062,22.27170647,31.88487953,29.74959173,36.07017103,43.98340361,51.49665979,81.58917554,64.27183125
155,USDA,Kahlotus,2021,32.77591973,0.252294174,0.219665758,1.69375273,0.162252288,0.071771551,25.9124143,0.17542681,-0.12084493,0.10631146,0.018182125,0.389003171,17.15718555,24.75439569,23.17174729,28.04642951,33.67487564,38.94719995,61.40711994,47.99706254
156,USDA,Kahlotus,2021,55.67987863,0.290411582,0.256254821,1.841288775,0.173594251,0.077902696,32.51859435,0.318823478,-0.122157055,0.118416561,0.04005733,0.421934967,25.92381033,37.37282534,34.78910295,44.76681341,54.40599025,63.74411408,103.1796925,80.43059629
157,USDA,Kahlotus,2021,52.22838365,0.282318391,0.243302127,1.813497549,0.169527793,0.075912686,30.98576871,0.246909565,-0.132687538,0.10266933,0.028588503,0.410024017,20.28830205,29.4357082,27.13006898,34.59480208,41.84810408,48.8274442,78.29785233,59.70238392
158,USDA,Kahlotus,2021,41.00223169,0.252036096,0.21948271,1.69060565,0.158494551,0.070880409,26.22104795,0.228988691,-0.129644571,0.105598617,0.025510862,0.37800832,21.84289887,31.68212309,29.62717103,36.07597703,43.08718207,49.7248802,79.7654557,61.29249493
159,USDA,Kahlotus,2021,65.06681724,0.255091862,0.217105702,1.704859485,0.162390112,0.073394836,27.1351387,0.130010002,-0.130003898,0.09691804,0.012643646,0.389022144,12.80773597,18.26093492,16.88219954,20.5825113,24.65389711,28.60221371,45.18111666,34.63648172
160,USDA,Kahlotus,2021,46.53117061,0.273645402,0.238158754,1.772583325,0.15986979,0.071996957,32.15609112,0.266935846,-0.124751981,0.111941618,0.034649563,0.381922745,23.01133461,33.88939648,31.48885001,40.18704375,48.00918616,55.55128948,89.25705535,69.18727268
161,USDA,Kahlotus,2021,73.46363087,0.275188715,0.235829949,1.786363924,0.170996863,0.076540973,28.70479494,0.214884569,-0.131165174,0.10386757,0.022322653,0.414003048,18.2401453,26.22597923,24.16308082,30.28362485,36.68977079,42.86827232,68.76365484,52.53392915
162,USDA,Kahlotus,2021,58.53156022,0.251502682,0.217844643,1.686435373,0.155472683,0.069396593,27.63135229,0.236077148,-0.126389285,0.106163489,0.027065749,0.369509269,22.7143169,33.17537051,30.95110646,37.97875772,45.22908561,52.0818745,83.02449242,64.14293175
163,USDA,Kahlotus,2021,60.80410607,0.259877609,0.228264265,1.716994651,0.162267071,0.072214083,27.55107976,0.270102269,-0.126638653,0.109642614,0.031263173,0.388598389,24.59326825,35.79792892,33.5114998,41.34499813,49.65258925,57.50123138,92.38344217,71.31869675
164,USDA,Kahlotus,2021,34.10534946,0.255662915,0.226384583,1.703737637,0.159427172,0.071639338,27.19939511,0.159818321,-0.126349723,0.102492077,0.019090198,0.380572329,15.04809988,21.84512689,20.56908383,25.25109455,30.17497528,34.9069819,55.28185073,42.66793981
165,USDA,Kahlotus,2021,65.27852893,0.262861014,0.221577148,1.735947063,0.162093002,0.072060704,28.5867583,0.098754945,-0.132839786,0.097570989,0.010079576,0.388265017,9.085676389,12.95761852,11.89958362,14.79597475,17.75272058,20.54380898,32.68061978,24.88140352
166,USDA,Kahlotus,2021,52.26215645,0.258240764,0.222371177,1.711857981,0.168331775,0.07482794,24.70220151,0.175239233,-0.140365921,0.096590653,0.016624279,0.406092684,15.93182455,22.91859076,21.28245536,25.75205522,31.11770721,36.18255,58.32315151,43.79672944
167,USDA,Kahlotus,2021,62.81575037,0.270810887,0.233874998,1.760569217,0.164322138,0.073308026,28.93292415,0.236276808,-0.136888292,0.10319403,0.027435274,0.394388265,19.81231418,29.00531316,26.85497452,33.75676428,40.58976262,47.08078975,76.25254556,57.66585406
168,USDA,Kahlotus,2021,69.55488332,0.246404043,0.219339596,1.667025478,0.157120491,0.071472603,25.69017569,0.195397292,-0.133700023,0.09733083,0.022817118,0.374096596,19.40808104,28.42780622,26.9046382,32.47683865,38.63573686,44.67564627,71.04380084,54.07530397
169,USDA,Kahlotus,2021,41.83266932,0.253424366,0.220619739,1.694508391,0.15893323,0.071707512,26.83324322,0.157169995,-0.13617644,0.095560316,0.017552788,0.379197305,14.95986054,21.80783287,20.39224615,24.91006967,29.72456352,34.37670025,54.78866272,41.47446205
170,USDA,Kahlotus,2021,25.1442704,0.227515427,0.203936698,1.597727889,0.158840752,0.071766685,19.95490418,0.158831461,-0.14148317,0.096290835,0.014748479,0.378630106,17.3362998,25.15065109,23.9701903,27.69512791,33.03747708,38.18246656,61.59250323,46.22168774
171,USDA,Kahlotus,2021,45.41984733,0.224454615,0.200782695,1.587004907,0.1556205,0.070354407,20.5237397,0.129108214,-0.14132418,0.089952784,0.012267757,0.369747101,14.7856904,21.49169827,20.4976174,23.65390156,28.10000899,32.38695828,51.5338318,38.68075293
172,USDA,Kahlotus,2021,58.39686792,0.23802904,0.208146134,1.635167035,0.152824838,0.067786202,24.73458337,0.130994813,-0.137842465,0.099388565,0.014303918,0.361773345,13.64542039,19.86869848,18.68857941,22.34491824,26.53927332,30.42965757,49.04929238,37.0979563
173,USDA,Kahlotus,2021,53.06424345,0.259970181,0.224481287,1.724148736,0.15517188,0.069227393,30.31555625,0.106732082,-0.143424399,0.095618112,0.012975477,0.368921565,10.09242916,14.70362905,13.66843652,17.08665753,20.34069418,23.41689388,37.83459672,28.25610874
174,USDA,Kahlotus,2021,41.5039929,0.242214082,0.211214693,1.654303449,0.158102704,0.070587948,24.75381174,0.113867653,-0.144433975,0.094362621,0.011536065,0.377048923,11.88961528,17.19532577,16.14831168,19.27241948,23.00023465,26.52661783,42.89489136,31.97257754
175,USDA,Kahlotus,2021,46.71692125,0.268150142,0.232026593,1.753133373,0.173126812,0.077775733,25.76497967,0.256308959,-0.155988282,0.095104565,0.025095499,0.42062086,22.20996295,31.89422819,29.59241998,36.21720385,43.95802658,51.45439737,85.21122103,61.99485098
176,USDA,Kahlotus,2021,38.48888889,0.223390254,0.200148233,1.584170759,0.156580753,0.07084119,19.19258816,0.130051448,-0.142722629,0.094133127,0.011951579,0.372469962,14.38886079,21.03625202,20.0825683,23.06235832,27.42921672,31.64932011,50.95419043,38.10502327
177,USDA,Kahlotus,2021,31.4577493,0.256720736,0.217637866,1.706528706,0.153467724,0.069164086,29.14019638,0.103329075,-0.140528553,0.094276626,0.011970536,0.363533755,9.688234913,14.15394697,13.07140899,16.23823773,19.23860373,22.10180967,35.4667673,26.62901929
178,USDA,Kahlotus,2021,63.97716461,0.261637173,0.224261044,1.73107643,0.156035448,0.070369706,30.77083634,0.159537377,-0.139851557,0.095371941,0.018992678,0.371510739,15.15803209,21.98130072,20.35132484,25.47967172,30.29647875,34.94031058,56.12315639,42.16359752
179,USDA,Kahlotus,2021,38.95983713,0.261142482,0.226641375,1.724052376,0.164947508,0.073819793,27.07598747,0.174831282,-0.141196464,0.100193489,0.018679005,0.39637667,15.96300126,23.11489663,21.52123894,26.43436171,31.80905025,36.94330227,60.05668546,44.99571629
180,USDA,Kahlotus,2021,26.93773825,0.243751145,0.211506428,1.658379627,0.156640976,0.070123416,25.56771754,0.128883908,-0.139670356,0.09416417,0.013402159,0.372822036,13.21526744,19.0886618,17.86460502,21.49538679,25.62729739,29.55539386,47.28566156,35.54597536
181,USDA,Kahlotus,2021,40.80242241,0.26198399,0.230646541,1.722761325,0.151679555,0.068082895,31.58132074,0.183886403,-0.1310215,0.10775733,0.02567821,0.358504982,16.77041334,24.94810441,23.36930954,29.51660262,34.96469754,40.12216205,64.90629812,49.71560426
182,USDA,Kahlotus,2021,44.80444785,0.291629912,0.254162132,1.851002105,0.16508849,0.074514793,35.68254853,0.325794494,-0.137623517,0.101698218,0.04419425,0.397573192,26.46485207,38.53152405,35.60030384,46.8058934,56.33308227,65.62057543,106.1808938,80.06914624
183,USDA,Kahlotus,2021,35.38230885,0.242900358,0.215177637,1.653374739,0.154444503,0.069225528,25.37823406,0.220113117,-0.134595467,0.10487672,0.025662247,0.366341124,22.24427009,32.39570161,30.59765037,36.85074911,43.80623847,50.38498166,81.55578385,62.04013303
184,USDA,Kahlotus,2021,46.96717906,0.269893407,0.233447837,1.758043515,0.164593014,0.073809989,29.47353258,0.252660637,-0.133624487,0.109772934,0.02911333,0.395498557,22.21740086,32.14220193,29.7824478,37.30904099,44.90369932,52.18275396,85.08842063,64.77702354
185,USDA,Kahlotus,2021,74.75237092,0.283559402,0.251635034,1.81264455,0.166986438,0.075316849,31.96443221,0.302482165,-0.132324349,0.115338459,0.040374696,0.402224308,24.39223396,36.08535096,33.73718785,43.29958135,52.18118291,60.78587759,100.0584552,76.44329416
186,USDA,Kahlotus,2021,60.63975034,0.256147566,0.226795495,1.703901085,0.173479281,0.077323915,22.18902474,0.192760902,-0.140058265,0.106642001,0.01798152,0.420964057,16.91139981,24.63763272,23.19314562,27.70097485,33.6768426,39.38811529,64.61366392,48.55876038
187,USDA,Kahlotus,2021,62.64892772,0.259924916,0.229981764,1.716489104,0.175824071,0.078917218,22.87352786,0.267403651,-0.137109003,0.114317833,0.024990865,0.428066037,23.59862092,34.07861381,32.01045836,38.33911877,46.72107846,54.83283276,90.92635828,68.78417713
188,USDA,Kahlotus,2021,71.38486641,0.287160415,0.24929479,1.827430378,0.158461579,0.071304482,36.4944118,0.34592211,-0.13294385,0.106509091,0.049193823,0.378095465,28.07709166,41.3124742,38.10581991,50.47117345,60.31584002,69.80324994,112.6740932,85.87336575
189,USDA,Kahlotus,2021,50.37273695,0.265687087,0.235357545,1.739375555,0.160132091,0.071577998,29.87605683,0.277888409,-0.130579664,0.10936405,0.035844006,0.382568535,24.54380583,36.25189043,34.0353885,42.71236322,51.13699845,59.15190662,95.6649463,73.32306464
190,USDA,Kahlotus,2021,68.85663856,0.243539629,0.215703226,1.658511372,0.162472732,0.071611822,22.51473176,0.213509699,-0.13144883,0.10868658,0.02142727,0.389441098,20.89943919,30.14455225,28.46448977,33.78436412,40.6284212,46.96353112,76.08708204,58.2601971
191,USDA,Kahlotus,2021,80.6072695,0.254851956,0.223894133,1.700390421,0.157573246,0.069987295,27.83177276,0.195510996,-0.137572343,0.104727298,0.023393678,0.375389956,18.83763318,27.21536219,25.52351301,31.36353071,37.45975308,43.15437203,70.22864831,53.1240276
192,USDA,Kahlotus,2021,69.99078766,0.26413022,0.227870812,1.736980801,0.157015756,0.070804774,32.01256872,0.147026808,-0.141512707,0.095580428,0.018048608,0.373996786,14.27274666,20.61973657,19.13704814,24.02044464,28.58859236,32.97646587,53.14894608,39.86598298
193,USDA,Kahlotus,2021,58.67446394,0.251394255,0.215607747,1.690612252,0.151776918,0.069328637,29.35686081,0.102117423,-0.137086818,0.10188849,0.01198673,0.359334559,10.27717916,14.87766361,13.82813359,17.06650626,20.16381352,23.20196646,37.49070209,28.37462748
194,USDA,Kahlotus,2021,51.33568027,0.266592703,0.234597649,1.743478734,0.165357602,0.075406187,28.97209855,0.252843018,-0.141437434,0.101066148,0.029672271,0.397698732,22.75016876,33.00184709,30.86727359,38.42562959,46.15116142,53.81709915,87.48985194,65.55206247
195,USDA,Kahlotus,2021,37.24352332,0.266447269,0.236346582,1.747081318,0.163841249,0.074353061,29.5751718,0.206428294,-0.136385505,0.10696287,0.025353083,0.393814331,18.98396009,27.6304883,25.98125979,32.33771926,38.79430475,45.14685616,73.612087,55.70982868
196,USDA,Kahlotus,2021,27.18071402,0.260394795,0.223418956,1.722717295,0.155632718,0.070159163,30.69957419,0.153205576,-0.136824092,0.100905129,0.018279437,0.370010566,14.51080725,21.16721595,19.62436155,24.55941266,29.1744427,33.61324958,54.20901723,41.01036609
197,USDA,Kahlotus,2021,63.46564234,0.238944813,0.211367972,1.641780367,0.161843248,0.073412181,22.36274726,0.165049615,-0.139723055,0.098305924,0.015753823,0.387326512,17.32603967,24.99233031,23.63909564,27.78688508,33.23061415,38.54089955,62.16423547,46.78178678
198,USDA,Kahlotus,2021,51.83932347,0.254217951,0.222552805,1.696801531,0.168036496,0.075221972,23.88161232,0.269194841,-0.145343093,0.103833037,0.026136275,0.405301298,24.88435552,35.83469673,33.55872381,40.35135851,48.74701324,56.79159439,93.72179649,69.66285246
199,USDA,Kahlotus,2021,39.37052394,0.238235041,0.209040205,1.641671863,0.159966493,0.071755168,22.43469205,0.166890514,-0.137229754,0.099609331,0.015813248,0.382090767,17.29165936,24.93433772,23.49804158,27.7091954,33.12205792,38.29349858,61.73183829,46.65175117
200,USDA,Kahlotus,2021,46.22324801,0.265424896,0.231164342,1.740891079,0.15477987,0.069540734,31.62142088,0.195479158,-0.139267145,0.101066962,0.025854382,0.367561917,17.95178869,26.23167283,24.43622642,30.86411714,36.67529716,42.20665742,68.45938722,51.55811615
201,USDA,Kahlotus,2021,70.8721056,0.271066736,0.234592904,1.76671993,0.152868836,0.068313484,33.16526116,0.23490081,-0.139821183,0.100880298,0.032349181,0.362617251,20.57867599,30.20866606,28.00207868,35.99049417,42.74020454,49.11314868,79.66202479,59.88123897
202,USDA,Kahlotus,2021,46.88107058,0.242718499,0.212005004,1.656201381,0.169493463,0.075217376,20.35970865,0.208171059,-0.149026504,0.100900898,0.016505221,0.40986486,20.6913827,29.43802549,27.64260857,32.23781946,39.03912167,45.44737427,75.20085007,55.51054585
203,USDA,Kahlotus,2021,49.28147155,0.243049388,0.208057015,1.657229051,0.163854485,0.073236915,21.76985192,0.07301148,-0.143219018,0.096352701,0.006059612,0.393593944,7.017528246,10.17499783,9.476221374,11.19509444,13.43442503,15.56786603,25.21601045,18.8165447
204,USDA,Kahlotus,2021,57.99035966,0.261156761,0.221136711,1.725013056,0.163673434,0.073346829,26.93715622,0.099530928,-0.145202811,0.099751693,0.009950186,0.392782779,9.027177787,12.94784911,11.91917456,14.66278587,17.60711369,20.41684704,33.43653392,24.85551374
205,USDA,Kahlotus,2021,57.403946,0.251952927,0.219951221,1.687195966,0.145773297,0.06658099,31.57281439,0.186125266,-0.143302535,0.088534769,0.025647483,0.342354289,18.56526433,27.30988841,25.56296962,31.99371347,37.55460668,42.98532406,68.43780748,51.11852496
206,USDA,Kahlotus,2021,20.10846892,0.235332507,0.204025398,1.627472205,0.155622709,0.069330663,22.69809128,0.179903379,-0.153380734,0.090662674,0.017261648,0.369726419,18.65120018,26.87902747,25.21473824,29.81877821,35.5147948,40.86070142,66.7334858,48.8478816
207,USDA,Kahlotus,2021,25.50890585,0.237228514,0.213058194,1.632751711,0.157974706,0.071171588,23.02288967,0.174374822,-0.148655933,0.093121909,0.018837214,0.376347085,18.34360484,26.6778314,25.40322913,30.00255891,35.76088792,41.28918451,67.09286947,49.61045851
208,USDA,Kahlotus,2021,49.42752214,0.251997359,0.216295776,1.692776031,0.150050925,0.066668305,30.57206862,0.108299729,-0.144817286,0.089260471,0.013213912,0.354272518,10.97543206,16.08381358,14.95594996,18.543582,21.93632943,25.08842215,40.18996103,29.97348111
209,USDA,Kahlotus,2021,51.16328257,0.2584848,0.225646763,1.715257129,0.157037533,0.070283701,29.35513902,0.133931227,-0.148516282,0.091106269,0.016288015,0.374099972,12.76956228,18.67571884,17.4603073,21.63296578,25.79154991,29.74856623,48.15362185,35.60080304
210,USDA,Kahlotus,2021,49.18621856,0.228721367,0.207810735,1.601695093,0.15442428,0.07042915,22.62544422,0.154513387,-0.140044858,0.100727862,0.016994356,0.366635467,17.76480807,25.85137909,24.7892227,28.9523856,34.31072013,39.55826989,64.16165274,48.29350212
211,USDA,Kahlotus,2021,45.19681827,0.250355117,0.221350198,1.681995647,0.149820596,0.068381576,29.89106016,0.243484491,-0.140905246,0.100396781,0.032417889,0.354003256,24.26674187,35.84420657,33.77709708,41.80802798,49.30566754,56.65071142,91.89577214,68.98231802
212,USDA,Kahlotus,2021,65.07227891,0.246289136,0.218224126,1.667322982,0.153122349,0.069922126,27.10544827,0.187971938,-0.137216688,0.103983815,0.023085376,0.362908296,18.76420452,27.69545904,26.16442867,31.84159573,37.68627564,43.42956646,70.46725969,53.28103151
213,USDA,Kahlotus,2021,51.06984255,0.252613822,0.214063274,1.691135014,0.166204908,0.074614991,23.51174144,0.136877495,-0.149117414,0.097216303,0.011786118,0.400033829,12.585012,18.02480849,16.64503223,19.99518556,24.07028783,27.98658104,45.91542809,33.8785028
214,USDA,Kahlotus,2021,36.27118644,0.234272605,0.203090893,1.62199692,0.158405978,0.072024194,22.22100093,0.03051097,-0.139211732,0.0996017,0.002717662,0.377669673,3.261661132,4.677362762,4.388966468,5.152325577,6.135192899,7.093060502,11.47356405,8.6441847
215,USDA,Kahlotus,2021,8.715688239,0.233341742,0.202688177,1.620660258,0.168984093,0.075973623,19.23686826,0.087750558,-0.145670567,0.094977925,0.005777171,0.408109418,9.706926658,13.70763723,12.88399847,14.75920955,17.81040953,20.75349772,33.71638929,25.05594472
216,USDA,Kahlotus,2021,25.16569201,0.278037137,0.241129046,1.794632566,0.159439048,0.071665977,33.87356378,0.172912286,-0.140609442,0.099607803,0.022840217,0.381177728,14.85293453,21.73021557,20.11609606,25.9933427,31.07211148,35.96948636,58.28128928,43.68019923
217,USDA,Kahlotus,2021,41.61456418,0.264715873,0.229788653,1.73743308,0.160419511,0.072769803,30.52777848,0.125291361,-0.136944296,0.09831453,0.014961208,0.383338847,11.72984328,17.00160192,15.81775992,19.78228152,23.6114678,27.33850852,43.99013025,33.23958773
218,USDA,Kahlotus,2021,31.6704616,0.248568273,0.21290279,1.677303392,0.161417688,0.072361771,24.91248889,0.144299199,-0.141594198,0.098482025,0.013721031,0.386323939,14.32770135,20.43090679,18.98338878,22.82401947,27.33835035,31.6395324,51.34811762,38.4714053
219,USDA,Kahlotus,2021,38.85108086,0.238227846,0.21262053,1.635763902,0.162325972,0.073640421,22.12266291,0.153473015,-0.143335015,0.094830103,0.014990234,0.388634004,15.99953039,23.16580483,21.99855763,25.8400599,30.91120614,35.85813717,57.92261245,43.24707002
220,USDA,Kahlotus,2021,43.11045438,0.256482713,0.223720216,1.706739519,0.166193228,0.07447822,25.19557449,0.194746494,-0.141844055,0.106139316,0.019792249,0.399880361,18.11894144,26.09843053,24.39627174,29.55934847,35.60804466,41.39748313,68.21834755,51.09295994
221,USDA,Kahlotus,2021,50.81659471,0.263453524,0.232748663,1.728842131,0.163301553,0.073454664,28.34409448,0.24103903,-0.13749526,0.115859908,0.029008552,0.391590855,21.91548221,31.84003634,29.85620789,36.96266326,44.37738817,51.50233958,85.70954529,64.78900018
222,USDA,Kahlotus,2021,61.2244898,0.251629538,0.224142828,1.687346822,0.163916124,0.073568293,24.35200467,0.22197687,-0.13694443,0.115553053,0.024173937,0.393384891,20.57448381,30.03486364,28.37787336,34.2502295,41.17379535,47.81524507,79.37732442,60.06080366
223,USDA,Kahlotus,2021,59.03841621,0.241339784,0.211555309,1.65424839,0.166053733,0.074404391,21.51423949,0.110054555,-0.140249173,0.106093931,0.009420715,0.400008729,11.13674131,16.07338997,15.12987325,17.74329909,21.36110605,24.82408018,40.77561965,30.65427406
224,USDA,Kahlotus,2021,30.51809794,0.270499167,0.225927637,1.765443375,0.153565007,0.068073811,32.1264457,0.074186377,-0.13787325,0.103939492,0.009079044,0.364460659,6.409692439,9.303172166,8.477261711,10.87838385,12.93145683,14.84511084,24.12522438,18.22516997
225,USDA,Kahlotus,2021,18.3562881,0.270060215,0.235078388,1.758883386,0.155006417,0.069500146,34.34222017,0.208093988,-0.141829632,0.097703659,0.028189325,0.368154826,19.51962339,28.27743291,26.30535178,33.6688101,40.02379197,46.07433239,74.46432481,55.80167942
226,USDA,Kahlotus,2021,51.55419223,0.284759863,0.249215941,1.820319123,0.178330989,0.079021455,29.27828368,0.225233415,-0.148070742,0.103063515,0.02456286,0.436182129,18.24668109,26.31576775,24.43474328,30.81777531,37.72220247,44.30939053,73.30566919,54.14719958
227,USDA,Kahlotus,2021,52.93503238,0.250939661,0.215248589,1.693583084,0.16488282,0.073090412,25.09577104,0.086047848,-0.140496609,0.104025517,0.007756218,0.396847789,8.57725197,12.18935827,11.32516934,13.62977027,16.41294688,19.02753177,31.15060562,23.40097235
228,USDA,Kahlotus,2021,22.94695481,0.245192617,0.211918123,1.66568163,0.157710224,0.069604159,25.22334346,0.154616732,-0.142819294,0.102507007,0.015790196,0.375856323,15.7288082,22.52525758,21.03107352,25.29040127,30.22618515,34.78355453,56.98635783,42.65002021
229,USDA,Kahlotus,2021,42.19919401,0.262479598,0.227118668,1.732159734,0.150732427,0.067694067,32.6408,0.247752081,-0.140576078,0.099648474,0.033242131,0.356616493,23.35072509,34.16968821,31.75249234,40.25856412,47.6692864,54.72566822,88.61714598,66.55011919
230,USDA,Kahlotus,2021,63.156572,0.282822866,0.246830596,1.811343623,0.16540516,0.074778104,33.59303489,0.250857145,-0.141212241,0.105713329,0.032317651,0.397949707,21.57715039,31.08154351,28.80132898,37.09491846,44.62052046,51.94188952,85.36010943,64.04043071
231,USDA,Kahlotus,2021,59.34863645,0.248107565,0.213400431,1.676886221,0.152715519,0.068761377,28.38044249,0.107500553,-0.136024402,0.101934619,0.01221717,0.361886258,11.01061331,16.0194889,14.92007911,18.24374103,21.60900651,24.81771952,40.09657868,30.41553279
232,USDA,Kahlotus,2021,28.99168621,0.247171631,0.214590873,1.670105886,0.150347317,0.067240591,27.73833497,0.155908631,-0.134959401,0.109244509,0.01900282,0.354970529,15.61418136,22.66909895,21.19926405,25.94280389,30.69111833,35.14130369,57.44056892,43.71175484
233,USDA,Kahlotus,2021,42.21007419,0.231998358,0.203717904,1.613375151,0.16069346,0.071825593,20.62379864,0.13146156,-0.137820198,0.10572643,0.011362696,0.383787696,13.99936732,20.25055608,19.1292072,22.21693939,26.59089314,30.73531668,50.17839883,37.92789787
234,USDA,Kahlotus,2021,37.92196405,0.253012829,0.221175498,1.695524159,0.164249691,0.07376052,25.21476892,0.135962013,-0.137564949,0.105694213,0.013916446,0.394844493,13.18865508,18.93702188,17.74088167,21.39845421,25.68755871,29.7952418,48.68022576,36.79761979
235,USDA,Kahlotus,2021,35.96176822,0.25947008,0.221271756,1.721558107,0.161530658,0.07271745,27.96418143,0.067027697,-0.141772602,0.097017291,0.007019082,0.386868815,6.419450992,9.16666485,8.475983297,10.41900885,12.46653481,14.4323738,23.37582329,17.50654087
236,USDA,Kahlotus,2021,17.2876304,0.271174497,0.236042627,1.768499402,0.163811582,0.07438456,31.41742892,0.122370996,-0.136915148,0.10175017,0.01464107,0.393904362,11.24975375,16.22093671,15.09070839,19.00819854,22.78431418,26.51173492,42.86702555,32.36874732
237,USDA,Kahlotus,2021,30.19441069,0.280055524,0.240448317,1.807570633,0.162164712,0.072667383,33.30051569,0.127822519,-0.142576699,0.097723348,0.015978458,0.388865197,11.11426448,16.01130166,14.73186078,18.93970132,22.71545825,26.3128941,42.78761321,31.97166804
238,USDA,Kahlotus,2021,30.54140728,0.276004598,0.242391059,1.788180428,0.172887685,0.077925421,28.935483,0.252914242,-0.143838786,0.102938523,0.028184946,0.420521201,21.61639775,31.27398045,29.17087815,36.49820745,44.28244453,51.9036762,85.19069142,63.43497059
239,USDA,Kahlotus,2021,61.32231405,0.262341319,0.228731918,1.730623628,0.163867479,0.073874743,28.13755037,0.183554928,-0.134044986,0.10858151,0.020552556,0.393739137,16.99994424,24.65884535,23.01867255,28.39761551,34.06693538,39.56158973,64.48764794,49.01022414
240,USDA,Kahlotus,2021,46.82194166,0.251333444,0.219734294,1.686444959,0.155102463,0.069980777,27.26485719,0.229712922,-0.140565408,0.103694004,0.027404872,0.368762858,22.24138994,32.27576312,30.2506931,37.02814717,43.98601955,50.66567495,82.78914806,62.19680605
241,USDA,Kahlotus,2021,61.16408423,0.230568241,0.208786254,1.607505312,0.156103104,0.071899151,22.25309213,0.174909162,-0.135636616,0.101933024,0.018837936,0.371344773,19.38879536,28.33544412,27.12794755,31.71990436,37.59642209,43.46917174,70.05268092,53.1701114
242,USDA,Kahlotus,2021,50.75773746,0.240297345,0.21389973,1.643922328,0.154647675,0.069746021,24.64705222,0.261663754,-0.144125424,0.104137364,0.030075698,0.367095956,26.62923566,38.79343323,36.74607798,44.05443521,52.34329183,60.29561925,99.25510525,74.04598764
243,USDA,Kahlotus,2021,72.86790956,0.270295445,0.237132132,1.761736213,0.15638448,0.070513166,34.00459128,0.242499931,-0.143195958,0.100037945,0.032913806,0.372672392,22.60595298,32.97499059,30.7767717,39.29059584,46.79404767,54.03504062,88.0149568,65.7082163
244,USDA,Kahlotus,2021,60.02342378,0.223159513,0.195946655,1.582366442,0.148024403,0.065252792,22.12660871,0.106645617,-0.146155727,0.091204131,0.010966376,0.348367094,12.20032471,17.60634852,16.65886675,19.46996375,23.01082636,26.23831233,42.28422169,31.4551377
