Plot_ID,Trial,Loc,Year,X.Can.Cover_152,NDVI_152,GNDVI_152,SR_152,NDRE1_152,NDRE2_152,TCARI_152,SAVI_152,NWI1_152,NWI2_152,MTVI_152,ChlRE_152,BLU_152,GRN_152,RED_152,RE1_152,RE2_152,NIR_152,X900_152,X975_152
101,USDA,Ritzville,2021,57.94314381,0.215469839,0.199713678,1.554441645,0.164765318,0.062511962,14.03402688,0.186538271,-0.050566975,0.077842832,0.014225331,0.395127224,20.7793104,29.73360556,28.78347978,32.02936316,39.40036897,44.67239847,57.77186479,52.15191705
102,USDA,Ritzville,2021,65.11257676,0.206840451,0.199660277,1.525087148,0.15622408,0.060554885,13.74733168,0.215793686,-0.039577002,0.095639016,0.021698077,0.370945933,24.12604123,35.94072534,35.42557907,39.42084539,47.81637547,53.98416729,70.72834029,65.30427133
103,USDA,Ritzville,2021,44.19995216,0.189726571,0.188194308,1.470311443,0.142823083,0.056750546,12.96172778,0.172215898,-0.037872365,0.089439378,0.020223296,0.333742612,21.75775669,32.76995873,32.68249938,36.03890374,42.86418868,48.02591863,61.94209125,57.40858883
104,USDA,Ritzville,2021,35.17938839,0.235144171,0.213002158,1.622139645,0.166128106,0.068721082,18.91748842,0.240621128,-0.051298838,0.080054846,0.022289761,0.399363408,23.45752438,34.09291112,32.56740541,37.78097223,46.00320989,52.83224622,68.66479476,61.86306257
105,USDA,Ritzville,2021,70.14787431,0.22069754,0.205320155,1.573322708,0.162103936,0.067864385,16.47295364,0.162218741,-0.047476138,0.078598686,0.014921761,0.387976467,17.41956834,25.64220857,24.85618648,28.15283242,34.04445697,39.01104202,50.21239776,45.57637949
106,USDA,Ritzville,2021,53.69983278,0.223491393,0.203699277,1.582580257,0.159528326,0.067182135,18.67691561,0.17497308,-0.047630704,0.076038172,0.016324433,0.380940133,19.21783844,27.95011068,26.84795916,30.79314951,37.08337762,42.44078895,54.31888232,49.29442697
107,USDA,Ritzville,2021,71.61591465,0.227146876,0.204858938,1.594324062,0.160545513,0.065721752,18.82572596,0.222907948,-0.049677417,0.077745126,0.020462201,0.383425897,23.44206616,33.99915102,32.47185417,37.41498659,45.32302658,51.72873854,66.71765096,60.3068122
108,USDA,Ritzville,2021,69.43699732,0.203323982,0.189817384,1.514562579,0.150945867,0.061561474,14.69809409,0.191914684,-0.043284535,0.085538514,0.017740088,0.356260308,22.22184738,33.17590459,32.27701466,36.02902194,43.14764055,48.82302541,63.16385845,57.88646209
109,USDA,Ritzville,2021,69.82513217,0.229609786,0.207017068,1.60147938,0.159271358,0.065257019,19.61087697,0.242717942,-0.066249117,0.077745748,0.023860581,0.379641684,24.90493571,36.53946516,34.87130904,40.42308582,48.88367805,55.7213714,74.30892227,65.03830859
110,USDA,Ritzville,2021,73.49966285,0.233185276,0.212445253,1.617030389,0.159687826,0.065807733,20.56738097,0.220875368,-0.076954571,0.082035878,0.0233692,0.381126004,21.87103205,32.62216178,31.26325542,36.5798891,44.2078614,50.4743392,69.3339673,59.30761559
111,USDA,Ritzville,2021,70.72090213,0.219799407,0.199537922,1.569132475,0.153755575,0.062957078,18.33468077,0.214172177,-0.063354165,0.090163969,0.021247971,0.36407022,22.45708098,33.45769778,32.09286265,36.90108488,44.33306206,50.32079634,68.38757715,60.16761738
112,USDA,Ritzville,2021,60.74214632,0.245150403,0.216592209,1.657649493,0.167288264,0.069594754,22.06427634,0.23784983,-0.076327488,0.073402589,0.022075098,0.402691193,22.83363206,33.15869317,31.23417055,36.95531949,45.04420147,51.82943666,69.90933983,59.85289689
113,USDA,Ritzville,2021,68.49375137,0.223201634,0.201835023,1.58140304,0.165833264,0.068162856,15.55592494,0.163722657,-0.066874912,0.080933367,0.012307736,0.398317038,16.28323062,24.07875687,23.04380117,26.06800562,31.75589975,36.41911691,48.92288101,42.71119646
114,USDA,Ritzville,2021,49.19178681,0.234068333,0.206183886,1.618878722,0.169588589,0.070568938,18.25113065,0.246969532,-0.066047836,0.071224513,0.01783443,0.409245772,24.70604463,35.88974125,33.86479589,38.89265136,47.52980826,54.78030399,72.06653738,63.02648702
115,USDA,Ritzville,2021,52.3923445,0.240750974,0.21448817,1.640440553,0.154276929,0.063571759,25.19401863,0.290663059,-0.045649829,0.077259577,0.034318942,0.365555514,28.66380986,43.42907569,41.12147514,49.37879212,59.3081918,67.38440467,86.1387483,78.53602215
116,USDA,Ritzville,2021,65.67840231,0.272261747,0.23787317,1.765809641,0.177702447,0.074187913,26.32385104,0.27844244,-0.01795522,0.104252808,0.027350684,0.433488854,23.14775846,34.0583171,31.66984648,38.97665419,48.0725368,55.86925714,71.27596218,68.48682418
117,USDA,Ritzville,2021,63.17141023,0.22758373,0.20166239,1.594970719,0.159632361,0.067428042,19.86359229,0.27147461,-0.003861772,0.117885466,0.02368361,0.380538232,28.91343455,42.74858517,40.51157038,46.75780319,56.35144882,64.52005129,82.35996945,81.65018809
118,USDA,Ritzville,2021,70.74870569,0.256096065,0.225804866,1.695289717,0.161754416,0.068967378,27.7351848,0.305111671,0.000726011,0.135003808,0.035465823,0.386589334,28.75388657,43.13478689,40.47667842,49.43018394,59.64483788,68.51277541,89.73651402,89.78548232
119,USDA,Ritzville,2021,63.39324858,0.262931247,0.230112592,1.723898932,0.16654204,0.071765343,27.84020036,0.307275152,0.00089657,0.133744246,0.034070519,0.400474657,27.7343174,41.40505928,38.64902961,47.45341548,57.49496747,66.41818021,86.75348411,86.7822712
120,USDA,Ritzville,2021,65.2173913,0.241467781,0.215627402,1.643577357,0.159099761,0.066963618,24.04739441,0.302306669,0.002956646,0.122948037,0.033129734,0.379128783,29.85337757,44.72007691,42.37609561,50.52798074,60.87423239,69.66125963,88.58809106,88.94827995
121,USDA,Ritzville,2021,64.93393979,0.259756961,0.228319383,1.714266427,0.180097382,0.074672111,21.96261606,0.315496364,-0.016447613,0.11154183,0.026230132,0.440417138,27.27489058,39.82985478,37.27898853,44.39135792,54.97076398,63.92471212,82.50590353,79.58427915
122,USDA,Ritzville,2021,49.10386526,0.256875393,0.229284554,1.704674755,0.174384682,0.072654962,23.13600061,0.248378905,-0.043440317,0.085632151,0.023939807,0.423708635,21.92700763,32.62326938,30.81024018,36.89367662,45.30016603,52.45512104,67.80367594,61.92849989
123,USDA,Ritzville,2021,70.62158757,0.241426956,0.213644844,1.644175686,0.171483207,0.070426477,18.96766685,0.276441653,-0.064286475,0.074861018,0.022256031,0.414790067,25.84255995,37.79716712,35.67241162,41.3921251,50.79997885,58.52970806,77.29686416,67.86366483
124,USDA,Ritzville,2021,80.78817734,0.235884656,0.211559545,1.626884791,0.165493991,0.068635578,19.50246707,0.161060023,-0.067613167,0.07557738,0.014522417,0.397521779,15.72081133,23.10960833,21.98072958,25.55469864,31.09009516,35.70727983,47.54802868,41.3977143
125,USDA,Ritzville,2021,68.44700082,0.24051059,0.211569865,1.642278664,0.16985044,0.070117036,19.40010081,0.230799755,-0.079432064,0.072885995,0.018379698,0.409949388,22.09155301,31.89271914,30.03172147,34.93666715,42.75596401,49.23337772,66.77170959,56.82210587
126,USDA,Ritzville,2021,79.82637453,0.248192898,0.223234703,1.669175596,0.158404976,0.066085299,25.00624724,0.259381473,-0.070676638,0.079824916,0.031551041,0.377268113,24.27494018,36.07332806,34.25105585,41.42514717,49.92554852,57.01650817,77.02822682,66.75519303
127,USDA,Ritzville,2021,79.71745711,0.235381534,0.211941928,1.621508121,0.158620215,0.065230421,21.66357107,0.252190737,-0.078331509,0.080003052,0.026877327,0.377675917,25.33547258,37.38092804,35.60316844,41.87049271,50.58525719,57.67716182,79.17191748,67.58859185
128,USDA,Ritzville,2021,78.20090572,0.216899905,0.199320971,1.559864075,0.164408324,0.067828435,14.28098283,0.167843487,-0.07062094,0.080327858,0.012691682,0.394244981,17.6355391,25.83221245,24.91749019,27.86011511,33.86983534,38.81411975,52.4964009,45.5180709
129,USDA,Ritzville,2021,83.77600708,0.232704397,0.209625019,1.614371117,0.16650438,0.069466923,19.00025692,0.180409465,-0.051813777,0.078507838,0.015500723,0.400388577,18.79185692,27.05044081,25.79006877,29.73006891,36.17943599,41.61301371,54.00053548,48.57110913
130,USDA,Ritzville,2021,81.29787234,0.233785369,0.21269204,1.618669653,0.159885731,0.065379218,20.13438423,0.22186702,-0.050662871,0.078617324,0.023399426,0.38145364,21.58081889,31.99367424,30.62991103,35.83466866,43.38067571,49.48613705,64.08342167,57.79384292
131,USDA,Ritzville,2021,64.71399035,0.230985092,0.207930731,1.608348762,0.159417036,0.065655313,20.31851273,0.193418669,-0.049482573,0.07484182,0.019073867,0.380275975,19.64137088,28.89751315,27.55508696,32.1455904,38.83262987,44.32456032,56.77783642,51.31422068
132,USDA,Ritzville,2021,76.64670659,0.221088267,0.201198196,1.573939481,0.163976975,0.067868267,15.93967678,0.148641561,-0.047379856,0.08222631,0.011729431,0.393054248,15.97948895,23.06280001,22.13981082,24.98587419,30.34482738,34.7765512,45.09088059,40.93659624
133,USDA,Ritzville,2021,45.70014436,0.24584754,0.223013061,1.65700782,0.160513832,0.066567575,23.5385174,0.29599793,-0.057216087,0.06940813,0.035208337,0.383084692,27.93535667,41.15055075,39.23251603,46.98179376,56.8146321,64.92860048,83.6457715,74.53979132
134,USDA,Ritzville,2021,64.23494983,0.229495262,0.213257986,1.600843792,0.153799422,0.06224889,21.42493223,0.272858805,-0.039322101,0.089537083,0.03346669,0.364106799,28.5284683,41.89745578,40.51696832,47.56666275,57.22332333,64.86278271,83.89337627,77.44648461
135,USDA,Ritzville,2021,69.94018908,0.233625836,0.215390088,1.617975476,0.17137009,0.067592751,16.4090611,0.256521152,-0.049401007,0.089596477,0.02221365,0.414409938,24.66712021,35.71031004,34.38974565,39.26205565,48.46343699,55.524546,73.30748114,66.31546332
136,USDA,Ritzville,2021,71.70239077,0.217494216,0.207378939,1.561643499,0.16930892,0.064667887,12.51727707,0.211550644,-0.049980026,0.086464123,0.017243819,0.408315842,21.4542238,31.450596,30.80102665,34.1435838,42.20551827,48.06929407,63.12829489,57.05119906
137,USDA,Ritzville,2021,51.7987152,0.235807334,0.215417793,1.627483978,0.17238725,0.066580509,17.81958805,0.155732464,-0.05588697,0.069905905,0.01296811,0.417705158,15.88952575,22.62723389,21.696455,24.87295981,30.8061494,35.22015598,45.32097797,40.38953666
138,USDA,Ritzville,2021,51.88425303,0.241314624,0.218687834,1.644557013,0.174898398,0.069334368,18.13954488,0.254964616,-0.051623688,0.084904193,0.021119866,0.424807413,24.4472442,35.0289661,33.42002821,38.55639618,47.73222373,54.86845174,72.06942144,64.86914638
139,USDA,Ritzville,2021,63.5193133,0.217773613,0.201457409,1.562925238,0.152810717,0.062478593,19.24683796,0.165722323,-0.043921023,0.077976739,0.017631177,0.361528518,18.99786227,27.89461728,26.98125379,30.98939972,37.17769989,42.1488448,53.77715634,49.15666613
140,USDA,Ritzville,2021,56.04257984,0.239159039,0.217308002,1.638799218,0.16287659,0.067914997,21.28497293,0.207418704,-0.051509461,0.074997714,0.021874245,0.390331209,20.25707266,29.62460642,28.3272987,33.37390559,40.41838279,46.34057668,59.67616417,53.66264965
141,USDA,Ritzville,2021,44.9989382,0.211693016,0.192486412,1.541735828,0.15683501,0.063910872,15.55529536,0.184824059,-0.044457349,0.080761378,0.014884796,0.372732066,20.67611948,30.41624575,29.25081709,32.8512829,39.61761883,45.03137898,57.83944038,52.86475445
142,USDA,Ritzville,2021,80.57725694,0.241729322,0.217463452,1.643522644,0.15849688,0.065334641,22.83229763,0.296563775,-0.058655019,0.067230504,0.033974525,0.377330558,28.29342349,41.67530547,39.61209252,47.21900021,57.0221501,65.02284605,83.63680055,74.30784419
143,USDA,Ritzville,2021,79.56321378,0.229708008,0.206786154,1.603654905,0.159981928,0.066047039,19.84002291,0.226853774,-0.04925705,0.078374242,0.021663175,0.381877981,23.35240394,34.09375126,32.52053993,37.79508534,45.68935444,52.19877161,67.31761897,60.8611941
144,USDA,Ritzville,2021,50.91958939,0.250252596,0.225674101,1.674939523,0.160954825,0.065889824,24.42354227,0.310250114,-0.058983121,0.07052989,0.037306876,0.384360009,27.73837385,41.86699873,39.76815951,48.06840175,58.2667929,66.52679623,86.16757987,76.50207674
145,USDA,Ritzville,2021,58.04480652,0.244099053,0.215909409,1.657898225,0.169869699,0.06967723,20.58287102,0.219314743,-0.067765557,0.080760926,0.018853938,0.410457164,20.62944285,29.94239707,28.25297981,33.19915992,40.65128603,46.80707701,62.92250249,54.75729401
146,USDA,Ritzville,2021,58.43520782,0.229864845,0.211655597,1.6031576,0.16152418,0.06625853,18.604743,0.25530071,-0.073560737,0.090173381,0.026100374,0.385979047,24.94786384,37.34934062,35.96733744,41.59753967,50.44191262,57.63516317,79.97206496,68.94599062
147,USDA,Ritzville,2021,82.1104877,0.2489151,0.221796693,1.67020114,0.169727829,0.070442048,21.53497728,0.291340696,-0.077017615,0.079383584,0.02805555,0.409508136,26.81831061,38.88141837,36.73579316,43.49771757,53.19796922,61.29939619,83.81591793,71.71232947
148,USDA,Ritzville,2021,66.09567579,0.271454242,0.239584793,1.760252835,0.177698611,0.073819838,25.54138236,0.281098942,-0.07870741,0.075806077,0.028536659,0.433311912,23.31875361,33.7567631,31.55713843,38.76824356,47.86678982,55.58818446,75.66678745,64.3521251
149,USDA,Ritzville,2021,82.9728486,0.240592427,0.214036011,1.639874532,0.165594007,0.067746512,20.58415191,0.290039695,-0.069642766,0.076155337,0.027182149,0.397464256,27.61142353,40.56309214,38.37020334,44.97803788,54.8489881,62.85731901,84.13457585,73.11208277
150,USDA,Ritzville,2021,60.13879853,0.229614263,0.205195561,1.602783942,0.163103091,0.067668307,18.70680819,0.237742178,-0.059825406,0.076106777,0.020395145,0.390533271,23.6962863,35.42090107,33.67307673,38.81484274,47.08090017,53.94146491,70.77980862,62.68686948
151,USDA,Ritzville,2021,74.33785889,0.262439147,0.228417615,1.727263799,0.175995989,0.073764025,24.69352865,0.246736464,-0.045743035,0.08384028,0.022067772,0.428469315,22.16825005,32.16292991,29.9570463,36.18088571,44.49731181,51.66067452,66.85383753,60.78265093
152,USDA,Ritzville,2021,78.34150501,0.229514606,0.205767355,1.604790622,0.173483987,0.072487476,16.12963869,0.16389014,-0.017320842,0.107144093,0.01054927,0.420830014,17.0243081,24.75761764,23.58314679,26.60199815,32.62844659,37.74593951,48.43361927,46.67807964
153,USDA,Ritzville,2021,69.30980567,0.232370372,0.207158557,1.613582578,0.169587493,0.071174021,17.47386814,0.219894455,-0.00484137,0.121274709,0.016360633,0.409172797,21.26939067,31.71496125,30.10543719,34.46927088,42.06345274,48.55173144,62.50321666,61.76256102
154,USDA,Ritzville,2021,80.68865381,0.228602597,0.201359117,1.598319204,0.167281146,0.071232639,17.65888321,0.219777117,-0.001451857,0.13576023,0.015282691,0.402391257,22.71100761,33.34093686,31.50335551,35.91023705,43.62629998,50.34293291,66.32620429,66.04191484
155,USDA,Ritzville,2021,69.29978118,0.240864122,0.210134927,1.644998639,0.174425429,0.075347134,19.84886373,0.194354255,0.00309399,0.142705662,0.013073789,0.423610092,19.97508527,28.87801888,27.10921453,31.28026226,38.2269766,44.51106778,58.9054603,59.07506785
156,USDA,Ritzville,2021,62.92037318,0.260034851,0.230606708,1.711733084,0.17312054,0.073748719,24.81325002,0.328359655,0.001162774,0.128637041,0.033077406,0.419520234,30.09860136,43.94735594,41.30280096,49.7453035,60.87524212,70.63100906,91.20700574,91.27766378
157,USDA,Ritzville,2021,47.79141104,0.276607884,0.243093154,1.781589148,0.177820915,0.074337236,27.4940247,0.295805846,-0.017230522,0.107636457,0.03102696,0.43373691,24.73936867,36.20568731,33.73554632,41.75786502,51.5265533,59.87530845,76.88223658,74.00743423
158,USDA,Ritzville,2021,63.34208224,0.232672425,0.207265407,1.611609882,0.162385729,0.06687742,20.1804736,0.274836307,-0.04780202,0.079969482,0.024944361,0.388277878,28.23489413,41.73615952,39.58992168,45.90510362,55.70082012,63.70547877,82.23426711,74.66634974
159,USDA,Ritzville,2021,64.34479756,0.227301533,0.202448714,1.594653947,0.161816872,0.068048648,19.58836916,0.198922378,-0.055387782,0.075613199,0.016729922,0.387036888,21.52441022,31.79515751,30.2083911,34.74585983,41.98816904,48.14160075,62.54577726,55.86355984
160,USDA,Ritzville,2021,53.99787911,0.232150195,0.213045014,1.609828312,0.163785107,0.06759422,18.97416022,0.282943384,-0.061974263,0.086289584,0.028124997,0.392281732,27.7247971,41.68632209,40.06246202,46.33115172,56.29365173,64.48592355,86.73409479,76.52928463
161,USDA,Ritzville,2021,84.50134771,0.272452831,0.241805638,1.762952607,0.180507995,0.075267658,24.58005875,0.288275952,-0.077480945,0.077310754,0.028878897,0.441628941,23.54194171,34.38395562,32.24363388,39.31563365,48.66743706,56.64112792,77.17469895,65.8819198
162,USDA,Ritzville,2021,71.56723964,0.227364178,0.206100826,1.595030548,0.16043366,0.066749488,18.74300106,0.229023478,-0.068394939,0.086107856,0.021659929,0.382914092,23.36757986,34.86599783,33.37875263,38.44872471,46.47036093,53.14550241,72.37975707,63.03602813
163,USDA,Ritzville,2021,79.04976449,0.216657866,0.198818575,1.558796589,0.158806068,0.064956442,16.2999036,0.198831289,-0.077678179,0.082699887,0.017396149,0.378354556,21.76986996,32.0648883,30.91812731,34.92835453,42.21501348,48.09439952,66.27303728,56.65647456
164,USDA,Ritzville,2021,58.5619469,0.217176289,0.199561136,1.559688091,0.15784987,0.065572895,16.93176166,0.183008831,-0.0640193,0.079602589,0.01671361,0.375535993,20.0950268,29.69075269,28.64163579,32.48277487,39.13510632,44.64557022,59.48163549,52.25335459
165,USDA,Ritzville,2021,81.57026611,0.240854976,0.217442654,1.642665811,0.170748473,0.07023677,19.3957167,0.273582325,-0.051618168,0.08436083,0.02442361,0.412772851,26.18304913,38.19494209,36.37830264,42.29076275,51.83687911,59.70872216,78.33440905,70.52944803
166,USDA,Ritzville,2021,70.82111437,0.244424672,0.21651887,1.656243006,0.169814504,0.069490606,20.12088954,0.2994352,-0.057680419,0.074670166,0.026240598,0.40986492,27.75240199,40.07704391,37.79977568,44.36115421,54.38023187,62.55564456,81.4761198,72.44307642
167,USDA,Ritzville,2021,67.41573034,0.240915762,0.220580745,1.641624084,0.156958724,0.06449634,22.59354772,0.308899555,-0.053894522,0.074879399,0.038249697,0.373081421,28.4187683,42.84151848,41.06801115,49.05989104,59.15002895,67.35361495,87.08941829,78.09825866
168,USDA,Ritzville,2021,61.42046648,0.227447201,0.209825469,1.596411557,0.156845429,0.065683995,20.43449568,0.172320446,-0.037535502,0.083601722,0.018910516,0.373103048,18.34235962,27.12294036,26.17202992,30.42936444,36.56265862,41.72315337,53.1575734,49.17910987
169,USDA,Ritzville,2021,56.39522258,0.226215634,0.208833717,1.591722955,0.153359277,0.064219083,20.77248356,0.166684663,-0.047063813,0.073404522,0.019355592,0.36314533,17.57014208,26.09029847,25.18549982,29.40539319,35.18381935,40.02513427,50.92848234,46.2532157
170,USDA,Ritzville,2021,76.02544418,0.219156546,0.202679036,1.567323866,0.160923088,0.065347595,16.29906673,0.186286393,-0.049365194,0.079650448,0.016720165,0.384321292,20.1153116,29.43888957,28.46513109,32.21289116,39.07208301,44.55220487,57.66766572,52.16026376
171,USDA,Ritzville,2021,82.00391219,0.246480638,0.226402158,1.666340315,0.175050906,0.069493496,19.49870992,0.199282402,-0.044855116,0.09002227,0.018735891,0.425706518,18.50651776,26.72109154,25.63774685,29.96465542,37.08713994,42.67369212,55.84591406,50.84908569
172,USDA,Ritzville,2021,85.81794195,0.199607731,0.187590049,1.503347671,0.157833396,0.0598267,11.55230762,0.104914756,-0.043555261,0.082739704,0.007474984,0.375564326,12.65340404,18.28699879,17.84906139,19.47575581,23.73530269,26.75740923,34.45825534,31.55065296
173,USDA,Ritzville,2021,50.69829306,0.245051328,0.226788652,1.660617968,0.172538072,0.066201226,19.81186307,0.256840584,-0.046731991,0.085886117,0.025825184,0.41814905,24.30274253,35.03392823,33.74087001,39.47166588,48.94862174,55.96540153,72.91060783,66.18703539
174,USDA,Ritzville,2021,49.30945188,0.246330419,0.225777124,1.666369525,0.174298955,0.069119428,19.79866324,0.194119223,-0.044290529,0.089250279,0.018338374,0.423591015,18.22304519,26.27785842,25.18569906,29.46013383,36.44285137,41.8996799,54.71865946,49.87775203
175,USDA,Ritzville,2021,56.88926458,0.242240087,0.218143482,1.647742851,0.168784427,0.068232574,20.21254395,0.275456207,-0.052290611,0.080380229,0.025847786,0.407019994,26.45579556,38.1990021,36.33105659,42.51534454,52.11299998,59.78159239,77.91156914,70.04557113
176,USDA,Ritzville,2021,54.115421,0.204546489,0.194863978,1.518891428,0.151818283,0.063392249,14.98808499,0.136631693,-0.042839295,0.079868908,0.013858854,0.358871393,16.14990221,24.01342501,23.55598311,26.3226482,31.44797162,35.7022654,45.64852497,41.84270641
177,USDA,Ritzville,2021,52.74363477,0.216287109,0.200540334,1.557735302,0.153188048,0.062323735,17.31779782,0.235703589,-0.04255049,0.086190159,0.024590709,0.362420706,24.913474,37.23885361,36.05048555,41.20148363,49.50501294,56.11350682,72.57851199,66.58370069
178,USDA,Ritzville,2021,76.10878661,0.261616012,0.235473651,1.720234486,0.163618916,0.067726034,26.83557804,0.327973545,-0.053353806,0.075052418,0.04126758,0.392323368,28.81018617,42.32884628,40.07410803,49.38833894,59.97095153,68.74224618,88.82790075,79.68595685
179,USDA,Ritzville,2021,44.70067552,0.24605283,0.223534819,1.661985809,0.171892008,0.070476924,19.9797829,0.28039531,-0.048843998,0.086848709,0.026893732,0.416017323,25.61256851,37.42045828,35.70921903,41.89114279,51.43549045,59.27861242,77.73271217,70.35758748
180,USDA,Ritzville,2021,72.93914545,0.220206598,0.198381129,1.571003961,0.159627987,0.066045636,18.17744977,0.171945667,-0.048674948,0.076859019,0.014304924,0.380915089,19.3647505,28.40185116,27.16076679,30.93574398,37.35433333,42.65315323,54.80339626,49.63654059
181,USDA,Ritzville,2021,83.89939811,0.19833807,0.187019508,1.498005731,0.149391042,0.060854156,13.82713183,0.18810608,-0.060019177,0.083885405,0.017341164,0.351739198,22.43681908,33.74712109,32.97983484,36.54360028,43.69535054,49.37279525,65.84050304,58.35230748
182,USDA,Ritzville,2021,76.27737226,0.25789393,0.228916336,1.707241607,0.167425883,0.068993474,25.77613347,0.298268376,-0.080288376,0.077109569,0.032431214,0.403374195,27.28613698,39.94341521,37.59963935,45.73046742,55.81096219,64.16250092,87.8607516,74.53982743
183,USDA,Ritzville,2021,52.25144895,0.250553404,0.224161271,1.675170014,0.170119226,0.070554723,21.98268237,0.300321221,-0.079561092,0.076115832,0.029861709,0.410525879,27.40644907,40.1921916,38.02236738,45.10465957,55.20254353,63.61563132,86.87194665,73.99480646
184,USDA,Ritzville,2021,63.47155657,0.260296903,0.231253804,1.71508872,0.177506337,0.073543929,22.6907925,0.315667478,-0.07498355,0.080981965,0.029376134,0.432657418,27.37802848,39.97892932,37.61270105,45.03266001,55.60074237,64.48664659,88.07938135,75.57665825
185,USDA,Ritzville,2021,77.39741058,0.234965135,0.216033461,1.621395597,0.167134637,0.06912981,18.46742473,0.249863231,-0.061760938,0.086298322,0.024097596,0.40202836,23.85462894,35.72242823,34.35006753,39.68793402,48.4008727,55.61696335,74.79511307,66.01861137
186,USDA,Ritzville,2021,80.22411289,0.217019819,0.194930342,1.560845976,0.168120957,0.068868132,13.41457156,0.186248972,-0.058318802,0.080949918,0.010672674,0.404849892,18.98526469,28.22146451,26.9681577,29.95129049,36.61148654,42.0480642,55.54923796,49.36389797
187,USDA,Ritzville,2021,81.16997792,0.231334051,0.205233223,1.610301126,0.177453124,0.072825789,14.45881479,0.203944007,-0.05534371,0.081299063,0.011127596,0.432413437,19.51756434,28.52516254,27.03172423,30.30846162,37.463903,43.36287985,56.99048081,50.94737225
188,USDA,Ritzville,2021,71.17459049,0.235253576,0.208041488,1.62222708,0.162997283,0.067251952,20.8641077,0.246831635,-0.011536927,0.106882793,0.022114549,0.390278219,24.66592439,36.75791091,34.73711406,40.5477428,49.20397291,56.32876426,71.36485781,69.63593866
189,USDA,Ritzville,2021,57.45263638,0.245362074,0.222604102,1.65898998,0.169950874,0.072141661,20.96233639,0.265938218,-0.002075064,0.123668222,0.026215268,0.410408227,24.62632238,36.97979581,35.28498202,41.45128284,50.51794828,58.40096187,75.13086562,74.68850563
190,USDA,Ritzville,2021,59.0210356,0.237139862,0.20871908,1.629015296,0.169189807,0.073109177,19.6805436,0.265104762,0.000475895,0.137032499,0.020454113,0.407972206,26.80786322,39.27586363,37.0207668,42.78145311,51.99022871,60.22258969,79.24862749,79.22562432
191,USDA,Ritzville,2021,70.2177626,0.237142785,0.20680917,1.628255867,0.162410347,0.069529091,22.04864711,0.272068421,-0.000169585,0.132498819,0.023900059,0.388550607,27.83453321,41.32053711,38.80444483,45.45661922,54.83473696,63.04682182,82.27074552,82.17378006
192,USDA,Ritzville,2021,72.53831619,0.227406681,0.203589097,1.595392878,0.161876594,0.068360698,19.26326269,0.268194049,-0.002128882,0.118379428,0.023093415,0.38708971,28.53663953,42.31042208,40.27873044,46.30918531,55.94823523,64.1900885,81.70752641,81.23924174
193,USDA,Ritzville,2021,74.81527094,0.235037088,0.210604607,1.622532714,0.164876932,0.067735512,19.87767159,0.280215485,-0.011318329,0.110255833,0.025323205,0.395591238,27.94359628,41.40350817,39.35247016,45.67998011,55.62327648,63.75692939,81.32090965,79.38198423
194,USDA,Ritzville,2021,76.77482793,0.251411758,0.221399394,1.682370101,0.171149322,0.070800771,23.03290739,0.281812054,-0.041065553,0.083439885,0.025672501,0.413942094,26.193523,38.48703824,36.1448164,43.06122886,52.75791583,60.87043614,78.00256657,71.64461918
195,USDA,Ritzville,2021,78.9217759,0.228191511,0.207063186,1.599203538,0.163802401,0.068405094,18.49868451,0.183671257,-0.049380686,0.077940297,0.016273905,0.39273812,19.07902212,28.41629658,27.2121717,31.20894309,37.82860479,43.39777697,55.99275373,50.62119389
196,USDA,Ritzville,2021,79.78890636,0.232424876,0.21045223,1.613032136,0.168208398,0.068904419,17.72192693,0.252486304,-0.059600061,0.086219143,0.021206252,0.4052014,24.26202027,36.0910909,34.47573604,39.63234518,48.46314029,55.68844595,74.50154439,65.96373542
197,USDA,Ritzville,2021,75.01725328,0.231801382,0.206643985,1.61224031,0.172285911,0.071676766,16.73733167,0.199323589,-0.072609067,0.076743616,0.013570854,0.417355418,19.94198052,28.93678944,27.47752974,31.25626529,38.29779117,44.23314327,59.63677422,51.42304539
198,USDA,Ritzville,2021,53.86579986,0.244842512,0.213534869,1.656964257,0.174941987,0.072129955,19.11369109,0.26226622,-0.078265636,0.075817585,0.018881096,0.424856449,24.19354086,34.98096631,32.77332491,38.1174161,46.93122138,54.25758961,73.80062398,62.96377637
199,USDA,Ritzville,2021,72.71260659,0.259491283,0.230178178,1.713039123,0.169917447,0.06971896,24.65666543,0.288919828,-0.08142735,0.075074382,0.03045491,0.410387546,25.2609587,37.19727795,34.97142235,42.43532087,52.00195429,59.87225231,81.88925322,69.31672481
200,USDA,Ritzville,2021,57.55715495,0.20683436,0.190623732,1.524822518,0.145873375,0.059375417,17.81238207,0.225908948,-0.065438035,0.073912596,0.023803568,0.342107514,26.59120105,39.91412402,38.61615916,43.88028236,52.23326963,58.82738559,77.71603257,68.13586225
201,USDA,Ritzville,2021,71.70608108,0.242280931,0.215344842,1.64843368,0.164675495,0.067282334,21.54612263,0.241747719,-0.047568006,0.082154322,0.023417059,0.395100952,23.13620211,34.04371164,32.19481547,37.9595974,46.23383252,52.94040268,68.60862435,62.28576538
202,USDA,Ritzville,2021,74.51871079,0.229508773,0.206585009,1.604130665,0.179060271,0.073940091,13.79871636,0.199647046,-0.061076746,0.077914847,0.010821549,0.437116103,20.01811875,28.40280417,27.08829981,30.20116309,37.37329268,43.36134023,57.2540633,50.57541868
203,USDA,Ritzville,2021,73.08880309,0.245637657,0.222467915,1.665330927,0.176593254,0.073346488,17.66700347,0.175994804,-0.063475133,0.070372389,0.01480621,0.43025478,15.30890345,22.40691495,21.36651663,24.78547782,30.53387569,35.38833435,46.23415329,40.61660031
204,USDA,Ritzville,2021,66.78170837,0.243685488,0.220649887,1.652519657,0.170730732,0.070294551,19.44275077,0.264523175,-0.048171672,0.089486299,0.024884781,0.412515372,24.55311578,35.56372038,33.89247234,39.5784917,48.53369288,55.91893614,73.65317502,66.79382271
205,USDA,Ritzville,2021,58.23293173,0.20064782,0.186939758,1.50498592,0.140538128,0.058286294,17.72636241,0.174803988,-0.045154461,0.073946515,0.019860734,0.327613625,21.54077962,32.15440013,31.26943422,35.49231791,41.88240644,47.07336753,59.71317939,54.50587288
206,USDA,Ritzville,2021,47.96878127,0.225148325,0.203764063,1.586613859,0.162381923,0.065933409,17.67524011,0.248185327,-0.048957215,0.08115842,0.02147988,0.388463981,26.50248241,38.11962979,36.47333861,41.65905235,50.62870797,57.79618032,74.94373897,67.86932999
207,USDA,Ritzville,2021,72.66019417,0.212701519,0.198378164,1.545189954,0.163460013,0.064233995,13.7540502,0.161493468,-0.045508243,0.085876731,0.012516613,0.391520315,18.15707077,26.20159571,25.44802264,28.25509104,34.52786056,39.27969187,51.09103766,46.56822669
208,USDA,Ritzville,2021,58.29655781,0.221264336,0.209795857,1.574473977,0.163198,0.062156748,15.86670187,0.17753448,-0.047321519,0.084708464,0.017490833,0.390711733,18.78819626,27.441919,26.80674187,30.3274775,37.20398836,42.15715729,54.88579219,49.8488973
209,USDA,Ritzville,2021,73.77637131,0.259263744,0.240507862,1.714351267,0.174653145,0.067547095,22.79255784,0.2774322,-0.053607892,0.077827855,0.031619614,0.424446595,24.52185648,35.4354837,34.08152983,40.91685864,50.8303538,58.24494214,75.77911403,67.85170707
210,USDA,Ritzville,2021,50.81595648,0.245649836,0.22436037,1.661669394,0.170305855,0.068552262,21.03430268,0.203595648,-0.047384833,0.082637251,0.020442967,0.411544264,19.38333987,28.02370773,26.80742573,31.58578986,38.81130508,44.56472771,57.7994175,52.37283534
211,USDA,Ritzville,2021,55.46839982,0.216345839,0.201717384,1.557370598,0.145565652,0.058237123,20.30589482,0.246184311,-0.047938789,0.07624868,0.030759891,0.341448724,27.3350997,40.97146084,39.76271,46.15672753,55.04262527,61.87062794,79.27693817,71.94890824
212,USDA,Ritzville,2021,76.14619377,0.210813513,0.197849164,1.538524276,0.143200208,0.05873461,19.03465627,0.238961729,-0.050809875,0.0738619,0.030016075,0.334878509,26.58865213,40.18794528,39.14210576,45.12252346,53.49744317,60.19697448,77.22219903,69.69112928
213,USDA,Ritzville,2021,75.85730725,0.229158164,0.204029646,1.601472497,0.158401697,0.064880222,19.87724893,0.22524834,-0.051908994,0.074133854,0.021107818,0.377101054,23.14621771,33.7132821,32.0072404,37.22161962,44.95594229,51.21222798,65.8639243,59.26509821
214,USDA,Ritzville,2021,65.78892805,0.211501928,0.191904626,1.542180159,0.159388044,0.066652168,14.81675132,0.136156936,-0.049124529,0.076888027,0.009936299,0.380026112,15.49611397,22.43252543,21.55430618,24.06718661,29.01940612,33.16921326,42.67696667,38.63936562
215,USDA,Ritzville,2021,43.08722025,0.21659675,0.192174485,1.559156866,0.173395901,0.072150295,12.46506795,0.085618613,-0.059136963,0.074894213,0.003405563,0.420430345,9.59238671,13.53083456,12.87227087,14.11028331,17.3169182,20.01585647,26.16704275,23.21695188
216,USDA,Ritzville,2021,26.45939086,0.207705623,0.191050766,1.529544329,0.154693848,0.063299023,15.12491141,0.173224381,-0.051134351,0.0753513,0.014530109,0.366811967,19.56297117,29.42825436,28.44450938,31.8180694,38.26180387,43.44806645,55.95458106,50.4650645
217,USDA,Ritzville,2021,55.81563707,0.201784203,0.189015675,1.508840775,0.149947545,0.061109106,14.60733911,0.173473726,-0.063246538,0.076651327,0.016295399,0.353324705,20.26512004,30.38424988,29.60195016,33.00458604,39.48979947,44.63835327,59.05886802,52.00211272
218,USDA,Ritzville,2021,57.53575358,0.232497432,0.204786672,1.61360791,0.165811189,0.068039164,18.82227679,0.197087084,-0.083174744,0.069029266,0.01535555,0.398312523,19.91935174,29.01955787,27.40656461,31.59369048,38.50082103,44.14569285,59.85602574,50.57326451
219,USDA,Ritzville,2021,56.73789795,0.228390726,0.205615003,1.599734681,0.166782916,0.070420291,17.62177394,0.187992571,-0.074646849,0.070530449,0.014857911,0.401237102,19.43144753,28.48435754,27.17898401,31.03114968,37.69373679,43.42505224,58.0497643,49.87870444
220,USDA,Ritzville,2021,55.08968088,0.216759318,0.197603322,1.55786074,0.158936103,0.065022554,16.06330561,0.217220292,-0.070766428,0.074760718,0.018422446,0.3784716,23.31423761,34.29411379,32.96220691,37.24483331,45.03786864,51.31958181,68.67653575,59.54762782
221,USDA,Ritzville,2021,67.074435,0.22498668,0.199956732,1.585647438,0.152818898,0.062142875,20.8420525,0.25042457,-0.061547489,0.07085807,0.025046009,0.361304388,26.58559068,39.62692784,37.61976441,43.79672067,52.6167665,59.61666757,77.68821127,68.61091767
222,USDA,Ritzville,2021,74.48846321,0.20205841,0.183311472,1.510035913,0.156411014,0.064606576,13.23287445,0.149281151,-0.050268118,0.07715222,0.009560193,0.371436638,17.3582516,25.8357799,24.86272502,27.40998283,32.98359962,37.54379363,48.43164037,43.75476903
223,USDA,Ritzville,2021,49.44900352,0.233788254,0.208519822,1.620132132,0.167629915,0.069991697,19.00508438,0.186720471,-0.04224706,0.078784399,0.0150744,0.403762921,19.02215737,27.9368036,26.5209235,30.55006408,37.21191757,42.83474445,54.55277875,50.03293597
224,USDA,Ritzville,2021,53.45111896,0.266403197,0.235440376,1.738631974,0.16177834,0.067029142,29.66510564,0.31926915,-0.011967062,0.104076787,0.040451711,0.386993347,27.50851323,41.7363409,39.09530096,48.8913042,59.23864983,67.8107808,85.56279282,83.38051247
225,USDA,Ritzville,2021,80.19575177,0.226478075,0.201608573,1.594815142,0.155668899,0.065277143,20.96563993,0.228979253,-0.005611759,0.111667588,0.021887831,0.369749406,24.43027742,36.58871185,34.76558909,40.43887356,48.53546019,55.35755113,69.98527771,69.0606075
226,USDA,Ritzville,2021,67.65661253,0.227997571,0.198877886,1.598157195,0.162265863,0.070065396,19.53415198,0.159781536,0.000628937,0.129809835,0.012034548,0.388399179,16.93915209,25.1091424,23.65459445,27.22670782,32.79336686,37.75445324,48.94244421,48.87606768
227,USDA,Ritzville,2021,46.8997669,0.240778491,0.210462726,1.64480467,0.180865361,0.07854985,17.66169359,0.192498015,0.004237042,0.143446035,0.010585137,0.442664066,19.32723473,27.83025142,26.14485813,29.78226012,36.64200935,42.92884069,56.80142284,57.08873622
228,USDA,Ritzville,2021,53.50637523,0.249001044,0.222061134,1.670675942,0.173874023,0.07410562,21.12601586,0.329191877,-0.008734598,0.120197253,0.029194105,0.421621636,31.20342817,45.67629251,43.17372998,50.60315743,61.97072388,71.92926211,93.1397836,91.44277876
229,USDA,Ritzville,2021,88.47634141,0.273428805,0.243766146,1.762303793,0.170884384,0.071227454,28.95069205,0.345004723,-0.013161827,0.106831692,0.041676983,0.413108389,29.19075668,43.67623288,41.02374034,51.07464779,62.50388349,72.13697136,91.70662848,89.21523436
230,USDA,Ritzville,2021,84.43277311,0.240723124,0.215016791,1.643683857,0.173333393,0.072185058,18.50803114,0.237901777,-0.039256998,0.084214178,0.018787325,0.420219781,22.72031809,33.21793618,31.49006366,36.33451482,44.59959751,51.561055,66.00466622,60.93649061
231,USDA,Ritzville,2021,66.14864865,0.251609685,0.22482596,1.679165169,0.168583409,0.070917595,23.28945736,0.30631438,-0.04487919,0.081554071,0.031604513,0.406234641,28.33090045,41.99895332,39.70775137,47.34807027,57.71643314,66.56130081,85.69248362,78.2494369
232,USDA,Ritzville,2021,81.47312269,0.264691288,0.23765579,1.728526266,0.173412207,0.072811129,24.85436846,0.338216547,-0.059726193,0.077729078,0.037350094,0.420343926,29.2831644,43.0996898,40.70817226,49.35426024,60.5516589,70.09468376,92.30938849,81.84936888
233,USDA,Ritzville,2021,85.51461245,0.2127574,0.19314004,1.54527279,0.168370602,0.069793826,12.55603024,0.178020499,-0.057990529,0.087750441,0.009687781,0.405454497,19.3540193,28.2829927,27.16105081,29.87944314,36.479729,41.96817819,56.17474222,49.95184914
234,USDA,Ritzville,2021,56.00814664,0.235888604,0.212246621,1.623369822,0.173953807,0.072285434,16.81557641,0.264124559,-0.066045979,0.085178975,0.019796802,0.421775023,25.60985331,37.19364499,35.41217234,40.36713954,49.60924545,57.35810671,77.62396458,67.96321415
235,USDA,Ritzville,2021,74.94922139,0.236319346,0.208917786,1.626890695,0.17338791,0.071121663,17.90722457,0.263679457,-0.078222611,0.075739297,0.018134056,0.420195425,26.46056056,38.0889817,35.97356301,41.18652947,50.68475175,58.48999417,79.58724498,67.91054272
236,USDA,Ritzville,2021,74.67911319,0.236228892,0.211385887,1.628008925,0.170104333,0.070441627,18.70386046,0.192174763,-0.058976945,0.084627131,0.015430658,0.410989326,19.21577094,27.9617869,26.56894525,30.61516731,37.45292697,43.16454047,57.52345958,50.98910214
237,USDA,Ritzville,2021,54.44680349,0.227682359,0.205030404,1.594858895,0.160138007,0.065879497,19.28344955,0.253457196,-0.042094398,0.087700182,0.023599432,0.381947694,26.79169875,39.25328187,37.45964762,43.18645199,52.26260803,59.66475103,77.35168275,71.04182009
238,USDA,Ritzville,2021,74.49896337,0.256323166,0.227968191,1.702125807,0.173010968,0.070768974,22.61538018,0.270156481,-0.055381317,0.077420133,0.026179284,0.41952397,23.66651,34.39245475,32.41494246,38.87615266,47.81586253,55.17225473,71.86027923,64.13484131
239,USDA,Ritzville,2021,70.54794521,0.237875238,0.216452651,1.634195744,0.16453211,0.068065412,20.10215175,0.24673122,-0.040784513,0.089754567,0.024908389,0.394920356,23.80844987,34.7645284,33.25815284,38.94026695,47.31765467,54.27289128,70.41311486,64.76711051
240,USDA,Ritzville,2021,69.42338617,0.242320155,0.221847724,1.645767573,0.159429367,0.065974605,22.93052583,0.290533697,-0.049464309,0.078929988,0.035009166,0.379974781,28.11897191,41.50327963,39.77095957,47.32366459,57.17547143,65.26807374,84.39186611,76.389634
241,USDA,Ritzville,2021,80.23723361,0.246256935,0.223927272,1.662779611,0.164069458,0.067737798,22.41133104,0.298556203,-0.044984441,0.086968158,0.033481603,0.393478367,27.58851111,40.59587542,38.75640918,46.21783559,56.1593065,64.37099445,83.75315575,76.37905213
242,USDA,Ritzville,2021,81.1440199,0.238801912,0.220312311,1.633925016,0.165438101,0.067037691,19.94405567,0.289690068,-0.049692812,0.085598461,0.030924133,0.397229993,28.02246154,40.8899185,39.35236258,45.97665487,56.10163094,64.19734087,84.10038352,76.05216662
243,USDA,Ritzville,2021,81.19128523,0.268193403,0.2407317,1.748546936,0.172034721,0.06864092,26.54056537,0.290906896,-0.05040609,0.082381892,0.033456642,0.416854493,25.10257964,36.35774729,34.32001089,42.29291251,52.15498402,59.93248715,78.07553749,70.29815663
244,USDA,Ritzville,2021,72.59206799,0.252891983,0.230250442,1.689842207,0.18164554,0.070841715,18.94670637,0.262342827,-0.053249867,0.082248271,0.022549399,0.445142009,23.96139564,33.83894295,32.27811225,37.59722512,47.0688923,54.27372975,71.14169594,63.81507141
