"Plot_ID","Trial","Loc","Year","%Can.Cover_146","NDVI_146","GNDVI_146","SR_146","NDRE1_146","NDRE2_146","TCARI_146","SAVI_146","NWI1_146","NWI2_146","MTVI_146","ChlRE_146","BLU_146","GRN_146","RED_146","RE1_146","RE2_146","NIR_146","900_146","975_146"
"1","AWY1","Kahlotus",2021,70.4332202036335,0.303499531883281,0.268123611184407,1.90348610143115,0.190536844666566,0.0832734431663073,28.5052521197659,0.319334703307199,-0.0270411049692938,0.11538381640839,0.0347545602655553,0.472677635818851,22.0808285256784,32.2201155882812,29.8803618391994,38.25076006054,47.615196934251,56.3985473081291,74.8724780932458,70.6727194666569
"10","AWY1","Kahlotus",2021,60.4989604989605,0.244710131536694,0.21314418504551,1.65970056538327,0.170583576539569,0.0754501589290517,21.164730176249,0.221207506248839,-0.0345804944010849,0.111255630321447,0.0175126782903162,0.412525706973176,21.641104095602,31.4487951585208,29.4724723307056,34.5026558286052,41.8520624310729,48.7436679400217,65.229488672185,60.7310931786576
"100","AWY1","Kahlotus",2021,55.7482993197279,0.27506176592313,0.233812130015643,1.78185218359447,0.177664588641991,0.0800133617197631,26.0027899604739,0.22907327947502,-0.00638466712287643,0.108908249371531,0.0206599799032587,0.434212420814977,18.8973102617604,27.2275619398731,25.0012419955763,30.7758973155552,37.4958847695257,44.0632367175573,55.4251424528298,54.530845623089
"101","AWY1","Kahlotus",2021,38.2488479262673,0.259280220198369,0.220640397940773,1.7229073199023,0.182957983018603,0.0814296177548859,19.8418934785554,0.148120722733741,-0.0109393761888355,0.110045632494404,0.0093527715923616,0.450290891686459,12.640929228915,18.1747396341679,16.7886415651253,19.7236770072281,24.2252666062229,28.5462277927023,36.3590116755216,35.4556907959078
"102","AWY1","Kahlotus",2021,72.7705112960761,0.296275437132462,0.256839394143693,1.8710451993238,0.18468020887019,0.0833526359517781,28.574477580454,0.322078683732532,-0.010298734850138,0.11507403981095,0.0339343114651812,0.455444194547394,23.3638913715746,34.0853607762084,31.3740970766837,39.894293828191,49.0283375820722,58.0513730821505,74.5299807602468,72.7704268958021
"103","AWY1","Kahlotus",2021,61.9795471146823,0.268823264679937,0.231605529963419,1.75772055365415,0.183692078156701,0.0828114672837082,23.2057724802905,0.248924064256237,-0.0178756859094679,0.110377525904609,0.0193268381458137,0.452158818427757,21.5138725277403,30.762609300583,28.4875763502848,34.1765933459581,41.9720472192715,49.6571081900258,64.1328706437912,61.6515549086878
"104","AWY1","Kahlotus",2021,32.4862096138692,0.261280033841152,0.21870764951746,1.7335444335404,0.167123948939196,0.0744361481650322,26.7272087608595,0.126825269963425,-0.0183383398510987,0.10328508309541,0.0111166009265756,0.403061051632411,11.7713772524034,16.8328031168406,15.4108571308844,18.8583747501696,22.7671301153871,26.4831653751858,33.7945513775281,32.4242528753498
"105","AWY1","Kahlotus",2021,64.9382716049383,0.302387713944095,0.259937513713545,1.90203804930519,0.180400199971793,0.0807892043643689,32.1938503806644,0.293391568445475,-0.0310641022391243,0.0987804408485416,0.0333529212339241,0.442301254228019,21.8791114266797,31.4709110321187,28.7485410906517,37.3987124171209,45.8373676134307,54.0110307764553,70.0878337588094,65.6017986854054
"106","AWY1","Kahlotus",2021,70.8226474649832,0.293610723222405,0.251972388135852,1.86325596048825,0.189326877125231,0.0850423573294992,26.8621015023858,0.310619765916556,-0.0211721509497574,0.109572166983483,0.0282839873074074,0.469607419604685,22.8492133063203,33.0481647243017,30.292151294993,37.9926508948147,46.9953314495187,55.8695059396329,72.4927180906159,69.131081844489
"107","AWY1","Kahlotus",2021,61.1043689320388,0.262408912763518,0.228292970442198,1.73170627439708,0.180154882722299,0.080937708652277,22.0255530470766,0.239535277710624,-0.00353201849649662,0.12216482752785,0.0193273275317131,0.441035071474177,20.4674953680269,29.8058619469084,27.7805909800917,33.1349591459509,40.5461839678592,47.7716267461744,61.412693296204,60.7596926729945
"108","AWY1","Kahlotus",2021,78.4642716146861,0.318698482897924,0.273127640082385,1.97305713957798,0.185332479916628,0.0834513195117066,34.7965874926015,0.37361151233632,-0.00868547539731726,0.111930715783836,0.0438466449004824,0.456824851155472,25.4968538821173,37.0853591057473,33.6188409374171,45.0442788801897,55.4574608820683,65.7173727795267,83.5580123516966,81.7664582610416
"109","AWY1","Kahlotus",2021,71.0680751173709,0.284810973442096,0.246107133184242,1.82153821534475,0.181622455317164,0.0818350421897609,27.2190043497148,0.30238357476518,-0.00430815813981454,0.116958395122814,0.0298404881501432,0.445449999444068,23.6093073482548,34.1329276519486,31.481428056956,39.340724913405,48.1834427426754,56.8783715362192,72.3813171727414,71.5039066955522
"11","AWY1","Kahlotus",2021,73.5863377609108,0.283529734651313,0.247064075207736,1.81246445326667,0.1785471798227,0.0789732837827684,28.7129020537935,0.311740905498624,-0.032322898102081,0.110105104492172,0.0331048383185566,0.436471978853613,25.0828320564754,36.3848917851301,33.6895813552323,42.3201216864258,51.8458160003181,60.8835770417595,80.8793354974484,75.5308473297841
"110","AWY1","Kahlotus",2021,65.0322328579801,0.245940825901626,0.214478791391081,1.66556141462928,0.182610926805558,0.0822345292266604,16.8721779272878,0.23890019914524,-0.00712578950783082,0.117635492584933,0.0136640363381849,0.448198793991718,21.502388274314,31.1572509428138,29.2028554916777,33.4228677283255,40.981069035158,48.3837078483128,62.0393205168198,61.0038881937726
"111","AWY1","Kahlotus",2021,78.1171950048031,0.262784239892588,0.23225029526473,1.72987163864427,0.182544350884186,0.081742051157107,20.8501849708933,0.306640532836122,-0.0108034703759032,0.111975556413767,0.0256360707644459,0.448167573577055,25.5434578242855,37.028074751623,34.7503960758654,41.2518768270524,50.6281684964352,59.7158364895669,76.2438083826203,74.4292349590964
"112","AWY1","Kahlotus",2021,78.7031755086518,0.277895029990782,0.242732061296197,1.79024013305214,0.183698121861543,0.0822068861451743,24.4367852210474,0.326705678751705,0.00129928186205394,0.128114547589654,0.0304817404025964,0.452340235872149,25.2745054152161,37.0704705134076,34.4734419827095,42.2304664557287,51.8672138617628,61.2479481515128,78.697632429638,78.6981752308985
"113","AWY1","Kahlotus",2021,77.2283033620016,0.272533535432158,0.236128139810853,1.76817092168253,0.190333237579048,0.0844290281158482,20.3204455471298,0.314322811925231,-0.00782530537170585,0.121258693377455,0.0229615254035007,0.471882328741947,23.9015230090468,34.5428728291676,31.9962926758357,38.1581595414418,47.3535259017172,56.180509370555,72.6748053041966,71.3758078924626
"114","AWY1","Kahlotus",2021,53.2371216676689,0.264093599112604,0.234401847168765,1.73812981093059,0.190676614074395,0.0855968305897648,18.9787902500046,0.210009728495801,-0.00846464673969135,0.115305072880588,0.0150101157837778,0.473148507972287,17.2929428735866,24.8867185532324,23.3963107707511,27.4096178084632,33.9545123075933,40.3727081680183,51.6454473727896,50.6315382884588
"115","AWY1","Kahlotus",2021,74.3431574137537,0.305790943826082,0.261716573150638,1.91362540674907,0.191642348786188,0.0858332248704152,28.863230020896,0.339572220527224,-0.0101205318059432,0.110968634341566,0.0328194548606938,0.476196265816946,23.1653485333497,33.3583638335478,30.3471994197489,39.1190785942191,48.6117544171781,57.9526086634094,73.6510033370808,71.7535677295742
"116","AWY1","Kahlotus",2021,78.0890253261704,0.335881344486115,0.288124700932128,2.0570487928157,0.194728762903443,0.0878732678033632,35.7902355460555,0.391837528782501,-0.0156846814256323,0.10495836752081,0.0453593870775095,0.486015148341984,24.4256667425209,35.3995140623532,31.9239237162771,43.7471723610282,54.424918110876,65.1109198856564,82.6890616943731,79.689946864618
"117","AWY1","Kahlotus",2021,35.4219948849105,0.282378264504641,0.238647240707904,1.81705324555408,0.176502724524565,0.0787703455821177,28.6022720716222,0.149440249836773,-0.0103511366897926,0.102955947785964,0.0143518225500595,0.430341074338507,12.2212468050412,17.5327134107082,15.997329278567,20.0872471755585,24.5080732226586,28.7497460906558,36.0796343796137,35.2012821067099
"118","AWY1","Kahlotus",2021,45.0656018254421,0.271785561945715,0.228071435495163,1.76859425079294,0.173017585445892,0.0784978259599287,29.1582994306392,0.183038307419897,-0.0114722284619292,0.101205872744303,0.016455166316498,0.419803822594523,17.115925820272,24.1764773302859,22.0708890843338,27.2908578431674,33.0635497031876,38.7472131027814,48.5437552275407,47.2720114649253
"119","AWY1","Kahlotus",2021,77.4403056351481,0.31949550678516,0.275693700262443,1.96815088546851,0.185281783120406,0.0835375997406348,35.0498576655358,0.369668891885458,-0.0192140933910528,0.110012986048998,0.0449395275081078,0.456643273339466,24.9504711316355,36.5140801358177,33.1994261124561,44.5392074079216,54.8517813241214,65.0063876135682,84.2034319767716,80.7781199192367
"12","AWY1","Kahlotus",2021,70.1543739279588,0.298030008627339,0.26127011185662,1.87677195481496,0.183602906971969,0.0814004529591729,29.752724885187,0.312372223704981,-0.0323410709741416,0.107037190776818,0.0352509990112398,0.451478192340684,22.7952049043989,33.400554275912,30.8907598091895,39.5438592278807,48.6966228467835,57.4133781022194,75.8934093473867,70.9655511409356
"120","AWY1","Kahlotus",2021,44.7095638568355,0.264879377013311,0.222600573679503,1.7442056122668,0.167093561305723,0.0745539654651961,27.1526024903511,0.17694259602638,-0.0236375548351357,0.0996982103811466,0.0166070282428293,0.402719539277625,16.0092521636851,22.9430408872181,21.0159637805165,25.8433991333439,31.1862047320301,36.2668296507477,46.4573759087453,44.158031426274
"121","AWY1","Kahlotus",2021,48.991935483871,0.273518859002156,0.233353248817318,1.78068838211254,0.177366839737582,0.0787520260089646,25.5788363423353,0.20018966971971,-0.0318563212616282,0.0987395364625599,0.017910809859796,0.433308915053943,16.5862218091831,23.9975427068339,22.0839281502512,27.0982694248978,33.1209432246376,38.8655100473743,50.4818307085181,47.1543241382194
"122","AWY1","Kahlotus",2021,75.7213363705391,0.301125570254126,0.258917601181766,1.88982911499576,0.183153460398531,0.0825628069416974,31.9037779420475,0.340703705857068,-0.0218600324154729,0.104551484333729,0.0371831204894757,0.450592240698836,26.1358944477036,37.3372483429743,34.132257899059,44.033863006276,54.0833350083548,63.9617267508044,82.3703720834183,78.5624368248781
"123","AWY1","Kahlotus",2021,48.4903019396121,0.270462488941882,0.23172000685732,1.76203466660022,0.182464406308196,0.0820722456950057,24.6263609858314,0.195943013170008,-0.00947573020508622,0.111338216626907,0.0156233874836375,0.448168761591693,16.9785913694667,24.5031288176205,22.6295603873477,27.3615180753751,33.5238725897238,39.5676409985158,50.3091676424256,49.1501190201205
"124","AWY1","Kahlotus",2021,63.7066365007541,0.308981337438201,0.264645812390872,1.9309570999962,0.182487272047034,0.0823945447506707,34.5829977484,0.294133145283093,-0.00872498583333702,0.105625877089874,0.0335976744537336,0.448487901398256,21.9430073353322,31.718259556927,28.8704579645711,38.0309805929109,46.6258613715732,55.0929841612715,69.2307666698174,67.7506866097914
"125","AWY1","Kahlotus",2021,69.6893203883495,0.330129017657843,0.28246036108681,2.03393666254209,0.186607647642477,0.0838337243968699,37.3783702261338,0.3437396699363,-0.00852664401951626,0.109205444520307,0.0420467576287901,0.461630847157652,22.5640266519347,32.9580304783226,29.7552547443431,40.792950819462,50.3016535798753,59.674597523643,75.3560677674358,73.6945374975596
"126","AWY1","Kahlotus",2021,64.3058918482647,0.299465238788397,0.255980807324476,1.88962496132332,0.18421117413454,0.0828053179072355,30.690873691649,0.287708831210054,-0.00827265027491963,0.107347117702504,0.0295049691772634,0.453750995575836,21.2822030141614,30.8779704633641,28.1574101845681,36.2665220300521,44.6012665226019,52.8069788208143,66.3883270282854,64.9690467100886
"127","AWY1","Kahlotus",2021,72.3470522803115,0.304896975167506,0.264279300368075,1.91480128268225,0.195217678789429,0.0865861832583297,26.9676878922432,0.32945772071801,-0.0129990393761212,0.111971154485034,0.0312950731788835,0.487821294143089,22.0452208166067,31.9201555176089,29.2922687057833,37.3077907388599,46.5825729913161,55.5903277287241,71.1502951009745,68.973645563472
"128","AWY1","Kahlotus",2021,74.2197843767732,0.296350955020752,0.25617517499891,1.87506707232368,0.18413305113091,0.0813469143890863,28.3212023151166,0.328546959361267,-0.00832966324043691,0.110174867788977,0.0343782525811816,0.453494786752292,23.3986606733635,34.1001278492656,31.3403470954404,39.9887275417305,49.2820955954054,58.1443667613735,73.4738898563254,71.9730499780149
"129","AWY1","Kahlotus",2021,72.5659887494591,0.296522064696667,0.255270677645142,1.87751809022396,0.187681849614862,0.0831960837134587,27.778230921831,0.321423219030047,-0.014094748476524,0.103772559833642,0.031230110835523,0.464742423254457,23.1634950556505,33.5959793394056,30.8058572950412,39.0386029165653,48.3008826521102,57.2098480775307,72.2245758675399,69.9176398248534
"13","AWY1","Kahlotus",2021,54.5194143857416,0.296809442932012,0.25631000613027,1.87949758762823,0.180966355188149,0.0799892510706156,30.2988027008853,0.241758143810515,-0.0325015604855589,0.0999332446728528,0.026509469699394,0.444093194508704,18.1518399824931,26.3761874452772,24.2288820688301,31.052940823317,38.1178071636651,44.8121015594336,58.3961429176553,54.5487718484236
"130","AWY1","Kahlotus",2021,79.5190887998313,0.30282651841854,0.261541198032459,1.90430947845317,0.187638042696312,0.0834068437312673,29.8052389847904,0.359723977890757,-0.0113262668264617,0.109262256271253,0.0373791332226535,0.464778803346155,25.4139041606151,36.8154117961396,33.7487215381568,43.5378752620021,53.8281781288749,63.8195098848698,80.8506195580379,78.6378361732441
"131","AWY1","Kahlotus",2021,78.878842676311,0.306524318669702,0.264500782291481,1.91245210828183,0.186570161270926,0.0840756532175108,31.7082947840838,0.361245042500411,-0.0122281050690612,0.106700757016599,0.0395728960947209,0.460432213213918,26.5073237733947,37.9636988113211,34.717141664512,45.0219267537377,55.4914981222641,65.8250506049953,83.3658889196103,81.0553777449828
"132","AWY1","Kahlotus",2021,42.8991365056035,0.28837856987702,0.245865396760368,1.84552173113105,0.186031272681417,0.0833946678020702,27.1156143553019,0.184818207024282,-0.0148521381809236,0.103392556356725,0.0164091818727766,0.45961937098572,14.4946944027933,20.8382756161003,19.0687242237796,23.7555018527011,29.268033041023,34.6554083436592,43.9039395930692,42.4143112077695
"133","AWY1","Kahlotus",2021,45.9039800107086,0.302399344863369,0.258534322895767,1.90687869932772,0.196626120586635,0.0874540248112932,26.2571197377503,0.207332718956248,-0.0211175616640463,0.103357403823303,0.0177580649933232,0.492237015295422,14.3748749310257,20.6114569455262,18.7756890918087,23.6528384712132,29.565874730623,35.3146811854058,45.2973477720291,43.2270926689312
"134","AWY1","Kahlotus",2021,60.8275328692962,0.274548200108448,0.23897635899079,1.77997695611654,0.190085604384961,0.0847777765495846,22.2266975055367,0.249464275793156,-0.0169211275751186,0.108691946186428,0.0190983598396388,0.471370839819534,19.943993880884,28.6782221269637,26.635784342876,32.0250421552081,39.7059759236903,47.1712187612877,60.6028094387002,58.3068159007565
"135","AWY1","Kahlotus",2021,68.0051604579906,0.280294625082302,0.23821524080165,1.80456861045058,0.17868129137588,0.0799690760283696,27.4072470154591,0.28477772320475,-0.0196089251645742,0.104483268266591,0.0265667662121815,0.436846050766764,23.5668328330936,33.5925143689391,30.7755013716849,38.2471874939363,46.7378629936672,54.9380525279161,70.3954577996543,67.4723651708162
"136","AWY1","Kahlotus",2021,47.2965388213283,0.257844215422324,0.224712829375148,1.71204382172274,0.190654537438137,0.0845273403492808,17.1731215387776,0.182132230648903,-0.0336744110045645,0.106171423376952,0.0103629629127062,0.472841681944896,15.1092990665686,21.7431330898205,20.3100330536271,23.4542890792071,29.1104258939347,34.5372589430686,45.6804339344537,42.5523081359723
"137","AWY1","Kahlotus",2021,47.5324675324675,0.290094734636524,0.246789043416036,1.84847430398338,0.179425626795718,0.0803450344278115,30.1930125887603,0.206028906837661,-0.031253103776799,0.0966253664667834,0.0207892360566796,0.439262315972567,16.5357017566135,23.8215542179778,21.7498956077255,27.5768170710595,33.7415181927628,39.7071326794477,51.3065396788165,48.0141508249778
"138","AWY1","Kahlotus",2021,67.9850046860356,0.286811302563141,0.246598321764723,1.83261716947779,0.180312690403997,0.0809772468970276,29.0820593856062,0.291341279149788,-0.01380994705237,0.111323678852109,0.0293627979951397,0.442177073681554,23.4264408043337,33.7977825844761,31.0744023047545,39.1205891336414,47.8804529851999,56.4347039719004,72.4096753365506,70.1752296845591
"139","AWY1","Kahlotus",2021,63.2447817836812,0.259239099733525,0.224085369912663,1.71645133016428,0.171787430808476,0.0770185528698662,24.1764403068165,0.24496618780014,-0.00275449012345111,0.11652627885148,0.0222023239400784,0.416297490913515,21.9843679142789,31.9565841640819,29.7021967708953,35.7807361248719,43.4047672855758,50.7477592418429,64.4189078399919,63.8653079076702
"14","AWY1","Kahlotus",2021,56.9840965702242,0.274850094822116,0.240041381519769,1.77815786910907,0.168781019458714,0.0748514079273009,28.6322786486318,0.234002877275342,-0.027659421236875,0.0994472932583029,0.0271486440855245,0.407465246600055,19.2839777643379,28.1074209554572,26.1249859391389,32.828305296403,39.7227924433976,46.2228432566821,59.5277110978573,56.1616593426651
"140","AWY1","Kahlotus",2021,62.3437208434409,0.300020505604487,0.257845655474669,1.88776473558716,0.184569560194492,0.0826674199625436,29.9699606352193,0.279424915796382,-0.00830651436697292,0.112109660991619,0.0294163976003271,0.454307756966441,20.2503407513835,29.4363726219364,26.9217918703889,34.5986611841067,42.5654600239061,50.3418980305968,63.9534298730394,62.6952851836975
"141","AWY1","Kahlotus",2021,51.3880059334605,0.271151086619744,0.231957620940372,1.77315272020101,0.177210664337964,0.0792001366006679,24.6339493904869,0.208148639619878,-0.00639630944809774,0.109389329360148,0.0184222958343111,0.43285441627487,17.0627053745111,24.8938240744762,22.9591665736424,28.0305360290911,34.1878232786845,40.1154184584095,50.5778899905872,49.7765510161386
"142","AWY1","Kahlotus",2021,46.4939618231398,0.250755047185709,0.211067172849864,1.68624350455387,0.166970200920209,0.075589945657762,24.4433916593474,0.174207036701653,-0.00272993248243082,0.103463713603041,0.0138879461443813,0.402172228537516,17.333287290523,24.7270604463993,22.7855650396772,27.2211706824175,32.7587082246749,38.1543614463127,47.1517281208368,46.769863328963
"143","AWY1","Kahlotus",2021,66.8499905177318,0.306467967396838,0.262629099108886,1.92000461776823,0.18857247528874,0.0838154602570148,29.617208639149,0.306025731079686,-0.00878668675112126,0.11051224395888,0.0313948327650898,0.467130988484557,20.7561040149058,30.2566585168989,27.5632526502057,35.7155766229466,44.236429210096,52.4907826342659,66.4696623436682,65.0004728890882
"144","AWY1","Kahlotus",2021,39.0907203653726,0.255044773280477,0.223124379650437,1.70163013305943,0.183534837813713,0.0823595232451725,18.8912594794526,0.14892400482433,-0.00947784886304419,0.101738368119994,0.0101742419985352,0.451259475698977,12.8779324477922,18.6523501785898,17.4459148914641,20.3380930686996,24.9740120499314,29.4824652817489,36.8034151426894,36.0313187333859
"15","AWY1","Kahlotus",2021,66.3687346652646,0.271431534911701,0.236480350725104,1.76663813633633,0.17588801716268,0.0780537225766798,25.1605909306198,0.26912704723223,-0.0292728239171033,0.104996522614878,0.0266746260343824,0.428452195178013,22.4901050913872,32.2698974953823,29.9985391758761,36.7414809160195,44.825144704023,52.482813961594,68.6458444792258,64.5962103455184
"16","AWY1","Kahlotus",2021,74.6584568020012,0.244909890629968,0.219898559769255,1.66020803582849,0.171696336012965,0.0767147107807069,19.6026681049653,0.273163948452301,-0.0318473979026108,0.10809330894148,0.0244683985643893,0.415723313558391,25.4024402223871,36.8947422734597,35.0320892028366,40.8922437891287,49.5840291312382,57.8804434616438,76.5337051135624,71.7121814898023
"17","AWY1","Kahlotus",2021,63.5493372606775,0.278414380168053,0.24581122206656,1.79667280793362,0.182465240087384,0.0825285216152592,24.2328105447813,0.264285368147062,-0.0390982035187019,0.110843526692315,0.0261826037589018,0.448280625560388,19.9847284942022,29.3730514877736,27.4454883474776,33.7427927005175,41.3685393330606,48.9171218226592,65.9011990735864,60.7477600397328
"18","AWY1","Kahlotus",2021,62.9765395894428,0.290516058413707,0.254311532244028,1.84850400177701,0.17577380382431,0.07986923115678,30.4045508266922,0.273357848344758,-0.0292981388150199,0.102980882461039,0.0323755810664358,0.428306283084059,21.0719083878146,30.8138443578169,28.5642798620229,36.5244295166293,44.379799865478,52.1618276831434,67.9237717768875,63.9189646043342
"19","AWY1","Kahlotus",2021,77.5377165207674,0.312235824558443,0.272359552555489,1.93925862970451,0.185189676696657,0.0836876852207964,32.7057649024195,0.361702895930157,-0.0285807996182368,0.110177379085548,0.0433120183037512,0.456525843437021,24.8823814634517,36.4809949429269,33.5008717786393,44.1209373478936,54.2664678516177,64.3061562394409,84.8128702120327,79.8724954094057
"2","AWY1","Kahlotus",2021,58.7218649517685,0.273483629913967,0.240187908941199,1.77214609796646,0.174548918827408,0.0760233755890109,26.9862376670344,0.239946972298297,-0.0248641962920485,0.103677915562945,0.0255662440503762,0.424210116238284,19.9007983959192,28.9702690202242,27.0111176221516,33.4921503284515,40.9296197410922,47.7708019608071,61.6839076310194,58.5109270448859
"20","AWY1","Kahlotus",2021,54.278728606357,0.291857120108217,0.24864086197654,1.85661568529219,0.180705249833711,0.0806837415653067,29.5682396441324,0.236670969822534,-0.0277444370101665,0.10339652619079,0.0238020671703115,0.442897287690151,18.3555437539665,26.2367240645548,23.9514467676042,30.5035530565281,37.3918884931179,44.0521518218175,57.2262745195387,53.9428838611462
"21","AWY1","Kahlotus",2021,69.7833734493612,0.295437390477314,0.253085331724164,1.86448192852055,0.17180549808394,0.0768979917576114,33.5598544922514,0.308050686866227,-0.0224811548436182,0.106785995522017,0.0374540195993016,0.416552210174372,23.6321333321669,34.4129979289282,31.4315466007604,41.1092914453658,49.8895010756605,58.3273287392021,75.5100267756326,71.9785540622457
"22","AWY1","Kahlotus",2021,67.8177544747785,0.277571847175996,0.238636803223512,1.79157550378159,0.18170060214067,0.0812001795693198,25.9659590735974,0.281228762500167,-0.0293458210511676,0.112725337725403,0.0251217803772324,0.446029791801097,22.9845649936351,32.9829039920559,30.4022713902023,37.4696200347719,45.9820694466966,54.2411078968852,71.9611302917568,67.5655788792962
"23","AWY1","Kahlotus",2021,57.71484375,0.248398394736197,0.217242725370452,1.67315887380997,0.176623618595381,0.0791018143579221,20.2474210761799,0.214200105742242,-0.0405565300527411,0.103213931541809,0.0158322364799825,0.430426809970025,20.6622836821332,29.6224778166974,27.7851376574087,32.3605850394837,39.4435163793777,46.2734622631509,61.6876518245478,56.7468697205623
"24","AWY1","Kahlotus",2021,31.0750279955207,0.244740989037159,0.203445568679926,1.66247513053753,0.160985035771009,0.0715952789417558,25.2257453997677,0.113649210681537,-0.0442480253982845,0.0926832321888702,0.00904895342650427,0.384759931216908,11.9945491241408,16.916244615928,15.5335951811379,18.5777239283757,22.2592624359935,25.7191979034119,33.8749660673864,30.9059795538914
"25","AWY1","Kahlotus",2021,75.4716981132076,0.29876326170191,0.25457785661037,1.88273785737775,0.173801983461513,0.0775242557500982,33.3516271278635,0.336886028059115,-0.048052857388469,0.0998133121612582,0.0398026390085005,0.422483349089625,24.9383586967774,36.6005035688014,33.324131761576,43.736355149164,53.2276195182157,62.3413915006452,83.7400176006769,75.6815391374843
"26","AWY1","Kahlotus",2021,63.1431041936878,0.290799653007881,0.249420285242174,1.84491421830153,0.177600504479299,0.079404638882986,30.3034814461783,0.274327359204094,-0.0367269254387723,0.105920957381524,0.0295578597607238,0.43368900625708,20.7062744507536,30.2124873385923,27.6729998244728,35.5095325407129,43.4140086580802,51.0871547660958,67.8239027491315,62.6716724259037
"27","AWY1","Kahlotus",2021,66.5386256935553,0.285389316281179,0.249095816170476,1.82211803221039,0.188964123070938,0.0846509029250034,25.0147943360871,0.283669547669679,-0.0380164688595965,0.105140032837118,0.0257270939852465,0.467510826032435,21.4520552919807,30.9875746896481,28.6913597622395,35.4292342115757,43.8401849234197,52.0608531015126,69.3007095265887,63.9667256187809
"28","AWY1","Kahlotus",2021,64.0983903056611,0.264504456313325,0.228373613772268,1.73730676067188,0.184899718292811,0.0830297081163845,21.1629357513224,0.253258405125239,-0.0304837886757444,0.109918573167843,0.0182856059216578,0.455449148998146,21.3308397498878,30.7905411637893,28.5628796537206,33.8790288128062,41.6516484900173,49.2423656624738,65.1479299391281,61.1429480454889
"29","AWY1","Kahlotus",2021,35.8766859344894,0.251242473880539,0.210881597542599,1.69509205926052,0.166160097151984,0.0746191045597652,23.8116862204734,0.134670618173172,-0.0180752016852229,0.106295644078745,0.010729006478124,0.400298951079504,12.9352583428552,18.5560957338986,17.0784470215005,20.4253950065777,24.5884322998172,28.5861157137944,36.6901285282634,35.280080995274
"3","AWY1","Kahlotus",2021,45.9579628132579,0.255312885585632,0.227711149018383,1.70173049648225,0.186061543659691,0.081104334195117,18.5387137213723,0.175288868470601,-0.0329439132596936,0.102149390983865,0.0125449519700894,0.458731073400833,15.5579361989277,22.3592555582079,21.1178289808845,24.4941143345262,30.3186891169731,35.7185538008568,46.7666799797781,43.6692783913011
"30","AWY1","Kahlotus",2021,52.896589063346,0.278170252940666,0.242611881460676,1.79727106442861,0.188265510713174,0.0847372545662113,22.4270845322558,0.219759097948587,-0.0284737609059217,0.113493057692233,0.0184550876167225,0.465816716729685,16.4977600800009,24.0484873419744,22.3328341711874,27.1065690507107,33.4387883545085,39.6920424786209,52.6233185119989,49.5486881930881
"31","AWY1","Kahlotus",2021,58.3333333333333,0.263608402371635,0.232329246619994,1.7347850845313,0.180648136063156,0.0816649102274575,21.1325879227936,0.22968328740031,-0.0355131678411803,0.10747477772998,0.0198567080956234,0.442481352187813,18.6634482709613,27.1581593532824,25.4419659065637,30.3817153257146,37.1553575947461,43.8220374547505,58.3027290125168,54.1934647039452
"32","AWY1","Kahlotus",2021,68.4069372429823,0.272961839133093,0.238773804800627,1.77018104000023,0.17763768935398,0.0807788366448966,24.1042976467289,0.27890262385861,-0.0421818638939082,0.108753695849547,0.0277234126360311,0.43367116798926,21.7634533504277,31.754251362423,29.5710694523872,36.2380020935197,44.1085635725354,51.9389375849344,70.121720515951,64.315162568071
"33","AWY1","Kahlotus",2021,65.1539138082674,0.274881707425292,0.234482981767703,1.77886237087553,0.175348460000458,0.0808796036900667,27.3204729402036,0.267581416664532,-0.0485312082692773,0.0982382384523145,0.0255170057931602,0.426686659334887,22.6477559853193,32.4048617071709,29.7656625387835,36.8984157331883,44.7332902503535,52.6963347203392,70.5509866971091,63.8426399731469
"34","AWY1","Kahlotus",2021,59.0716522379812,0.273801140755069,0.236360346678128,1.7791443670856,0.184343225951613,0.0837842093955083,23.2550135844736,0.241580781714824,-0.0376908692342846,0.111158866730569,0.0198392665500986,0.453996804711783,18.9498555497529,27.525829270574,25.4703957700027,30.9710672746904,37.985571321223,45.0450184924696,60.4302358939305,55.8585142274223
"35","AWY1","Kahlotus",2021,64.6251319957761,0.315094332423126,0.268925412377046,1.96294728059865,0.184181447362882,0.0836907625254624,33.0039250405952,0.30419309496413,-0.035870909556973,0.0997141110323497,0.0348493407703831,0.453730409544167,20.5972305071553,30.0352118978437,27.2389595463458,36.1330470953604,44.3254838663339,52.5265013656113,68.8153830618601,63.822847527521
"36","AWY1","Kahlotus",2021,38.0182712579058,0.277843731924758,0.234051916165269,1.79827327072778,0.177407779684463,0.0798111032348089,26.4146094724722,0.157789791871002,-0.0259914845077827,0.102795968466866,0.0140372973083841,0.433281164777827,12.6975430456452,18.2512844419035,16.6608574016891,20.6755336224714,25.2055870244636,29.6332997488232,38.3075419992082,36.2135566690553
"37","AWY1","Kahlotus",2021,81.2345242306332,0.281593008885526,0.244920912819097,1.80347921166597,0.184634464928298,0.083096191388589,25.2074948579044,0.341716428665116,-0.0304921658773162,0.109570233634204,0.0321271698324225,0.454667115509947,26.6691595947607,38.5993261769395,35.7385173378435,43.9696055626828,54.0437430919161,63.9221464688028,84.4656142759495,79.267330775403
"38","AWY1","Kahlotus",2021,66.8206707734428,0.281873689944345,0.240868886815197,1.80952919872784,0.182851945045937,0.0819412121680463,26.2652312438617,0.28137130341877,-0.0271312155365081,0.112777990211606,0.0251595646388374,0.449431434384355,22.3227730973092,32.0625254412871,29.4284937085409,36.4627392380727,44.7827896591604,52.8976226886679,69.9004904038843,65.9245189622883
"39","AWY1","Kahlotus",2021,67.4658869395711,0.28863655019757,0.247637827178195,1.8367519823453,0.181001614650722,0.0812996498883955,28.9004897867944,0.290928870728754,-0.0391732759485359,0.102660667643535,0.0292345596360186,0.443752190959593,22.4655385702252,32.4539624606848,29.7484642915498,37.677260981764,46.1877990214544,54.5084144862258,72.2788278397005,66.5343684726942
"4","AWY1","Kahlotus",2021,63.7896427137696,0.277070464799845,0.239368438519779,1.79171125682158,0.177977583766451,0.0776793730934516,26.9878556450009,0.264066888512464,-0.030372269760823,0.100681373682629,0.0256651379815949,0.434754903708169,21.9750951420771,31.6808785285912,29.2822187539172,36.2525678723261,44.450421482418,52.0386074788216,67.5445206368797,63.3476579414663
"40","AWY1","Kahlotus",2021,45.9730941704036,0.27973517569169,0.238129704314228,1.80301543742723,0.190912218836423,0.0849738553787964,23.4121818106103,0.192100349147445,-0.0568461056079119,0.0933253090714972,0.0138541126588636,0.474031963705606,15.4437802736142,21.9149307731945,20.1036821739428,24.3467655703983,30.1799640809926,35.8301057075262,48.4235702052771,43.0030771482814
"41","AWY1","Kahlotus",2021,40.4439631835409,0.248791508349519,0.211424666405653,1.68064615241803,0.167372212113738,0.0748058269320168,23.1662091890329,0.15034243354426,-0.0398049397159358,0.092772212867062,0.0120300580231593,0.403513400474777,14.8332343544684,21.2352912460666,19.6770357357912,23.3448118199191,28.1462348718199,32.7189070735599,42.7137450903774,39.3038541417234
"42","AWY1","Kahlotus",2021,70.1599247412982,0.284089255675114,0.246254952394532,1.81708842165097,0.172347401788909,0.0772314159251256,29.9783875342876,0.29779576141586,-0.0311899835131224,0.102946906734506,0.0343237811904268,0.41809216162701,23.5772674336692,34.4835972808704,31.8481488798795,40.483036747842,49.1313250472637,57.4712370032685,75.0960945990081,70.3075231604404
"43","AWY1","Kahlotus",2021,77.9880647911339,0.320627226354919,0.279033410415671,1.97568745321841,0.189565468965182,0.0854567621208928,33.0971425431145,0.373573792792993,-0.0277321182217652,0.109224447012143,0.0444630571301703,0.469949631823512,24.9184502489136,36.1992187354307,33.0936375329294,43.8641333268038,54.2640507678294,64.5299426316019,84.8929630435185,80.0620602970203
"44","AWY1","Kahlotus",2021,60.6831524639744,0.278907651025958,0.24138906957806,1.79854335362008,0.185179640551739,0.083353192328871,24.7070857729698,0.252838488117535,-0.0180837106976878,0.110072512526891,0.0221358258889745,0.456400198570712,20.2239236635269,29.1866470434189,26.989774701353,33.0091850582374,40.5986083040838,48.047795501639,62.0454620669169,59.6429488225333
"45","AWY1","Kahlotus",2021,53.3523537803138,0.28275063213087,0.241106671415388,1.81799636973122,0.17908855376981,0.0812644915517629,28.2738227884874,0.225389184574649,-0.019129002547136,0.105511684050045,0.0215151764733801,0.438221375995399,18.5284061274053,26.5111019600013,24.2929453916735,30.3927515866529,37.0942585568896,43.7422379164895,56.1056192503994,53.7778461086068
"46","AWY1","Kahlotus",2021,51.2114750920721,0.265096699242181,0.232670617156364,1.74172888026173,0.19678239041417,0.0880838826637871,16.6630296473201,0.202718880079521,-0.0334711011504223,0.113221467853188,0.0116211736672143,0.491816675576353,15.4734009460587,22.3387373793106,20.8765469910893,24.2024796886509,30.1946974554202,36.0740757562218,48.3292319383447,45.0816635456604
"47","AWY1","Kahlotus",2021,71.4838255977497,0.297504446407262,0.257053364872689,1.87912307161394,0.179782062519568,0.0828726493869087,31.1973118016002,0.317742808093079,-0.0346577555083163,0.107142004669889,0.0357890865387004,0.440145382830207,24.0621539353011,34.6517436744282,31.8090089616305,41.0302713552176,49.9864078331736,59.1298604744021,78.4704320328515,72.9950002053918
"48","AWY1","Kahlotus",2021,79.67255334805,0.314377787048039,0.266874367464785,1.95125016026889,0.185577688570899,0.0849170203671556,32.4360675530423,0.374153236385247,-0.043270537501794,0.105342367239282,0.0413688922956857,0.457591114886655,24.9150667591823,36.2501231008554,32.7382384825207,43.4209789871215,53.377634563168,63.4860087048887,85.2475002733539,77.8683334468849
"49","AWY1","Kahlotus",2021,82.1534800713861,0.283738434748049,0.247528459417505,1.81385216135275,0.18329200215383,0.0828154900213656,25.0053588608845,0.34816476370219,-0.0299684491320396,0.11384221827479,0.0344711638098524,0.450184658544402,25.3893145591243,37.3168659892522,34.5793740345233,42.9267829413518,52.6793876585628,62.3073027165757,82.9781218051261,77.9685855620556
"5","AWY1","Kahlotus",2021,53.3031674208145,0.249398501056905,0.223150987553433,1.67904156041602,0.181414632541036,0.0800036357912915,18.9850710108135,0.198626452260994,-0.0255013531283597,0.114835634152508,0.0147835649004289,0.444813159808959,18.9134403682054,27.1944944915473,25.7716730290973,29.7920728696002,36.5953959875098,43.0034684257459,56.9144874644902,53.96874000608
"50","AWY1","Kahlotus",2021,67.9545454545455,0.24800787878995,0.217027190225182,1.67248278050317,0.177369632041606,0.0804262559011271,18.5088246350262,0.251735705039377,-0.0262255199183541,0.113153910798237,0.0180968572054561,0.432705021800029,22.3270800023391,32.5128535721537,30.4957870759665,35.4014175253983,43.0952123728562,50.6813590019282,66.9374804936025,63.4116162922362
"51","AWY1","Kahlotus",2021,58.7722484562296,0.276939286942639,0.240201347664324,1.79182428373859,0.183010195729683,0.0825501138029549,24.0555313046913,0.243116461550865,-0.0249613093302902,0.104172430726725,0.0218379598437706,0.450049315129828,18.7831062118669,27.3395314138174,25.3226113206522,31.0168646090954,38.0422256012208,44.9646696558932,58.1355819662109,55.1067671602358
"52","AWY1","Kahlotus",2021,63.793991416309,0.290140927248084,0.246907430824258,1.85333385854754,0.171144530508554,0.0770291702731668,31.9575298638012,0.276538793493992,-0.0111140829427628,0.10397933163737,0.031611164386786,0.415262189465022,21.4449972964991,31.4415961645395,28.7332899561271,37.1538448176522,44.9715296037432,52.5972430016591,66.1073414309982,64.3655879104747
"53","AWY1","Kahlotus",2021,65.6061620897522,0.283581883422901,0.24264295967482,1.81689523315297,0.183035555334471,0.0817701269099677,26.4815631484496,0.277934656805811,-0.0114452712439095,0.110194264940785,0.0255317292802986,0.449952177516746,22.2167069210282,31.6468322786738,29.0426546930576,36.0063845437788,44.2299558010821,52.1715376141164,66.4999474744802,64.8314585290271
"54","AWY1","Kahlotus",2021,76.9048054083683,0.310577491230727,0.267648867887299,1.93663097414304,0.18866120464524,0.0840723038836837,31.002960213694,0.356807475399636,-0.0215656034762357,0.107823311802417,0.0385636395554491,0.467062922841205,24.3682709934683,35.3590442419336,32.2581730663351,42.1460459464284,52.1878329241779,61.9386630562012,80.1309470370623,76.4042540425198
"55","AWY1","Kahlotus",2021,62.2645250842752,0.2754571799051,0.234275501828358,1.78219525769501,0.172520366999463,0.0766851873948896,27.9534395116372,0.25624532056914,-0.0257938142238499,0.10194900838054,0.0255184001987314,0.41837730109985,21.172976087614,30.7534264730759,28.1971945647923,35.1946535741326,42.7911275598319,50.0051882252457,64.5645277762339,61.1040177843088
"56","AWY1","Kahlotus",2021,69.7976878612717,0.306700065644908,0.263983873781708,1.91737581976977,0.180106812605719,0.0802680597157301,33.2989405830304,0.319848369285964,-0.0401496459143027,0.0959563874609643,0.037898029228542,0.441177856967402,23.4188839692649,33.8204716363654,30.8700818412964,40.5142080859718,49.6677522445964,58.437316081517,76.8842336635417,70.6772213130196
"57","AWY1","Kahlotus",2021,54.7942428542469,0.276508640180186,0.237434375946884,1.79154730562053,0.182465238523572,0.0811195916868327,24.8962097423744,0.226344634999386,-0.0390447255843566,0.0972569856055185,0.0194913655853678,0.448229371730338,18.5736456288669,26.5812261032865,24.4987029626016,29.9593062324563,36.8328693317692,43.4221671862353,57.0835570083462,52.5722538290279
"58","AWY1","Kahlotus",2021,65.4604016672982,0.269986013097022,0.231675483528673,1.76044984512498,0.173862355965736,0.0775234496930276,26.3550145888173,0.264052400736385,-0.0180810255557445,0.110471599165248,0.0251431523818552,0.42265514840102,22.6922878428135,32.8725581800854,30.3666215448277,37.2778403136196,45.3268142547165,53.0369071807954,68.5652646962337,65.9380548712884
"59","AWY1","Kahlotus",2021,44.8732943469786,0.232609392310699,0.203679420431748,1.61645390290833,0.177404478332753,0.0790133058719209,15.446833544603,0.15593300889959,-0.00876949450276078,0.114349264214921,0.00790930274540174,0.432501289132539,15.7730457698352,22.634984511141,21.3381713220941,23.9752159784926,29.2653973009879,34.3222524340563,43.9226756137286,43.05572060661
"6","AWY1","Kahlotus",2021,57.3195126386616,0.265078192298952,0.229225927655456,1.74029223577822,0.175541533370107,0.0765718449317598,24.6005873682161,0.227010704806127,-0.0358392677753163,0.102335465606544,0.0204546823567359,0.427228743688048,19.9986514033515,28.7167006060101,26.6545214515769,32.2895504241144,39.4781193160938,46.092011373508,60.7916350804661,56.4172134042489
"60","AWY1","Kahlotus",2021,62.3140781736423,0.280252723984362,0.2428349962946,1.80479731661981,0.172514825301137,0.0774027363240139,29.4089499848061,0.260940067524036,-0.00562943006085802,0.108994807847637,0.0289661395995037,0.418698255911902,21.6087863382764,31.3045253821508,28.9398740329302,36.4443395487293,44.2221276392662,51.7347836210352,65.0622060900783,64.1544667427397
"61","AWY1","Kahlotus",2021,56.2136627906977,0.263201473721293,0.223907917679752,1.73539556197505,0.169565770545667,0.0762577687492071,26.0990060405476,0.221058838053536,-0.00944818774475271,0.105749833890231,0.0204558581528467,0.40989041324066,20.0721441383972,28.6181208934116,26.3748341447917,32.2200158120691,38.9278403357985,45.4176109188218,57.1625951436952,55.9347271226861
"62","AWY1","Kahlotus",2021,72.89846631722,0.276072350838858,0.237903600315304,1.78343486943582,0.186172482589906,0.0839088437524251,23.2162508486404,0.30061744034157,-0.0234525857104263,0.108459784099524,0.0245850370517683,0.459232916737471,23.8628137099874,34.3635918179242,31.7276729024484,38.4332576280584,47.3336598139527,56.0982918279839,72.9536824946441,69.4256034140412
"63","AWY1","Kahlotus",2021,60.1550680786687,0.284675421230485,0.248642866984863,1.82334629678661,0.193036169007905,0.0868962949868328,22.8290250211274,0.255767489911983,-0.0317769005419941,0.103460052359218,0.0212452965130641,0.480708174127861,18.7504116834863,26.9853629956557,25.0119984552008,30.5395731121134,37.9269996568107,45.2463827259562,59.2089487068308,55.3402063152403
"64","AWY1","Kahlotus",2021,56.2975981253661,0.253968415387384,0.219187154784833,1.69625176812333,0.173231253268818,0.078741050358551,22.4159396577382,0.213612437345722,-0.0229560984035364,0.104198731676116,0.0173480891213119,0.420329214292331,19.6844778158437,28.1690184964961,26.198927150711,31.1769552244079,37.7916751322706,44.3272808912415,57.0798836682527,54.3867777119584
"65","AWY1","Kahlotus",2021,77.7019340159272,0.295531118109551,0.257381820803057,1.86088415839841,0.174420326581737,0.079455224566309,32.3002700253432,0.343107222954386,-0.0155202509346411,0.105321112113343,0.0425554424971622,0.423940563964931,25.9683482614941,37.9975842920685,35.0372470713853,45.4382698324512,55.1417810253365,64.7787932236474,82.4275295230298,79.7273162164492
"66","AWY1","Kahlotus",2021,61.4844903988183,0.287971514373229,0.247444229769259,1.83655378146338,0.181922346214546,0.0819005496543829,27.1953904184024,0.264484103387125,-0.019494202177113,0.103162879407794,0.0261067919123993,0.446524086127044,19.9095422942103,28.8183154868637,26.4715371851958,33.2609494409769,40.7736684032727,48.1485975125648,61.4511128445616,58.8768432305375
"67","AWY1","Kahlotus",2021,54.2264752791069,0.267239114657719,0.233831165755439,1.74838398942748,0.197154629798871,0.0878987628991538,17.3211625227457,0.216400386953335,-0.0213784736415387,0.109531396811586,0.0125961491263705,0.49292918673074,16.5939743429801,23.8937032168162,22.2795223193924,25.9342565579649,32.4036047783621,38.7054338363619,50.2564868069156,48.0060083569675
"68","AWY1","Kahlotus",2021,25.3874281734285,0.257590503310443,0.212813575379424,1.71476242554681,0.170552496044257,0.0767200800653403,25.1373068786698,0.0977065884937869,-0.00914372397731553,0.0993305206274882,0.00715517801282355,0.412952507289309,9.34946951915905,13.2254644919276,12.0570229448079,14.5338963225647,17.5630468618205,20.4937992607077,25.4688988558234,24.9325690861423
"69","AWY1","Kahlotus",2021,45.22355721883,0.25007093772286,0.208120572546067,1.68372889768165,0.165547378975106,0.0746259926008946,24.7239541551094,0.168979884802214,-0.00720175785307161,0.0993186537533243,0.0130569133688952,0.398001917056487,16.911487069333,23.893580310806,21.9013213920484,26.2460064722941,31.5546486676167,36.6805580306619,45.3985237522635,44.6329179123432
"7","AWY1","Kahlotus",2021,34.9350418223883,0.226842513950872,0.199793383871417,1.59714518119984,0.174335103781612,0.0758682299257733,14.586998276869,0.118386955457092,-0.0446601728879587,0.101636691577048,0.00601995330174362,0.423676468257535,12.2955034675686,17.6904655786827,16.7437672311307,18.6839603583144,22.8017412838373,26.5568117687218,35.6173460690908,32.518925710616
"70","AWY1","Kahlotus",2021,59.7156398104265,0.261495820717297,0.227967095228323,1.72434685499962,0.182234365498797,0.0817944040946623,21.8728814217839,0.233300562972925,-0.0125905046040079,0.109549476548931,0.0180252105710816,0.447266710135887,20.7433092415868,29.7361534951337,27.7321063165271,32.8921920942256,40.353852334906,47.6249424369038,60.7972973098994,59.1012942139926
"71","AWY1","Kahlotus",2021,59.0860215053763,0.300099303753695,0.253734918001773,1.8908543952833,0.179777268435664,0.0806591944933381,32.5403504178314,0.264928426070864,-0.020480315364163,0.10328139903235,0.0282057498552638,0.440193077853113,20.0952583669059,28.8680049733274,26.159242495363,34.0461706098496,41.6671345789698,49.1074123647681,62.8845743376627,60.0752864211271
"72","AWY1","Kahlotus",2021,61.4455626715462,0.27890862536391,0.238208502739519,1.79909028630803,0.17778558317509,0.079241547521227,27.1173274177618,0.256037933064732,-0.0337922326865661,0.099381799336989,0.0243741214556366,0.434058437064932,21.2206343946882,30.2748843386533,27.8028410830643,34.5028313351701,42.1578001077979,49.488146191022,64.6685642145097,60.2179889495603
"73","AWY1","Kahlotus",2021,48.7758224942617,0.277765546648924,0.238685366743892,1.79302823569091,0.172903756375306,0.0775069821042089,28.6820706978173,0.202434364907754,-0.0252909443650063,0.105007180855582,0.0212674610597957,0.419590410306629,17.0735065133237,24.6502879879631,22.7114540961697,28.3825717845528,34.4526895398366,40.2885524866439,52.4182193803077,49.6684275156472
"74","AWY1","Kahlotus",2021,53.2930513595166,0.260592482169771,0.224898717763753,1.72399484587682,0.181540270088858,0.0812929839536461,21.7168353698602,0.207477091647712,-0.0145981313199368,0.111916558158423,0.0151363229116852,0.44532908792764,18.4336537155687,26.5003664637376,24.6220034360561,29.1743723362331,35.759001397126,42.1494764363407,54.2575789467076,52.530759301548
"75","AWY1","Kahlotus",2021,62.9432960364119,0.259832803715655,0.224304409776215,1.72091029298945,0.175686983576166,0.078487046297969,22.5994483401135,0.244320496844735,-0.00601033466209711,0.114606491676216,0.0202788937945758,0.427836241653615,21.248077611652,30.6646059639973,28.4815661509238,34.1213925048956,41.5867762688938,48.763860538969,62.0568324924473,61.1108594264836
"76","AWY1","Kahlotus",2021,71.8092858630023,0.278846086321613,0.238769854195786,1.79437555591789,0.182390783027026,0.08203246517645,25.8112763301241,0.299131642761846,-0.00674317742324083,0.111965083970648,0.0264657934310318,0.447798061569763,23.7449877451641,34.4287268893519,31.6447768993713,39.0576723269707,47.9151687087627,56.5976762370469,71.6589910463616,70.4565993451588
"77","AWY1","Kahlotus",2021,58.4732526356892,0.281042947291261,0.239188355988277,1.81119871235627,0.174894207809327,0.0788159317067501,28.9183463252188,0.245526248818804,-0.0087856307102712,0.102857697721051,0.0245964618544459,0.425844308511762,20.1155945545189,28.8795072151078,26.4516509148786,33.3172228403192,40.5178674255832,47.5655838162509,59.4143492586644,58.1199999191613
"78","AWY1","Kahlotus",2021,60.5392156862745,0.285554616657822,0.242094253082955,1.82710452858754,0.181956831730872,0.0817787810445282,27.2604759696249,0.258241744134962,-0.0109497667988111,0.102584537452486,0.0235684161554004,0.446755756823134,20.1402216658471,28.9095095095644,26.3915546034395,33.0171106123348,40.4747389373545,47.7877705934199,59.8715891761473,58.3356372363702
"79","AWY1","Kahlotus",2021,63.668202764977,0.271903282931841,0.235918174897758,1.77017053953665,0.184073729787356,0.0826155982941969,22.4140121848866,0.258568544163184,-0.0123863383731941,0.10937798895741,0.0214065810751526,0.453077690006367,20.2925540022311,29.4616740082675,27.3400500650832,33.0401831478787,40.6195790939009,48.0364421222212,61.1662722798372,59.4369236896541
"8","AWY1","Kahlotus",2021,69.4795539033457,0.280248869147071,0.243077386939088,1.79984372491605,0.178123988252132,0.0782145240034804,28.2401201407208,0.290950025911876,-0.051766752087599,0.102237322728633,0.0297697841642034,0.434996248476474,24.5038803869922,34.9841470018074,32.3495822697347,40.3081411417157,49.4217963376803,57.9257763205303,78.8685394514421,70.867975375657
"80","AWY1","Kahlotus",2021,75.5052051439069,0.29200589074365,0.253917022084424,1.85301341341796,0.184787712598884,0.0837533805737814,27.6951585063167,0.329370232062266,-0.0152332162949352,0.104016066977513,0.0337263381519127,0.455255073700068,24.4383999887662,35.5141088944646,32.7725608334146,41.3331866701803,50.7883308783999,60.2089440666358,76.287133149963,73.7440398434705
"81","AWY1","Kahlotus",2021,60.1626016260163,0.277359494907082,0.240146509123372,1.79237635262906,0.177758904886636,0.0803523907595233,26.1859551435775,0.249277733884175,-0.00241244670444027,0.109624990769115,0.0245469900197581,0.434122416139182,19.8484609037679,28.8675394161217,26.7162339562251,33.1070188704919,40.3667366236285,47.5319836133363,59.3144153827546,58.7779947227407
"82","AWY1","Kahlotus",2021,67.5660377358491,0.279455752207925,0.241446661216989,1.79936020188834,0.17623860179517,0.0788452168571516,26.4552377667533,0.282039072830199,-0.00655369901786371,0.108108948136613,0.0290360773941808,0.429464340871283,21.4648950129992,31.585266563704,29.1714912525953,36.4390535346868,44.4009757895417,52.0912679570786,65.4048386456226,64.3326748843281
"83","AWY1","Kahlotus",2021,70.7913669064748,0.299204428537626,0.260301601316685,1.88371182047981,0.190714088731809,0.0858575438939076,27.0921354156522,0.316378501283785,-0.0119108308318071,0.110664867941783,0.0314445913274,0.473536597098255,21.856965776134,32.0535569211538,29.5192699487954,37.3670777651552,46.2821595149423,55.1064045628196,70.3069627494188,68.3518885616774
"84","AWY1","Kahlotus",2021,71.743082205615,0.288409386502375,0.247752532682228,1.83808819862767,0.178358593851961,0.0806318834748608,29.568575595724,0.309142552162517,-0.00643214745945607,0.105003664585866,0.0324988086689233,0.436038565638524,24.2824036035693,35.1488121801918,32.2757992860933,40.9298199955011,49.9460345073491,58.8317860607927,73.4806739995499,72.2316991949456
"85","AWY1","Kahlotus",2021,30.2198998475942,0.244736011905477,0.205104835350699,1.66665072015491,0.177595739446551,0.0790624443093706,18.0680269269771,0.110464270834351,-0.00766005609902312,0.104010545959321,0.00543311521186607,0.434128045404755,10.2433129177165,14.6221395076575,13.47892140889,15.5369900730717,18.9667406169037,22.2380406947472,27.829950341201,27.3174233382479
"86","AWY1","Kahlotus",2021,57.119341563786,0.276587534876034,0.234520709526843,1.78997727577338,0.178142279713081,0.079939048991351,26.4814033597939,0.236017984409714,-0.0070430513906404,0.10690072211497,0.0210518334069151,0.435422122258842,19.4348498512419,27.8370714744,25.4893093787166,31.5272885288429,38.5023445572202,45.2925660767012,56.8668930260895,55.8337839065487
"87","AWY1","Kahlotus",2021,78.9324706833805,0.303423971291039,0.261990916643103,1.90154218351257,0.183977217973905,0.082327487818736,31.1978450117739,0.357810696217763,-0.0189833285748214,0.107553963532808,0.0396294923654152,0.452899029871745,25.6643696483315,37.2558671196658,34.0986460504566,44.2661233450005,54.4926002907608,64.4475281415369,82.9318073365161,79.4965476439178
"88","AWY1","Kahlotus",2021,42.6496097137901,0.264507588902043,0.222540999055761,1.7422896699951,0.173768617160033,0.0773780252379208,24.9316453095603,0.168537389059008,-0.0275920652274934,0.0999701984329084,0.0137313056224587,0.422372459379003,15.0184876319079,21.3831046802163,19.6016625343316,23.7879180034133,28.930633738488,33.8277379314821,43.7296847086725,41.2045712977209
"89","AWY1","Kahlotus",2021,28.3738317757009,0.269163754306776,0.225076572669654,1.76085437989219,0.177971142637412,0.0794638769745374,25.4674262020189,0.1141056705896,-0.0232289554696571,0.0997838305049251,0.00876547405097106,0.43450925861534,10.2494717678889,14.4206727300216,13.1543515399225,15.9878907667299,19.5296707530227,22.9285632552997,29.4036042685703,27.9483535959367
"9","AWY1","Kahlotus",2021,58.4803256445048,0.265007190649219,0.229693578332927,1.74181036390621,0.180106379205607,0.0786999977510003,22.4572487624963,0.23150940488249,-0.0519584928609388,0.102818508541197,0.0190194921291092,0.441029488576496,19.4575688551622,28.089191925005,26.1041547754244,31.326945824638,38.5114220199148,45.1834278494087,61.5974477975167,55.3053085496897
"90","AWY1","Kahlotus",2021,63.9909553420011,0.277045993607278,0.242649690341352,1.7912669990375,0.18593932915777,0.0836193210647666,23.7348715479268,0.264835456120973,-0.0124916047689106,0.11951510771286,0.0234680817026613,0.458776900246582,20.8387737161565,30.3754066724624,28.2776743080385,34.4132588852263,42.3846032354474,50.2181566351823,65.385174672666,63.5280593412609
"91","AWY1","Kahlotus",2021,56.2005277044855,0.23007265449473,0.201041492489059,1.60833144062442,0.166912299890093,0.075527483071002,17.9181895830248,0.193185359009195,-0.00745676150045518,0.10803901566976,0.0131683813723939,0.401949490964393,20.1856751055389,29.0967036383585,27.4163452474124,31.3109694120216,37.6800254958961,43.8700806004354,55.2766034205294,54.3552787685438
"92","AWY1","Kahlotus",2021,73.2544141252006,0.304483403681813,0.260832678301518,1.90788353987349,0.18522780760047,0.0834925539983292,30.795744689172,0.33321209378167,-0.00931270753080997,0.108730387492555,0.0355397318367709,0.456480546325385,23.5570738624888,34.3132977115682,31.2613002572412,40.5436186107395,49.9029262108359,59.1280943666952,74.8831715545653,73.2046631908761
"93","AWY1","Kahlotus",2021,51.2171181782489,0.266196436896052,0.229085724872956,1.74666236598567,0.183661261654275,0.0822886058590287,21.4273922300497,0.20364859045382,-0.00655516970196475,0.112732209169544,0.0151546704930954,0.451726272034531,16.8202519132916,24.2684974928815,22.4634794346339,26.7777357050744,32.9093785398288,38.8681228424907,49.3564853005448,48.564974177026
"94","AWY1","Kahlotus",2021,52.0784770784771,0.254743186028593,0.223818412148774,1.69946093006025,0.183059063497329,0.0826911830378288,19.211755749579,0.1981814754174,-0.00406004545740942,0.116178582066561,0.0139969763262688,0.449487438129931,17.6189599824589,25.3898734717856,23.8281015667669,27.763949554998,34.0372470677309,40.2210236693433,51.0876658934155,50.5290349290481
"95","AWY1","Kahlotus",2021,70.1497617426821,0.278137646855075,0.242235861379168,1.79200749936711,0.183514341379516,0.0823921274439922,23.5662327435935,0.291417390329856,-0.00505572515947909,0.116797816128727,0.0269202647172156,0.45120263905754,21.7869719891821,31.9750064689776,29.6562073964051,36.3082766251159,44.606285571123,52.7035172805643,67.1877758593065,66.3209553706166
"96","AWY1","Kahlotus",2021,55.9461042765085,0.27527721711403,0.23970396267776,1.78519183924374,0.183552388504395,0.0825851947106128,23.5017327378605,0.230038459797021,-0.00737760020620619,0.109973848577823,0.0204132802159884,0.451520021126372,17.9978470429868,26.1487511014001,24.2852555217906,29.5846840715484,36.3119036725799,42.9178696595366,54.1696656583251,53.1877478287985
"97","AWY1","Kahlotus",2021,67.1431488666531,0.288971168954072,0.25197318216564,1.84339582480446,0.195159296303154,0.0872625891410391,23.4075972506859,0.289784684232655,-0.0106619331243138,0.113707082215034,0.0240952916765858,0.487392576804726,21.0138218602807,30.232867595188,27.9843425599402,34.3343292293435,42.7426372532096,51.0219176602959,65.2376486443994,63.6078380551555
"98","AWY1","Kahlotus",2021,66.6350710900474,0.299979784293093,0.257965271555437,1.8926833483211,0.18571093580792,0.0835629921359779,29.170064238869,0.298601901269192,-0.00721268453269702,0.112135085698593,0.0308483801844239,0.458712071847416,21.5378009735373,31.12098099312,28.4867871643566,36.4635246709211,44.8759871472234,53.174683518849,67.3826475008103,66.1461531166695
"99","AWY1","Kahlotus",2021,70.5836726779135,0.291467178164388,0.248751154560107,1.85215850261844,0.187080426989388,0.0841983529778033,26.8100515249637,0.307300341395917,-0.00329462051738749,0.118430091896217,0.0277735509999247,0.462360814367071,22.5090746524425,32.4508292300604,29.6476253655715,37.2886948944508,46.0292499516932,54.6604448905702,69.5981409704113,68.7680818589246
