"Plot_ID","Trial","Loc","Year","%Can.Cover_145","NDVI_145","GNDVI_145","SR_145","NDRE1_145","NDRE2_145","TCARI_145","SAVI_145","NWI1_145","NWI2_145","MTVI_145","ChlRE_145","BLU_145","GRN_145","RED_145","RE1_145","RE2_145","NIR_145","900_145","975_145"
"1","AHR1","Kahlotus",2021,79.163052905464,0.406568328717928,0.382437305113149,2.41955063672767,0.196507651401555,0.0873700526512253,59.7150094209464,0.481277350383847,-0.0832407860368669,-0.013394670205775,0.0879548475590107,0.491267707054423,26.7717784475049,39.2928489885344,37.094122731431,59.747845641476,74.7995764172929,89.3778876788714,102.534278050573,86.4402130139406
"10","AHR1","Kahlotus",2021,73.78300330033,0.418209556398931,0.390339362406948,2.50685747202746,0.201182386661652,0.0894468125273307,61.2492844171331,0.461420083416875,-0.0751128199541157,-0.00661795815915418,0.0822753959755316,0.506280848289469,24.8416743382517,36.177869760972,33.8036882954246,55.6851296301946,70.185702179431,84.3003322189983,96.3943677743342,82.4288294412674
"100","AHR1","Kahlotus",2021,80.4117974401781,0.436810256697463,0.404996893684272,2.61883622301735,0.203292921710679,0.0899753431404896,63.008142276303,0.525193771506816,-0.0816496561182643,-0.0091590171609065,0.0947334634307868,0.512553087980846,25.1950329303328,37.7252482619417,34.889705785449,59.707787652709,75.4291457394485,90.6242031700485,104.503592811988,88.3776072641392
"101","AHR1","Kahlotus",2021,64.4264408027988,0.412487951757071,0.38386887656353,2.47085213957977,0.194553179343812,0.0869424008364587,61.1946261287025,0.39738633449901,-0.0745166087500774,-0.00974533443865369,0.0726946908820718,0.485121655755295,21.7704499702936,31.8571236102708,29.7395044437061,48.7742184935484,60.8985848958761,72.7085257985383,82.6955068682456,70.9304835310276
"102","AHR1","Kahlotus",2021,82.9377119400321,0.47781746428371,0.442015287394798,2.92006438636593,0.211274614682737,0.0942723324151447,68.9796325845215,0.592568659394097,-0.0723383176137708,0.000583617647469078,0.108319007381723,0.538499976507873,24.4343265661945,37.0386667791513,33.7953470230645,63.1483971652126,80.4543568180999,97.5330526229231,112.5287106744,96.9316425372509
"103","AHR1","Kahlotus",2021,68.804920913884,0.441851404315663,0.411048918388527,2.66946274088841,0.211198272613723,0.0938201595773347,63.5512122000091,0.454611081063134,-0.0730519808044408,-0.00267907410545456,0.0791438772092605,0.538566743429206,22.1065001040678,32.5489045278459,30.1395480344831,51.7165674077626,65.9866259543766,80.0014586679975,91.6598021913821,78.7273171109622
"104","AHR1","Kahlotus",2021,49.0379523389232,0.420233300612734,0.388919736023127,2.52235763534104,0.192564010889973,0.0857339073028542,64.956915719716,0.308167493550037,-0.0747012725371319,-0.0123652426517818,0.0572925083328584,0.479371311266727,16.748644128963,24.5912006851833,22.794130745967,38.3294646015084,47.774290171233,56.9149410253209,64.3484221480203,55.148571417625
"105","AHR1","Kahlotus",2021,76.3567293777135,0.419419658915059,0.391636350126708,2.5024533986578,0.197997038587639,0.0879139920659141,62.3186532372724,0.478892653897823,-0.0776158347941159,-0.00566469072254191,0.0876818391984314,0.496360956181366,25.5024830486089,37.5936444313299,35.1671331592204,58.126243277487,72.9468608859111,87.2787528915492,100.545460957002,85.7043326496535
"106","AHR1","Kahlotus",2021,76.0292030014196,0.448539132880213,0.418836554078118,2.71429306775445,0.214258441492706,0.0953187291382983,62.0217668347439,0.509904504819361,-0.0950572817780001,-0.0224536256449784,0.0888279329030281,0.54811624402299,22.9765323478725,34.5163962697611,32.0229524549917,55.4858695529042,70.9987940252737,86.3004527997259,99.4747670769325,81.733142930365
"107","AHR1","Kahlotus",2021,73.1776765375854,0.396580518771706,0.370155345255329,2.35959107916467,0.192694793921031,0.0852620659527378,57.2855491411272,0.433929210433449,-0.0887529851764229,-0.0235485587579654,0.0785755861970321,0.479197759446109,24.6163726848258,36.430998989065,34.2321069105567,53.999371808653,67.3351419466183,80.0602318601469,91.1702701180808,76.0541524440673
"108","AHR1","Kahlotus",2021,80.5792163543441,0.411445201400512,0.38219371648864,2.45315241851724,0.193730439635288,0.0858209854383415,62.8133831095219,0.495783750651681,-0.083180787780462,-0.0140729595294947,0.0908901780198643,0.482633693582673,27.2506898091342,40.5618588259028,37.798643004756,62.0889380925172,77.5761496522569,92.4557489109244,105.840995851262,89.1576421509881
"11","AHR1","Kahlotus",2021,78.9667896678967,0.395494891952344,0.367185236445511,2.35480828392627,0.199713868974231,0.0887412861177737,54.7042573792915,0.466957484936989,-0.0840294978194841,-0.016056888671149,0.0796024727534314,0.500824483756091,27.3760317796116,38.9602487933685,36.4441182948746,56.5933721849863,71.1381880672845,85.1950643419514,97.5625568454008,82.132139325702
"12","AHR1","Kahlotus",2021,68.4411410204902,0.402936506397952,0.373617356559024,2.39730856727918,0.188028201749816,0.0835112308313053,61.8441267945711,0.412381454161585,-0.0857153103193719,-0.024487665986896,0.076991503094703,0.464688104786485,23.4443433055751,34.8161698580802,32.480952558169,52.6440479973439,65.238412674333,77.2954278807924,87.3011191153364,73.2694535920013
"13","AHR1","Kahlotus",2021,77.3744113029827,0.41335892401344,0.38939089242455,2.46531105586955,0.19794142342481,0.0875291552575776,57.8976997570398,0.478192698121096,-0.0916420335452133,-0.0253110193947832,0.0879297369082045,0.495724021686432,23.9956069887222,36.3091848426469,34.2711672772868,55.9558445749265,70.2156539772413,83.906341669831,95.616824584505,79.2685715310407
"14","AHR1","Kahlotus",2021,39.2537313432836,0.390050096535948,0.365819708274307,2.32281758740155,0.18378656667256,0.0819883231385789,59.6518156228837,0.228954632661818,-0.076503450270769,-0.0189030129921344,0.043736737326,0.451926146276605,13.8140066735521,20.2376685723991,19.1251276149437,30.2313407616789,37.2426963949142,43.9698954351264,49.3647435482533,42.22247599143
"15","AHR1","Kahlotus",2021,77.8295476606484,0.43041532007248,0.400920229850217,2.58186805086505,0.200396061232159,0.0888928732442267,62.4458206203281,0.500889933416795,-0.0631342282825745,0.0090032911123716,0.0914822679336281,0.503533852402341,24.5082272333084,36.6118363001546,34.0553502886308,57.9490179174816,72.9486038586199,87.5020680794896,100.731068034785,88.3220474922442
"16","AHR1","Kahlotus",2021,64.5739910313901,0.413428246257763,0.388521090329123,2.46970783420922,0.203085557314358,0.0908845971613033,59.4829915397177,0.399214120954919,-0.0654375200255455,0.00014093507872308,0.0707118867627921,0.511833875275471,22.0769415953459,31.8808488915128,30.0204299688263,48.471636905659,61.1214019868806,73.564725151855,83.7489687503954,73.1190247341966
"17","AHR1","Kahlotus",2021,75.972894482091,0.412568570352087,0.386566156119708,2.46331604488867,0.200489942030445,0.0892419480039367,61.2207888026051,0.468727294271889,-0.0537178214351445,0.0146923595008222,0.0838361515811972,0.504274497291518,26.4715713261036,38.1312762393355,35.8132850455998,58.1437809997517,73.1792608095909,87.8293370856153,100.405088648805,89.7145934725767
"18","AHR1","Kahlotus",2021,72.3737785016287,0.448509534285507,0.420140536402318,2.72094741500147,0.21067081062357,0.0938331655566822,62.7274994937791,0.485364332637422,-0.0467540691306807,0.0240165019099688,0.0867264290438711,0.536590221776615,21.9451343094833,32.9221940054534,30.6594051758919,53.4569863777216,68.111119069935,82.5479109286748,94.8327401520038,85.8727830197442
"19","AHR1","Kahlotus",2021,82.2222222222222,0.451581012757778,0.422001873217182,2.73844698195786,0.20806693492946,0.0924133292285111,62.6201460781646,0.555140927800686,-0.0463655204617945,0.0290532285738674,0.100825000020639,0.528568654478889,24.0350006341948,36.4517391961396,33.854370095485,59.786550029,75.9681560091122,91.8207379401514,106.332512428115,96.354650182278
"2","AHR1","Kahlotus",2021,66.2417921977598,0.38797382785702,0.370695803254573,2.30741618560109,0.177830698202084,0.0793322436357842,63.8086925295548,0.384376696453008,-0.0668335948171226,-0.00611279787380734,0.0784150702037668,0.434166466490032,23.4949096990446,35.5961643343746,34.1786361919908,54.550220446461,66.7583801104842,78.4460171226797,88.4735283058008,77.144655826429
"20","AHR1","Kahlotus",2021,84.82437415098,0.446527869488325,0.413677559726793,2.69744845369869,0.199266171153908,0.0884141137136828,66.8651233256437,0.566373630016202,-0.0512502272517242,0.0178742403286826,0.105691314699451,0.500469935393677,26.2647127110614,39.7148660710728,36.5954195635778,65.058800076166,81.875248213028,98.1834913815278,112.293697407955,100.768244606724
"21","AHR1","Kahlotus",2021,71.3555992141454,0.413960003538962,0.390631983956875,2.4749065109046,0.198260082350977,0.0877709140275026,58.3066274874952,0.441649048828225,-0.0561812443749425,0.0147285891731548,0.0812330144524025,0.496953052050733,22.4151151525547,33.5948280105628,31.7541265486647,51.9682879465263,65.2758974729206,78.0973433247296,89.7415187521936,79.8206575040513
"22","AHR1","Kahlotus",2021,55.5132421672148,0.433032476153842,0.403952164234283,2.61911103658905,0.203513950728376,0.09050720645718,61.8768011021179,0.359448428601769,-0.07393777835965,-0.0104009920399312,0.0647159146882699,0.513907312569504,17.4964866194304,26.1386642838784,24.3394981654034,41.3462961268581,52.215933078316,62.8263439503631,71.2215113866104,61.0762318746482
"23","AHR1","Kahlotus",2021,62.5167592415246,0.417839778877278,0.387190907517945,2.49682137748953,0.19092512833136,0.0847563971677318,64.5536010436919,0.390625449314129,-0.0773030416901365,-0.0171904477043728,0.0733250674122917,0.473954736501455,21.0960939867357,31.2268150433507,29.0005811699241,48.5959379025825,60.4640145157429,71.867295911309,80.88702851633,68.9821121191447
"24","AHR1","Kahlotus",2021,70.9362549800797,0.431615938668927,0.402726698670303,2.59980012549746,0.206796671862796,0.0916756692023619,59.4963790205403,0.457775730136935,-0.0890448406802687,-0.0232215959988341,0.0807462825924912,0.523460269436322,21.7870233632032,32.673939233449,30.4286307202258,51.1704365994377,64.9012879719463,78.2503590842649,89.1123595381804,74.1697190229032
"25","AHR1","Kahlotus",2021,62.8706790665029,0.391716081911773,0.366880034344017,2.3341146014381,0.188835415775855,0.0837815894909089,58.7387733478637,0.368270461408781,-0.074657454914502,-0.0105826461474041,0.068061963257958,0.467319858445245,21.7884204404047,32.2003680004551,30.3703513288617,47.8436938666613,59.3786582330339,70.4158310787221,79.9370292319938,68.6000808386297
"26","AHR1","Kahlotus",2021,56.4064251027269,0.445356166240334,0.407528947238718,2.69849130309084,0.196268455967704,0.0875858397444131,71.0932373512236,0.375696635740108,-0.0803260597276468,-0.0211967713277279,0.0696733799812511,0.491065409239621,19.2201756615168,28.2432695924297,25.7173290988118,45.7272497146489,57.2672779566691,68.5252048961298,77.00805984346,65.1870313681509
"27","AHR1","Kahlotus",2021,51.8160284247927,0.42328169106634,0.39270050361616,2.55008623968036,0.203708908136422,0.090942254764921,59.7991784644283,0.327949602862389,-0.0746341509136172,-0.0140823275148667,0.0574135384929993,0.513910115420877,16.8485477001469,24.8413015788194,23.0657619945033,38.1195166542302,48.1013473148554,57.8925790433282,65.3194680667633,55.9688461907273
"28","AHR1","Kahlotus",2021,72.9000969932105,0.43152520369755,0.404545350619752,2.59546274925286,0.209849478955722,0.0930909165954708,56.7640418441986,0.470302207198898,-0.0679713075115687,0.00208962546377538,0.0821885666208394,0.533314014954187,21.3892182359488,32.4768807941079,30.3933149291335,50.6805536145917,64.4961380682965,77.9757787762652,89.5329625472895,77.7735166896587
"29","AHR1","Kahlotus",2021,79.469300794112,0.425961025248307,0.396102779533076,2.54702064481717,0.19262549177745,0.0856312577714442,66.1803875158703,0.506207889153863,-0.0491236218733297,0.0205091297136662,0.0958860229911742,0.479568336288637,26.2287158396306,39.1221489596653,36.3725325821269,62.1664647565123,77.5678146078597,92.4687019925122,105.848254484689,95.4181232291447
"3","AHR1","Kahlotus",2021,64.6699944536883,0.414922802643246,0.391915676697358,2.47878903035836,0.200792110325876,0.0886037186040438,57.1654112250295,0.401189110892185,-0.073686971387688,-0.00447156279177378,0.0729879009204245,0.504459475348074,19.7975869817968,30.2648669165389,28.6398736240277,46.5839830354878,58.6589988741699,70.2249001364774,80.5484788099568,69.2353647629847
"30","AHR1","Kahlotus",2021,71.5208034433285,0.396365432151633,0.370736829394345,2.36328963399063,0.183767702376419,0.0817693253500269,61.5111528044538,0.423916723688719,-0.0414122365477695,0.0223206460428464,0.0814757430277585,0.452632072138159,24.8682410058492,36.6013640134409,34.4586727116661,55.4662675630427,68.4223260193193,80.845619404019,91.6889850294095,84.0515755185079
"31","AHR1","Kahlotus",2021,35.3155339805825,0.443160833010366,0.412900987136191,2.68761777362037,0.201618691251993,0.0898913167304423,62.5681604777358,0.234001855117139,-0.0580671149034674,0.00450073832680283,0.0432474502263925,0.5076211269552,10.6349661316555,16.1945393678433,15.036116540468,26.1001869724185,32.8556344943931,39.4410243326339,44.7102627929225,39.6315647819416
"32","AHR1","Kahlotus",2021,76.3911399243652,0.421453103826826,0.393922192200551,2.5241682758579,0.198169638603008,0.087780459243932,61.0920994949209,0.481403853921237,-0.0571799337154038,0.0101005028651144,0.0883397798947913,0.496761918438331,24.7793475572295,36.6587066210861,34.2953919614846,56.997681979077,71.5683494754,85.5992510865272,97.7833518634328,86.8388520020777
"33","AHR1","Kahlotus",2021,67.5815433571997,0.435907465899585,0.405912843807679,2.62456361605767,0.204679038437463,0.0907948576877953,63.1621533163067,0.440507373351743,-0.0661638700843738,0.00151647855661804,0.0790693452346069,0.517167859225522,21.3310719726333,32.0009463107901,29.7174418793745,50.7787135073591,64.257397037465,77.3693929284965,88.2768033430129,76.9227717056525
"34","AHR1","Kahlotus",2021,53.5073107532852,0.409799506264171,0.381468397327226,2.4625701543012,0.196069108459003,0.0868161654825233,58.8735215419828,0.327866178838267,-0.0659463890042478,-0.00075733359138427,0.0590504933577778,0.490018103432496,17.4246612422877,26.0708005224526,24.3598542689133,39.5710636799889,49.5562903424734,59.1418189435716,67.3070584112473,58.7275561679669
"35","AHR1","Kahlotus",2021,58.5453774385072,0.416281866145658,0.39176956405682,2.48607798453525,0.207005594021286,0.0916641273757758,54.7509545577298,0.364357023252875,-0.077579929379999,-0.0123312318121876,0.0634930319933837,0.523718843621531,17.8529182880999,26.780521391082,25.2374014130466,40.6712482738542,51.5611615540126,62.1057978050371,70.6940962126874,60.3085291961049
"36","AHR1","Kahlotus",2021,62.9505759940543,0.429241152798802,0.39681116151081,2.58922476959453,0.194453066277191,0.0860036229476161,64.8636024819276,0.40405957555785,-0.0882646617188586,-0.0304611977039481,0.0751570451516405,0.484889949491301,20.4146448101658,30.6749113695592,28.3422574549337,48.5129192420514,60.6597635999137,72.2846116349447,81.0706964387893,67.6094958223641
"37","AHR1","Kahlotus",2021,71.8605627887442,0.42976496718209,0.401298264109909,2.58646960112696,0.205752752361219,0.0908984873854297,59.6944458380583,0.461760516568469,-0.0814489639776925,-0.0178549796882185,0.0817924649104227,0.520023206590861,22.2357723884222,33.3873340917511,31.1331997881224,52.1816469112985,66.1374258045078,79.602329647638,90.2241115064695,76.3102184163429
"38","AHR1","Kahlotus",2021,68.3110525324797,0.407504606834198,0.381954585361491,2.43413833101455,0.193538864169295,0.0852214452337347,58.8543594196164,0.416221506267379,-0.0732047609322598,-0.00952865549151732,0.0769569934273751,0.481967059420193,21.9537915542315,33.0279314789172,31.0689804814188,50.4548845473611,63.03780357977,74.9833807438724,84.9854221011759,73.1173894264183
"39","AHR1","Kahlotus",2021,58.4779706275033,0.394985704797799,0.370563997695277,2.35508273076518,0.194746739620348,0.0865007639306387,59.2549567694329,0.345423811354542,-0.0643133948355185,-0.0029250909946362,0.0620078237873122,0.485682294477876,21.1671818575888,30.456189662196,28.7434240920313,45.1441076438209,56.4069945486617,67.2641808993938,75.9412513143751,66.5164671724443
"4","AHR1","Kahlotus",2021,74.8847464421728,0.427233251912366,0.39955380271549,2.55777741486729,0.19710687870874,0.0873392745080205,63.9525898830297,0.47841266982365,-0.0622287624441371,0.00485218709984749,0.0893094944596425,0.49317806501683,24.1174983051123,36.263236885952,33.8918803157106,57.4326562706784,72.019582831648,86.0754174992653,98.2183227914082,86.3227115115556
"40","AHR1","Kahlotus",2021,72.8476821192053,0.436352898970843,0.40712014853011,2.63051648038003,0.205480395571133,0.0910312158188535,62.8331466546665,0.47531868847583,-0.0618589345719239,0.00599341915808109,0.0852086317681184,0.519638567378751,22.7931436489259,34.357980855168,31.9527387236336,54.601838689146,69.1838917387402,83.3514693558668,95.1443368387825,83.6337395338585
"41","AHR1","Kahlotus",2021,41.304347826087,0.428874689493806,0.397705631046156,2.57582654910831,0.198888929166155,0.0882795586852382,64.493337549984,0.264902869282893,-0.058518182880225,-0.000550024332597393,0.0482837523490329,0.498553116454003,13.863142792097,20.3241595005551,18.8316444373289,31.861553736202,40.0319996654677,47.9168923026612,53.7884593265121,47.6257730738688
"42","AHR1","Kahlotus",2021,59.3971971587637,0.436923344757269,0.406670665620948,2.64718601970971,0.207960631362566,0.092389785932063,60.8204514250091,0.388042279678985,-0.0483681004888641,0.0168381677414853,0.0682118701309281,0.527569809889017,18.6265828609524,27.5699184034234,25.5823778373773,43.4557943411607,55.2025142012212,66.6735418300325,75.887875993732,68.5118956555492
"43","AHR1","Kahlotus",2021,66.3856304985337,0.399790943211244,0.372142413544921,2.37701205059711,0.185988348044782,0.0820697335267172,61.5429315697124,0.396873964734536,-0.0412956351938989,0.0185695788905714,0.0751432907957828,0.458723265699159,23.0698928374204,33.8219879500293,31.6805592797292,51.1211409797766,63.2766747034992,74.7658486013996,84.2063474791234,77.2693111371555
"44","AHR1","Kahlotus",2021,51.5122693551455,0.450179747665093,0.416235599790143,2.73352658255828,0.198376392375551,0.0877257001851499,67.621361524779,0.346764976091505,-0.0634982463737988,-0.00160924509917103,0.0650857383403752,0.49749283383417,16.1334977110585,24.1606818117892,22.1930924863798,39.8145332229809,50.0450330716722,59.8920645673477,67.6081267230053,59.2372413425546
"45","AHR1","Kahlotus",2021,77.8450126878782,0.411874196407295,0.386703033142206,2.45763321324338,0.197658264928682,0.087249343332483,59.3052728985159,0.479411268315716,-0.0599335903848875,0.00694734499362108,0.0874702407710045,0.494953341694276,25.6209489879463,37.6077341647577,35.4035546379623,57.6579400692934,72.3992610472805,86.5250526539949,98.6370454434671,87.1049782798684
"46","AHR1","Kahlotus",2021,70.7635009310987,0.424646655154559,0.397319790185134,2.554610604077,0.200151072982891,0.0881733321712259,59.6178036209874,0.449287215836146,-0.0631180532529512,0.00573977838968872,0.0819060411528447,0.502645306193728,21.7999568144525,32.9227308099104,30.7993287952291,51.5302865369223,64.9108582731319,77.6944580109156,89.0045758663583,78.1121541956439
"47","AHR1","Kahlotus",2021,70.0343503738129,0.429328150102179,0.398274079043493,2.57430679244952,0.194191236799992,0.0862369911028569,67.486003452524,0.449662518617539,-0.0723510546338372,-0.00782938917200344,0.0845278844615111,0.48436774105145,23.7109100736161,35.2114356925892,32.6464868611404,55.8535040516501,69.7791670898923,83.2056068403702,94.4817357639496,81.3916127030531
"48","AHR1","Kahlotus",2021,74.8478701825558,0.420038535794815,0.392360448898052,2.51153041913788,0.206714283817989,0.0919002112196595,60.3438683106073,0.470129207504933,-0.0851855800671225,-0.0185354123540584,0.0815305205377167,0.523345390376285,25.3985802725911,36.7162304982338,34.3198870075169,56.0407484974417,71.0617256229972,85.7357637144183,97.677353622765,81.9893199482212
"49","AHR1","Kahlotus",2021,75.527249947797,0.443523658679648,0.413113284043837,2.67579054466958,0.217571025097067,0.095697491751105,56.318234508713,0.500761809842735,-0.0892096115593811,-0.0168250559834296,0.0844542652621055,0.558509375468368,21.3735334359171,32.5531261047274,30.188798582616,51.0584697468128,65.674008870371,79.8072117450785,92.0260048161908,76.6364155809025
"5","AHR1","Kahlotus",2021,70.6373292867982,0.431351928407983,0.405021376094747,2.59643383802725,0.203793159035262,0.0900666733155904,59.8002648466164,0.455562829702484,-0.0610765922871759,0.00754642868954856,0.0827607940433454,0.514395437614124,21.264639528842,32.365382880451,30.3456504739709,51.2277531642513,64.7508028771214,77.7964266483575,89.0657596090767,78.448729947715
"50","AHR1","Kahlotus",2021,77.6742301458671,0.40685158835836,0.377219615403908,2.4238873035535,0.207276866395337,0.0917118110480821,54.7606103802534,0.472490963900904,-0.0815367726658141,-0.0123439139646675,0.078352072628969,0.525227576692145,26.3420224288304,37.4509530872098,34.8981441820534,54.7986238676594,69.5635397879677,83.8152281377703,96.1969400050833,81.3985500399166
"51","AHR1","Kahlotus",2021,77.6803507373456,0.431074268418162,0.404881385897929,2.58892356648094,0.208056065812423,0.0914473370283838,58.4453636153464,0.500651277500633,-0.0749070350539312,-0.00346608035093205,0.0887139285308537,0.527737754323324,23.3807263275984,35.1822596173073,32.9773779273177,55.2633201710028,70.339468091709,84.8158613536831,97.5512610341576,83.5597672883884
"52","AHR1","Kahlotus",2021,83.7341772151899,0.448364737755735,0.415562895794187,2.70872954610683,0.201320911950574,0.0885276924773936,65.1975020062608,0.56135113890065,-0.0672333380417285,0.00158637297388592,0.103881412001892,0.506664492062539,25.0580360691128,38.0440534579788,35.0370271275523,62.4643759062125,78.9307412577903,94.6873619372567,108.156442091831,93.9572335283276
"53","AHR1","Kahlotus",2021,59.9050799789067,0.402451826065468,0.374086647296639,2.39456129336993,0.187820836023913,0.0829259051826711,60.9858146120015,0.360502679424461,-0.0496890534092941,0.0107052612656283,0.0676011998957269,0.464167336776613,20.3333141073413,30.0581169031329,28.0997267553734,45.5212091313991,56.4634277409087,66.8383435622919,75.3467961212671,67.9883599900772
"54","AHR1","Kahlotus",2021,64.8949070331447,0.416664020713872,0.389692107634053,2.48036687192173,0.196813959342681,0.0874931343083765,60.7700703827417,0.404311280239025,-0.0443568903838497,0.020787685303655,0.0744781507971664,0.492196771661741,21.6251597226975,31.6082863962333,29.6369094446953,48.6010406831686,60.8358880024744,72.6475197561991,82.7177104561679,75.4832994471597
"55","AHR1","Kahlotus",2021,66.7096299024121,0.431102335513672,0.40015524063126,2.58582557522281,0.19336007729643,0.0855933928583843,66.6173944905902,0.430056997325652,-0.0426368097580025,0.0214437945012907,0.0815225070168981,0.481733501797517,22.0133947176875,32.6409600753391,30.2592421719391,52.2023857408424,65.1965593371585,77.6669487094953,88.0300335591815,80.4904138002433
"56","AHR1","Kahlotus",2021,81.7247706422018,0.447578422328311,0.414897319767757,2.70401424585887,0.19980355314989,0.088306054978491,66.9029364591386,0.546963822236147,-0.0569098538587365,0.0103267142786881,0.102056361947053,0.501805160232187,25.2644752698902,38.2905331687721,35.2944897620805,62.7801575464284,79.0784902546747,94.7644753276288,108.025105491525,95.9031256882788
"57","AHR1","Kahlotus",2021,73.7761566519486,0.435148520932355,0.404174898995064,2.62812973022876,0.206049028212992,0.0910746806721462,60.9283244952728,0.480007074590182,-0.0682834021686188,0.000688699929738034,0.0848190754813025,0.521886450791102,22.7718121483484,34.0756246842216,31.5692294511192,53.6960235552684,68.1345933013374,82.1196796076002,93.9841517592184,81.5173510698178
"58","AHR1","Kahlotus",2021,63.4559130798161,0.448182169868868,0.411656023141398,2.71928804750817,0.201790946536227,0.0894850313669851,67.8447044499514,0.425291636581955,-0.0677635716416479,-0.00442483071487616,0.0771970393504659,0.508154533603481,20.674764504444,30.445786648331,27.7893993478119,49.3195441981283,62.2376580808871,74.7701351951957,84.6654803254294,73.5453712010192
"59","AHR1","Kahlotus",2021,67.7406363270238,0.429239052627796,0.400411593309253,2.58302330727727,0.21016496202279,0.0930884456810239,56.074556665955,0.434693012552808,-0.0846801493669946,-0.0183381371783384,0.0747975262246891,0.534245187466759,20.0748978865929,30.2678131911631,28.2042853489176,46.7128970236081,59.4711866775861,71.8778397866516,81.9832702105174,68.891135396248
"6","AHR1","Kahlotus",2021,57.7684133382191,0.431027902465987,0.404328086695818,2.58946812950554,0.206462827620967,0.0918645358397813,63.3226564381911,0.372363762463148,-0.0494319312604571,0.0170516696235845,0.0664689404725775,0.522801240448602,19.1620098717647,28.2268137192417,26.4302624418856,44.3891074113181,56.2583081514545,67.8642841915439,77.3421185478696,69.7091436548054
"60","AHR1","Kahlotus",2021,77.2323232323232,0.404586532306166,0.379454142849325,2.41160118974545,0.194713754868704,0.0868024981654748,59.4900179463036,0.46724780621004,-0.0685650826892566,-0.000263546403764173,0.0854900554624573,0.48557172594777,25.9568257499484,38.3871057662021,36.1473879802228,58.1200478137306,72.6077737952844,86.6757610767492,99.1473967699609,86.0876927732088
"61","AHR1","Kahlotus",2021,75.8177140757075,0.449024260279488,0.40971587063375,2.72197747734207,0.20190643212465,0.0896529317092588,68.7038046102848,0.509094551249771,-0.0782012413519309,-0.0118035893940575,0.0914804840320236,0.50906789091235,24.9333062936109,36.5996496136138,33.1983102356715,59.1153671668351,74.6176620727787,89.7253639996261,102.051816691755,86.7163781576822
"62","AHR1","Kahlotus",2021,71.2959054453356,0.38187117500025,0.355480073203397,2.28394638035462,0.185747190289404,0.0824220515654891,55.3456763070304,0.407079441050306,-0.0721770542179061,-0.012167894050821,0.0743259430060321,0.458137189477885,24.479899612741,35.9561842542248,33.8140936758683,52.2758564789429,64.6392077279251,76.4247856337939,86.1343412687692,74.302088441074
"63","AHR1","Kahlotus",2021,69.9059561128527,0.406390184238678,0.380084664816282,2.42826879236704,0.196613468176555,0.0874109068441228,59.9166463595997,0.424817632272237,-0.072343520995074,-0.00824654382487255,0.0765779858941046,0.491836970237962,23.9895681773403,34.900244419356,32.7649022565323,52.828529156746,66.1793308880469,79.1219994435375,89.7155522178242,77.2358906720461
"64","AHR1","Kahlotus",2021,74.9949135300102,0.438924606972387,0.409277226805483,2.63995487672228,0.202915914915855,0.0900357695968857,63.4036960219123,0.492195891149078,-0.0665301375347865,0.00196883284323235,0.0900195864617447,0.511566175496331,23.1999574591829,34.9738042162141,32.5061240252332,56.0565466698491,70.794334521585,85.1084475429775,97.3849328202084,84.8454921055674
"65","AHR1","Kahlotus",2021,73.7825216811208,0.432088456730431,0.404816073682624,2.59960139981781,0.207513633348958,0.0915216455935463,56.6096077533069,0.476591986209852,-0.0636624419768382,0.00504971949280989,0.0844654304375962,0.525619323746551,21.1238663272022,32.3269560430459,30.2282370378306,50.7933499688837,64.5183222890184,77.7400595431859,88.995393270408,78.0280302907745
"66","AHR1","Kahlotus",2021,81.1923906648362,0.440563977609575,0.408144438515504,2.65255371752935,0.197379691709956,0.0876679838218159,68.4910533096202,0.534929813924716,-0.0455592294168602,0.0229482054574869,0.10018338075223,0.49455501958799,26.7619904625805,39.6104984469908,36.5491290701379,64.2039927527959,80.5938564057167,96.5005830450248,110.135700893747,100.012898614171
"67","AHR1","Kahlotus",2021,78.0590717299578,0.411515112551634,0.389604197980687,2.45481074612457,0.189273778927774,0.0842352671131789,63.4195126585221,0.480370418239765,-0.0406360790991689,0.0252506074005655,0.0935342906142952,0.469063622367751,25.6920355464775,38.9613373347858,36.9602177932021,61.1524920928207,75.9294015926915,90.1880953468084,102.617159233103,94.2327341155663
"68","AHR1","Kahlotus",2021,65.7069503025857,0.425229789097956,0.398747107263536,2.56153023022367,0.205662112662933,0.0913614230824705,56.2960248120136,0.417711417151459,-0.0611188281402851,0.00575096181960159,0.0739446191127014,0.519941258781118,19.3596606350228,29.5186130279078,27.6695926281742,45.8098928792287,57.990676815815,69.8483941547883,79.7307910293595,70.2455790780211
"69","AHR1","Kahlotus",2021,68.208516886931,0.446577897011217,0.4161769573188,2.71115048706588,0.210653729524142,0.0937182643382215,61.4905280065071,0.455434952508635,-0.071734954976044,-0.00365364114607504,0.0803245253960933,0.53655692253119,20.4374707629788,30.7481237548795,28.4978235836203,49.4454593936932,63.0085747775011,76.3446567990333,87.2142274619829,75.1159433090573
"7","AHR1","Kahlotus",2021,75.5936161930712,0.447371236289363,0.415860024539433,2.70725424941683,0.203923077989259,0.0904735896670653,65.9845439680345,0.505702719598156,-0.0506995804247128,0.0174964183870074,0.0925304897237735,0.514784928587243,23.7599977021099,35.4147392752567,32.7253927257639,57.7814872524763,73.1002367865567,87.987719486373,100.508884042525,90.2884842940506
"70","AHR1","Kahlotus",2021,70.5825053574907,0.431907472803586,0.406364396442909,2.59402154906398,0.215675962003697,0.0949554939783291,54.0904017448587,0.455712743930268,-0.07908666857228,-0.00367504271365106,0.0774614453458277,0.552069378405324,20.2450323608141,30.4663691589751,28.6090080976595,47.2370644083849,60.6155620396576,73.5481057029653,85.3156479806246,72.4912291545549
"71","AHR1","Kahlotus",2021,57.9454253611557,0.421955508741297,0.391524585468108,2.54147346237386,0.201379545775031,0.0899889267302666,59.2913622592828,0.365576980943751,-0.0821617052171135,-0.0207848046378967,0.0647585559956806,0.506322414505824,18.3583309851157,27.3333998035057,25.3787998659913,42.1166722035963,53.0075388986317,63.6854630138581,71.9177025895288,60.703496391126
"72","AHR1","Kahlotus",2021,75.1971954425942,0.42304205751413,0.391191597354337,2.5287921782524,0.201084547432862,0.0889236158755178,60.1129395438189,0.475626761216227,-0.0750800554736795,-0.00393980288448338,0.0843980852877712,0.505829664887776,23.7176037292532,35.4120954967731,32.7841728039107,54.5885842858746,68.7902562858939,82.4877304691824,94.7671515688542,81.1792082750446
"73","AHR1","Kahlotus",2021,57.9683131407269,0.41690339346875,0.387984141511723,2.50699237208735,0.206294284182603,0.0911052234867297,54.1359058555627,0.361282223855527,-0.0866234339352615,-0.0205991116995983,0.0617947740468196,0.52188937631,17.2784726868055,26.2283098353187,24.4608419246523,39.5758148397264,50.17204541719,60.3831786511459,68.8713137143347,57.6303867663226
"74","AHR1","Kahlotus",2021,67.9884939387713,0.400844348603932,0.374563956562614,2.39165220355114,0.196462020128805,0.0877870368268138,58.4894752937177,0.407519306210592,-0.0815963570378119,-0.0179808517158803,0.0726469998578391,0.491189849488551,23.3948255912255,34.0809746349518,32.0073281942693,50.8775021603822,63.6650090896658,76.1568657280772,86.303608810857,72.9195020839175
"75","AHR1","Kahlotus",2021,63.0622009569378,0.403132205523791,0.377371390266628,2.41000006915765,0.200540326073084,0.0895348157820422,56.6842015366425,0.380129358286195,-0.0775777329060765,-0.0120419183990698,0.0664630507151908,0.504106791221045,21.3878594855742,30.9610570828688,29.1163076914883,46.091677351122,57.9609413688311,69.5772016785823,79.2058852311575,67.4964102490868
"76","AHR1","Kahlotus",2021,58.0982442296311,0.437753955130981,0.407475126999674,2.63655731137634,0.210692692602904,0.0935331571913807,61.0734487393132,0.380284393708902,-0.0752135840085505,-0.00978591486647882,0.0660545654212841,0.536011198712315,18.3659602283097,27.1721603593487,25.2139662698738,42.6126492284617,54.2875273993185,65.685933322679,74.8101754786854,64.0299345753722
"77","AHR1","Kahlotus",2021,76.4346497927122,0.412400874121683,0.386129259509086,2.46246845562445,0.201988701566972,0.0901896944759214,60.3830807305963,0.471373324447769,-0.062644927723898,0.00569176333893834,0.0833883790441054,0.508892838794632,26.4626636908535,38.0814234937978,35.7419695312508,57.8503832071385,72.8814304715848,87.6461465744147,100.152356353225,87.932618312127
"78","AHR1","Kahlotus",2021,77.5035765379113,0.435235903055657,0.408363765710984,2.6223813885815,0.2048812637627,0.0907659729134024,59.789501645383,0.504330666073214,-0.0510186983282338,0.0228706470925864,0.0914954048959547,0.517807277614908,23.0608505824323,34.9295625250512,32.6898093814744,55.671585189225,70.4660413933129,84.824755043634,98.0475884948785,88.1082616366746
"79","AHR1","Kahlotus",2021,74.1253051261188,0.431266892256533,0.402570061722023,2.58812473681831,0.19771414544068,0.0878234123461256,64.4717926144084,0.478029906994037,-0.0556998576778254,0.00740471679529191,0.0891487179126294,0.494918821064677,23.7118730248733,35.5983062298717,33.1687060928162,56.78573450655,71.2425473148485,85.238004056975,96.4573851656092,85.8706747948932
"8","AHR1","Kahlotus",2021,77.4021012416428,0.455539274657952,0.419582704945486,2.77232055776962,0.203646803664999,0.0905277392804275,68.8455562719876,0.527278742211007,-0.0526356209503813,0.0159334218425942,0.0962204685065092,0.514424544863088,24.714246736063,36.6546561526646,33.4903938707259,60.4214430869567,76.426419097723,92.06288680136,105.229050406068,94.1186945752121
"80","AHR1","Kahlotus",2021,62.3624213836478,0.396202935394502,0.374303656833869,2.36264448873782,0.196212640300008,0.0869605595219776,52.1055339104546,0.369364703522549,-0.0625713701784764,0.0043332689520214,0.0666773553979393,0.489604811314639,18.8262219960932,28.6799241069418,27.227586642234,42.7214483799194,53.4574035852,63.7659681251083,72.8439243952556,64.0396855623779
"81","AHR1","Kahlotus",2021,72.0873786407767,0.410719615960528,0.386394315354563,2.4388384909159,0.196670602602345,0.0876673952296473,59.5867578426016,0.442717438904744,-0.068157468944968,-0.000974529410082131,0.0816672114712831,0.49156255878902,23.9855819491431,35.2963512598089,33.3116622028197,53.8783066896694,67.3988653143961,80.4997613191696,92.0397927257265,80.073161488318
"82","AHR1","Kahlotus",2021,54.3501158626501,0.401996355231042,0.371289110171018,2.3946563697026,0.188826227323056,0.0840818293915138,60.4756900007115,0.32669647218019,-0.0776036786967279,-0.0168745933265692,0.0601100413288036,0.467176560256179,18.4915033048572,27.27012673335,25.3523492886594,40.9565903203054,50.7830577064226,60.2404168104497,67.9621790320631,57.9640588322564
"83","AHR1","Kahlotus",2021,65.118501529052,0.403030889677225,0.378536281114085,2.41076337775665,0.198476472267832,0.0880242313982387,55.0162526253186,0.39238159436088,-0.0846831937967065,-0.0205017527000155,0.0699527260406732,0.497405876731727,20.5263415274405,30.8342777142112,29.0853864451919,46.2118664109292,57.9988714584355,69.373509116331,78.7745509265745,66.211723837564
"84","AHR1","Kahlotus",2021,61.7763845350052,0.409888964149196,0.381842389154964,2.44950806419615,0.202675699703186,0.0899577317421309,53.9589147582957,0.378539479240194,-0.0877941600933708,-0.0239653944802206,0.0656544962743642,0.509938332707097,18.6501621691659,28.3381896645518,26.4996690086847,42.3952972462195,53.4503854076892,64.1549367401808,72.8464045518263,60.8615965839076
"85","AHR1","Kahlotus",2021,67.2090628218332,0.43536863615216,0.401181546998082,2.62259614939329,0.205361644062334,0.0911763335928403,61.7351135283745,0.437502972256147,-0.0893746706659076,-0.0237161386443365,0.0766752057203869,0.519046503079982,20.9827229098909,31.3713978887963,28.8321655061604,49.1395807407757,62.2145391136273,74.9532902290521,85.2522603954509,70.9059856514648
"86","AHR1","Kahlotus",2021,67.1113689095128,0.405554753568144,0.378062197325218,2.42190584096351,0.200243004267843,0.0887671187183917,55.590518852938,0.406926136148366,-0.0853140833803914,-0.019522546036512,0.0711616685296864,0.502865946428779,21.5440469285392,31.9911680961191,29.9597678321998,47.6724517008757,59.962973891161,71.8160599412666,81.8378816699088,68.7044179442197
"87","AHR1","Kahlotus",2021,76.4120848189154,0.409946456345302,0.382182369456919,2.45344536287451,0.191549391206068,0.0854672438430428,62.7752197138514,0.46843409707536,-0.0725109605611589,-0.00611822250615396,0.0872508397343657,0.47642833028632,26.0869276346141,38.4646448757898,35.9839482968029,59.1558725867025,73.6315540673375,87.7018769145856,99.8513724488732,85.9265696407685
"88","AHR1","Kahlotus",2021,72.8855211959861,0.412634098390294,0.387607621916625,2.4623252767621,0.194720401609607,0.0862521461205508,58.8006107520687,0.449664643310354,-0.071562347835068,-0.00413250630067406,0.0837842413000976,0.485538405516939,22.782966278443,34.4243569490767,32.4143738237625,53.1986829549655,66.481012634179,79.2407131754736,90.4895422965367,78.099621441123
"89","AHR1","Kahlotus",2021,59.1929096737696,0.436924802974147,0.401291813173878,2.63046294515437,0.195019321427232,0.0873730883681697,68.7722925501776,0.386773655093858,-0.060388549400095,0.00166961352126538,0.0718945648526652,0.487030055842326,20.1650150153929,29.4971767084858,27.0277625575658,47.1167506077621,58.8544037425693,70.372641401881,79.5072239666754,70.11293141212
"9","AHR1","Kahlotus",2021,83.3070244672455,0.435898361016485,0.404365442453044,2.62413004487015,0.199243158268012,0.0886783477796307,66.8056920479184,0.543042448796904,-0.0625997428891371,0.00856702212027033,0.100011761898576,0.500339054382958,27.6792664243546,40.6872065450369,37.6304534342882,65.1723787586602,81.9506633198786,98.3093316692959,112.816908074484,98.9096428567608
"90","AHR1","Kahlotus",2021,65.9408151870463,0.416246994272283,0.392514875646574,2.48336606480299,0.19928876632507,0.0890367502040291,59.9785304469229,0.4104244217736,-0.051295710405834,0.0148259792952713,0.0753523494743217,0.49943193212297,21.1234915963048,31.8625371143056,30.0817884018282,49.288195020747,61.8422323830039,74.1143559266188,84.4864366979153,75.9464577499278
"91","AHR1","Kahlotus",2021,71.5428805908904,0.403319023709163,0.382268918424595,2.40119126833106,0.203372021327091,0.0902951586893267,51.2157978867762,0.431335361821381,-0.0575388167040826,0.0157275824425038,0.075976595775175,0.511985413811454,21.1343001554567,32.1634199597671,30.5851315335576,48.0699167137594,60.6414156494969,72.824095762647,84.2389659502863,74.8325477582364
"92","AHR1","Kahlotus",2021,64.4418649642097,0.43003493369523,0.399891964049296,2.58327652199588,0.190058135798089,0.0852673901453032,66.9401992743769,0.414412504954694,-0.0677397909404635,-0.00541838791480656,0.0800945777154816,0.471461880530337,20.7843223718901,31.6283840369469,29.3834969974547,50.7830803949267,63.026145795612,74.9942313750761,84.8437528866161,73.7698230970665
"93","AHR1","Kahlotus",2021,67.1222329162656,0.423124822616284,0.397448106298345,2.53996728607187,0.201902937563851,0.0898560118815673,59.2371534486992,0.424650331839503,-0.077243472063873,-0.00963403179474913,0.0769923103158506,0.507960842318508,20.8107855655362,31.4183028607741,29.5098826990898,48.9762329029063,61.704743499107,74.0962320915383,84.7413837136282,72.2440666125749
"94","AHR1","Kahlotus",2021,54.5689312673818,0.393569276286255,0.362538650664539,2.34582491508889,0.186155716582117,0.0830968182799045,60.8165515207938,0.321160760053201,-0.0825881965884471,-0.0233108401233568,0.0588557117057384,0.459247505355837,19.6783340156766,28.5405858014092,26.537214846067,42.120489372572,52.0508647414648,61.6044511892633,69.3763403932053,58.6109547451099
"95","AHR1","Kahlotus",2021,70.0726895119418,0.396317749484415,0.375848176735735,2.35880667067988,0.187047395556184,0.0833523178290031,61.5142002005789,0.415313507542833,-0.0805499731466281,-0.0185014790025324,0.0801497066917935,0.461886526276714,24.0113911762305,36.2403618177031,34.5173429999971,55.2222988576126,68.3436186429493,80.9774376508761,91.5467573682949,77.6210539092765
"96","AHR1","Kahlotus",2021,69.1322073383809,0.381746650812128,0.355411932205418,2.27282114061992,0.197030319961823,0.0872722837993575,52.4314310649239,0.394592699068019,-0.0873641794404995,-0.0184013830186705,0.0667342710298716,0.492508884116748,24.3269902680261,34.8484884393358,32.7772081435397,49.4669382995197,61.9806977502647,73.9752251184479,84.8765884626636,71.0335377498116
"97","AHR1","Kahlotus",2021,72.3621673003802,0.431010033491709,0.398052058275977,2.60059078390347,0.203021771564304,0.0897159826242616,62.5223196025695,0.466360902751795,-0.0849433639134058,-0.0159982794343456,0.0825023412486047,0.512421252788028,23.1683580244534,34.4907584155059,31.8136379081822,53.9596980348913,68.228728502438,82.0047639731594,93.8742657547504,78.7353057823196
"98","AHR1","Kahlotus",2021,63.2600258732212,0.406398738480334,0.381667622605945,2.43217680098733,0.204896108200168,0.0902200908761939,52.9375768481694,0.38434286476482,-0.0926342827856598,-0.022407424510145,0.0661493750333247,0.517440809414424,19.4342540740504,29.2390698126466,27.5627761842734,43.526534692329,55.1162640303342,66.2053293531885,76.1271274755564,62.9788019016738
"99","AHR1","Kahlotus",2021,57.6794657762938,0.429395286297839,0.398316169910141,2.58857291715061,0.199910282169548,0.0891883105723909,63.1931248196231,0.370355253447041,-0.0933818251349183,-0.0292023100500812,0.067178561870751,0.502317509722438,18.6653583807239,28.0160729864439,25.9780529831146,43.8444620662769,55.0882376575423,66.0558735964946,75.1093764399057,62.0240583699962
