"Plot_ID","Trial","Loc","Year","%Can.Cover_165","NDVI_165","GNDVI_165","SR_165","NDRE1_165","NDRE2_165","TCARI_165","SAVI_165","NWI1_165","NWI2_165","MTVI_165","ChlRE_165","BLU_165","GRN_165","RED_165","RE1_165","RE2_165","NIR_165","900_165","975_165"
"1","AHR2","Kincaid",2021,90.2824317855433,0.342300738785342,0.299482845941544,2.05169504847304,0.193088857160255,0.0782497855837923,41.4624654364097,0.461891951322364,-0.0363404198709259,0.098547334382914,0.0616533744596802,0.479531049101871,30.7794606193664,45.374257378523,41.2843512550699,57.0858328952798,72.1472393708656,84.4491929281298,110.661154059502,102.764212874733
"10","AHR2","Kincaid",2021,88.7823585810163,0.350614338256518,0.306992605787426,2.09531179093443,0.20566331917883,0.0805730038947403,37.5886937070978,0.465134889992017,-0.0426362734187972,0.0974972371801498,0.0565359590616847,0.519375466075521,28.0618433782756,41.096353880779,37.2746920378564,51.3047896347831,66.2889147330951,78.0229731985916,103.250657280436,94.5779251739854
"100","AHR2","Kincaid",2021,50.4112808460635,0.239208852108232,0.222028220943409,1.63242119593683,0.175393274260229,0.0624565648080366,15.0725168932421,0.180069347757325,0.0099800248933749,0.151644987094458,0.0163089811438762,0.426290886273872,14.7648400076056,22.0727840205203,21.2972556045086,24.3658610616554,30.6325285480277,34.7186523055975,46.1691496758311,47.0875176901581
"101","AHR2","Kincaid",2021,60.6715993170176,0.242586581911052,0.219586872421758,1.64375595708857,0.175467222366456,0.0638877474584497,17.6893348263159,0.219870025390469,0.00469457123429698,0.140251107647403,0.0186323170170561,0.426554150459602,20.8871406992611,29.467705955983,28.0831202024641,32.3336552748094,40.5444961296263,46.0944909728252,60.5257657896011,61.074970258818
"102","AHR2","Kincaid",2021,87.2801875732708,0.331253365505449,0.30005074618629,2.00647390555266,0.201436019105736,0.0744791438907953,30.8008657599277,0.43187537343442,-0.00638715100009217,0.136368212395429,0.0545670565382239,0.506008618227296,26.1953238456142,37.423942341335,34.9324343412618,46.3388301717553,60.0443238337631,69.7546506837645,92.9771965011704,91.6363148131416
"103","AHR2","Kincaid",2021,80.650235972732,0.260829451736002,0.24091478573917,1.70963387213802,0.165793453919582,0.0584905293531403,24.5572653338496,0.314276275602115,0.0164223395127447,0.144735835070862,0.0417609510590987,0.398170196858545,26.0141491161945,38.6775347802986,37.0792685234104,45.3354824658443,56.3370021832688,63.3706386700307,82.0223962510954,84.7236890242085
"104","AHR2","Kincaid",2021,73.0848861283644,0.271454000278963,0.244419500818174,1.75207822880613,0.175696801553948,0.0636241390882608,25.0251199174666,0.296398354363567,0.00276713740542183,0.133928256799069,0.0341274474290423,0.427332907437355,24.6270254042003,35.2951588138836,33.3380738245382,40.824635289263,51.2340965864007,58.2301878850838,75.7475496926538,76.0889067879817
"105","AHR2","Kincaid",2021,53.7833424060969,0.262930066919452,0.234118755429116,1.72062878796853,0.174479298210484,0.0637138408556606,23.0724010957364,0.21125327050048,0.00406365799059832,0.135496670656654,0.0219090860783906,0.423655401182161,18.0177635186048,25.7421245467496,24.225050746044,29.2376871578127,36.5994620784066,41.6023983439884,54.1483871399004,54.5374260534083
"106","AHR2","Kincaid",2021,25.5090497737557,0.228192522961872,0.206658527796066,1.59369999685959,0.174184035280368,0.0642545584383648,14.5841384250564,0.0869583586416569,0.0124807688439371,0.141915759746066,0.00581422598164028,0.422316527849349,8.86087342505888,12.5895174437717,12.037484822479,13.483169707127,16.8536597221486,19.1740837190866,24.8695532586303,25.4861150251657
"107","AHR2","Kincaid",2021,88.2892606583918,0.29328028525673,0.261186242488512,1.84055696504923,0.169671766816413,0.0625195682843055,32.3354133375033,0.386875864288575,0.0088577872324704,0.136719130966191,0.0543753421054464,0.409713411522359,28.7088373826033,42.3814156863597,39.563199183553,51.5315162433164,64.035645936746,72.636501178805,93.8747719641789,95.4287884716495
"108","AHR2","Kincaid",2021,53.0978260869565,0.241662581312568,0.215252574182186,1.6404911689005,0.167528544507292,0.0615850205437673,19.7665496556889,0.191693309938962,0.0138637056061422,0.141992430780784,0.017803305891499,0.403143475322071,18.1950744087713,26.1318405951841,24.7320364811079,28.8864589650721,35.8042096089539,40.5210034867464,52.4168295695741,53.8670962564804
"11","AHR2","Kincaid",2021,94.3587014369345,0.352341652460302,0.311952396711644,2.09951467163708,0.207688895101283,0.0820645036632867,37.2808387763512,0.496791220895321,-0.0398730115318938,0.104706673808371,0.0617654953287776,0.525669527456666,29.9284306362465,43.5788471284943,39.814480647996,54.6453435278423,70.6603455562265,83.3737772614077,111.404951308941,102.674880040863
"12","AHR2","Kincaid",2021,87.2605363984674,0.357530519626597,0.318898410091043,2.1273953978951,0.207334384151909,0.0810528320674359,35.4094656565496,0.466041181658508,-0.0413586192184959,0.105760214181488,0.060775104362831,0.524546590131449,24.1133633207721,36.8882550574406,33.8277321810865,47.0172261319997,60.8522234250933,71.6393812288079,96.2327985583106,88.4479365077759
"13","AHR2","Kincaid",2021,86.5727699530516,0.336743797101301,0.299164038309123,2.02567246341636,0.190372878531244,0.074606287629399,37.9479888157664,0.435619041760769,-0.0269638991645838,0.107507593779694,0.0606371526911673,0.47145301972795,26.9252333804832,40.6021197549615,37.3716874325172,51.3348467419546,64.9988413359012,75.5538764155737,98.924757891353,93.5694929290644
"14","AHR2","Kincaid",2021,88.2837528604119,0.352619451891571,0.314178900483186,2.11309558614757,0.202739033379414,0.0806046542968519,39.9918936614886,0.465251230335242,-0.0383119721077297,0.0990762588772404,0.0615136370843844,0.510571278776626,29.3534644806114,42.3156685239244,38.834477977739,53.9914451768471,69.331534651744,81.630103221225,107.456239275628,99.230550507198
"15","AHR2","Kincaid",2021,87.1625063678044,0.302523126263676,0.270500040870086,1.87400505035254,0.203655356544033,0.0781437509277358,24.7088794888943,0.393896447995601,-0.031531734902624,0.115535530250153,0.0378949119190725,0.512627216914581,27.3386075218403,39.3216877494126,36.688914582893,45.4209563654446,58.6873839889772,68.6675995454842,92.194691238528,86.4632075467739
"16","AHR2","Kincaid",2021,88.8312912346843,0.357186628341268,0.319372703150441,2.12109312983575,0.214626881673872,0.0831663942039355,34.8283408220794,0.474038593552448,-0.035504487184773,0.111162795607254,0.0578361492403451,0.547861069479894,26.3159489498303,38.7334455578317,35.5798294105021,48.6617217562493,63.7232438968018,75.3458375658932,101.100149009106,94.0116478015605
"17","AHR2","Kincaid",2021,84.3821773082223,0.353801540358,0.319586167268586,2.10888763245986,0.220421970991991,0.0834245847914802,29.7780200303694,0.445862677905001,-0.0385387714962256,0.115752566905169,0.0516071078669219,0.567164746633625,21.9791270173657,33.6356049813034,31.1605123183239,41.7745868513764,55.316230946697,65.4487317180863,89.1285788366102,82.3783349367728
"18","AHR2","Kincaid",2021,81.2894499549143,0.349859306362765,0.316316668317847,2.09311509348355,0.226633809472126,0.0861865315226355,29.3469167592502,0.424837781235799,-0.049067861880206,0.104228968301349,0.0446464351148055,0.588043511036664,24.079628790403,34.5225163194186,32.047892398491,42.0362820107519,56.0759610798092,66.7164501653465,90.642362332104,81.9830382809213
"19","AHR2","Kincaid",2021,83.2375478927203,0.363745685846564,0.328707468915513,2.16412511844426,0.211678234897918,0.0793167583560871,35.7820068312388,0.452307447376662,-0.0343987992644753,0.113226211873644,0.0599229588916028,0.538566304151537,23.0367211234075,35.0297674825947,32.3788384573958,45.270065300634,59.36612109709,69.6799513454927,93.6322982463413,87.1930099949871
"2","AHR2","Kincaid",2021,91.5178571428571,0.31029595284239,0.274163388681101,1.90938478202045,0.201658486997729,0.0804716902386447,28.3369434271818,0.424280182124944,-0.0439209553587256,0.102594082307334,0.0429962696261405,0.506259488350647,29.5998723395068,43.1689719106873,39.922479052926,50.4763393900056,64.6344794858591,76.0024505742424,101.841321311747,93.1387718548174
"20","AHR2","Kincaid",2021,84.9001461276181,0.344752615937141,0.312362950057718,2.06544609116673,0.215639472608582,0.0825023863559413,31.2148326385724,0.437265074826568,-0.0334058786073892,0.113841002470861,0.0511528996594238,0.551687091525944,25.4644013200137,36.7860583200994,34.2280693035267,45.3983163535854,59.6362613438937,70.421323694333,94.5921488419704,88.3322031440544
"21","AHR2","Kincaid",2021,88.0708294501398,0.374562977634742,0.334312445098313,2.21600247553116,0.204564472284797,0.0802808538713316,47.2122112166128,0.493116258537073,-0.0371955445301151,0.0949806544234656,0.0705769201448428,0.515614513396562,30.1612895526786,43.5189169431227,39.7063934480452,57.8642543498877,74.6214656022072,87.7444389837453,114.364682927212,105.906657284877
"22","AHR2","Kincaid",2021,82.1924603174603,0.288328469474233,0.261874159851991,1.81904295990126,0.188777978254704,0.0704768729805035,26.1778867979921,0.354088741170999,-0.0196752723576011,0.118597855937333,0.0397730802141782,0.466626466704219,27.0128887116354,39.5571099906426,37.3860481857935,46.2669349254431,58.850818395536,67.8345264780336,89.4679745590927,85.9167478629084
"23","AHR2","Kincaid",2021,92.9852320675106,0.357008566242312,0.322175659132722,2.12290855099753,0.20660440292651,0.0799363980340888,37.5283374137388,0.496015330549225,-0.0318273620764769,0.111702398951402,0.0670341150392137,0.52211595937172,28.1991944793519,41.473654573314,38.3513372636449,53.3580334334961,69.1335725972985,81.2204194173649,108.315956687038,101.442551891889
"24","AHR2","Kincaid",2021,87.1583290355854,0.330230018789286,0.291244946703751,2.00059751334548,0.191042798512529,0.0740749751682499,36.453247906117,0.430084076993405,-0.0284972819099598,0.106425915264861,0.0562558299449382,0.473736143912952,28.1596818052588,41.3105496675832,37.9071895536315,51.2825387995798,65.1162534080543,75.6152004234979,99.1211114187992,93.4456973080635
"25","AHR2","Kincaid",2021,78.1809830041341,0.295320164432598,0.26457226688669,1.84720172763217,0.191099986714832,0.0721739251626704,26.8928263188436,0.344946813167224,-0.0256795210763855,0.111516582109604,0.0378232300901327,0.473712794089346,25.5137645131781,36.7443382549424,34.3909488032332,43.0163692593365,54.834885055279,63.4389629572681,83.4829482069918,79.1823400269769
"26","AHR2","Kincaid",2021,92.6746987951807,0.341637770575014,0.307977399535751,2.0477824611068,0.203149566962139,0.0782159923235411,34.3247367615301,0.473036493091764,-0.0296036092421874,0.110292679375374,0.0614669549979865,0.511247485400529,28.230400077403,41.3341300153958,38.3590018916363,51.8727880685095,66.9626026443224,78.4061538735519,103.757583203024,97.651653077408
"27","AHR2","Kincaid",2021,85.5207846800561,0.322293509146595,0.29038151138336,1.96117090873831,0.194545129798766,0.0742335063415055,32.928510390564,0.411843333679422,-0.0293259224657926,0.107758428427156,0.0529217173953199,0.484470358435672,27.4501598310465,40.0444982169077,37.3399641879931,49.1880515413542,62.8608750886335,72.9873258438133,96.0662203561719,90.4900676470186
"28","AHR2","Kincaid",2021,92.7788844621514,0.378274731678157,0.335985863410623,2.23525057289988,0.195450592360971,0.0747204939261966,47.7456262664889,0.524516119969747,-0.035631361051501,0.0954428305274581,0.0811510757592974,0.487193145656963,28.8036122234659,43.1409611125008,39.161397906622,58.7148129468162,75.139478816074,87.3863886163513,113.587999729169,105.552138312238
"29","AHR2","Kincaid",2021,81.6914944738107,0.296390184048493,0.269657298441894,1.85134746803618,0.181545850303184,0.0656521312867937,29.4615372332297,0.361755991931929,-0.0116262583105751,0.123112890154189,0.047730112159897,0.444871676900886,25.586957050488,38.4625198621836,36.3109102906268,46.4068322731133,58.7371593180762,67.0409333627014,87.83952046832,85.733712422753
"3","AHR2","Kincaid",2021,83.8468720821662,0.280190474334255,0.246790687052703,1.78314079554365,0.199237229048733,0.0780078873607776,22.3542190913084,0.351036021846598,-0.0458918748709651,0.100336795378015,0.0265450203589221,0.498631412006602,29.681695359504,41.9533575514057,39.0759961179163,46.4109311296001,59.4311424286324,69.5162369930047,93.1519992228069,84.9317606364028
"30","AHR2","Kincaid",2021,86.9087434304826,0.349552827116578,0.313105448257682,2.0869869457296,0.214249654478748,0.0799864593407543,32.7127131670128,0.453836249688042,-0.0314634836772114,0.112875574507509,0.0535468045024685,0.546737868317695,26.1848365992956,37.4959106139185,34.5591601899551,46.5264152675632,61.2739552484465,72.0108209450268,96.1576583648265,90.1027944314693
"31","AHR2","Kincaid",2021,83.8189386056191,0.325503979687127,0.29172810044413,1.97910968696153,0.199287266687394,0.07355982429041,30.5792749236406,0.407564232752745,-0.0270955940662674,0.112990486901535,0.0495054665944608,0.499127806733618,25.236426903456,36.6574044451087,34.0335900978132,44.7894059460008,57.9287964765979,67.2142802661947,88.9803273770691,84.1254754733245
"32","AHR2","Kincaid",2021,84.56943753111,0.293696963901355,0.26180157065682,1.83823401953807,0.186855744647042,0.0681504962936745,28.0603928610003,0.371102740510758,-0.0239677488409767,0.11006996354135,0.0421177440780503,0.460768822601559,28.2144407150754,40.5602509021749,37.8745905680527,47.5887290877474,60.5989514946622,69.5245600836303,90.9059184176056,86.5631307601884
"33","AHR2","Kincaid",2021,82.2456813819578,0.327461435225364,0.294504275763601,1.98646684104489,0.196445350123516,0.0734758994304054,31.871424168668,0.402332304286616,-0.0316825094784217,0.105219065941123,0.0516429731125806,0.490016339105197,24.323172269824,36.181359992345,33.6599054036706,44.7456854745935,57.5086607924351,66.7101932584143,87.6981881037628,82.1793814460286
"34","AHR2","Kincaid",2021,69.0677966101695,0.257031776978174,0.233801041747242,1.69979149228298,0.182864437653418,0.0668156907488288,18.5003503818945,0.265163578714282,-0.00817456482842047,0.130534754770428,0.0238600983053689,0.448944627343297,21.6773027085729,31.7556709487524,30.2395738551101,35.3790322474395,44.7943449073259,51.2411838644294,67.6832621024785,66.5364305878092
"35","AHR2","Kincaid",2021,91.3355408388521,0.333040042100715,0.296455181903092,2.01147242666998,0.194217946824197,0.0740014468553654,34.9291569381557,0.454470996785452,-0.0249560074047588,0.109089133741971,0.0598506496499015,0.483070781752628,28.6899442946873,41.5591633326761,38.341011682088,51.8306367603917,66.2289208933617,76.8941190574752,100.555743046472,95.5123078393283
"36","AHR2","Kincaid",2021,84.5799180327869,0.321656936673996,0.289778592353224,1.96369900561565,0.193556881034249,0.0734919535057065,30.0429392612397,0.406352211739762,-0.0264454042001661,0.11251324329665,0.0522796009195062,0.48122772949746,23.8630097296929,35.9201157372029,33.49627205076,44.2573129456618,56.5485683135896,65.6026245788623,86.6649702689596,82.0438949433835
"37","AHR2","Kincaid",2021,83.9701770736254,0.333313696763236,0.302740669741935,2.017079402112,0.199925431145625,0.0758804549164915,30.7204517800246,0.418036860826428,-0.0221534207619444,0.119947750778165,0.0545997062328185,0.501001488663817,23.2375675702202,34.8554747672888,32.580362834166,43.6148333078819,56.1992330252046,65.5166482037815,87.0973150343432,83.1537728277155
"38","AHR2","Kincaid",2021,83.3333333333333,0.316986779598567,0.287610726434309,1.9420374298388,0.19143439158424,0.0725777935618231,31.7617211404073,0.394673677292977,-0.0275760989007348,0.107837766407901,0.0517958282228159,0.474864971575425,26.5716013991517,38.4338856072392,36.051715904741,47.25959293099,60.2070326209667,69.6916433229722,91.4212194236404,86.3708959598328
"39","AHR2","Kincaid",2021,85.9141341051616,0.322190138251287,0.288411112482801,1.9610087788882,0.191843715090726,0.0719038804603205,32.8803511904943,0.413565435730462,-0.0239741857115066,0.112265602364135,0.0537316145761016,0.476050736866104,27.2297698117323,39.4449810464251,36.6356898948277,48.5086689200201,61.9501784184257,71.6081139014061,94.0839543122323,89.5678490095868
"4","AHR2","Kincaid",2021,91.7194349732099,0.350308316830387,0.311469190034612,2.09064195505618,0.210250617803696,0.0833797296137101,36.498812842056,0.480125856486341,-0.048617082934022,0.10005273698702,0.0580677744410298,0.533374467566402,29.2214919034153,42.7287869719793,39.1769630954743,53.2944588788413,69.08437592589,81.7137095476735,110.032346552455,99.6923030447585
"40","AHR2","Kincaid",2021,81.3735177865613,0.293047895213104,0.264522963753061,1.83670057198285,0.193138112792208,0.0712654174759741,24.3721870748164,0.356190987632522,-0.0152159799564422,0.125624129368863,0.0382646887940295,0.479973030503524,24.8624662523003,36.250325313197,34.0944588854111,42.2173623434778,54.1224771806844,62.4756218034441,82.854029092071,80.279464680258
"41","AHR2","Kincaid",2021,85.1780558229066,0.316311912239518,0.282580984618432,1.93380502853626,0.202486395609707,0.075276913694127,27.9117369543566,0.402471208830976,-0.022219947603132,0.118504678983908,0.0440303240845006,0.509018018691204,26.5340029064178,37.8625484372099,35.1878873281712,44.9718611425153,58.2923448958965,67.8162204657688,89.9046892621234,85.9190240321958
"42","AHR2","Kincaid",2021,83.0985915492958,0.321351693928623,0.28790444960374,1.95730097070073,0.193856610830317,0.0712786512687437,31.6209741286109,0.398938736242334,-0.0227497265977872,0.112288983081101,0.050525143019099,0.482394382741254,25.6540616972005,37.3292775038788,34.6931659459426,45.7185200181863,58.7069243748047,67.7849772543018,88.8042505870056,84.7514719348301
"43","AHR2","Kincaid",2021,79.7265440829797,0.334603143126066,0.30383340135419,2.02004969814526,0.199411561927836,0.0741079890520745,33.323943581146,0.398557750108844,-0.0257832064224486,0.112712129600731,0.0527760805293081,0.499439201249314,24.3968036374082,35.4362889431282,33.1059262059715,44.4591372888732,57.4296680994022,66.6962028260981,88.004816342341,83.4636064077017
"44","AHR2","Kincaid",2021,85.1669941060904,0.313779937812229,0.285526389946358,1.92189635535481,0.200414955259867,0.0746266241775209,27.3518705558829,0.399192793145087,-0.0225025798958907,0.117239635365364,0.0467736369727502,0.502263014665743,26.1609911627054,37.3212151899322,35.0908995133732,44.8110122051738,57.9329289362537,67.3257800609267,89.0765226827549,85.0777842126877
"45","AHR2","Kincaid",2021,83.7699024139702,0.321568092676859,0.28868906020986,1.96097635396487,0.190553337071933,0.0700895086693991,31.8133958607696,0.402403896210802,-0.0257672510314776,0.110278883355941,0.0531380240710413,0.472161846132128,25.3894944950582,36.9207169806083,34.3585861860679,45.6229531276358,58.3223712379964,67.1948053109054,88.2048546080819,83.6345410567572
"46","AHR2","Kincaid",2021,77.772534214252,0.303880418668653,0.273086546826847,1.8839866769148,0.184593061213643,0.0695583995656834,30.8697478733029,0.353117116756906,-0.0213958132778428,0.109665396758091,0.0452910596040748,0.453981487990079,25.5870077226479,36.8911486127428,34.5191582483747,44.5588750685355,56.3113452796487,64.7814692220337,84.224085412175,80.5992743001469
"47","AHR2","Kincaid",2021,85.5932203389831,0.363937548670324,0.330102347073268,2.16620383959867,0.20239487061817,0.0780157154635298,38.7679270505256,0.465400883561501,-0.0270066340095469,0.112914356551244,0.0676795023032121,0.509227966159204,24.9675561280985,36.6136537482716,33.9080378219331,48.4579678789507,62.5013969418404,73.1791814931692,96.8895523566814,91.5693085580674
"48","AHR2","Kincaid",2021,86.3317125877904,0.308057275788558,0.279473107426031,1.90010078730083,0.182736899352303,0.068997107547382,31.5075482732016,0.397333171102454,-0.00771759113825009,0.123944741654037,0.0549025804824062,0.448408535828937,26.6151826444663,39.6193296460054,37.2391731621077,48.7503317299766,61.4290838902951,70.5967988524084,91.9216770452872,90.4036604277532
"49","AHR2","Kincaid",2021,92.1393034825871,0.325410612214611,0.294459704140392,1.97840289873959,0.19275541891571,0.0746298786553175,33.4156310543066,0.447979559040118,-0.0250108612916347,0.10943777179776,0.0602326193363906,0.478802672603764,29.3586384489746,42.1364090454269,39.3725682057489,52.4804793671634,66.7667264398782,77.6097483610959,101.612614368212,96.4992396687361
"5","AHR2","Kincaid",2021,85.236502627807,0.320988807994579,0.282133098460957,1.95590049183865,0.200975122806415,0.0768563642293364,30.638535518318,0.408760471990353,-0.037899604972713,0.108154716074962,0.0445350718939102,0.504029628035229,26.7922562146143,39.2742261414641,36.08320682785,46.8166769088563,60.3260958291518,70.4542548536883,94.3356309520199,87.3340637960022
"50","AHR2","Kincaid",2021,94.1628264208909,0.377069251691747,0.337753695349477,2.23362416795359,0.194700091247999,0.0751449752398728,46.1596087794599,0.530592216544359,-0.0260098137697457,0.105165493211657,0.0836262270622434,0.485028935941232,28.7098266207662,42.5107097302418,38.8686348835059,58.2005490680451,74.2839967467573,86.4592605793061,112.450051502068,106.506529224996
"51","AHR2","Kincaid",2021,67.3379174852652,0.26954119956542,0.248736624194243,1.7467844601295,0.184811421067072,0.0668428247627586,19.3402456561227,0.271028922997234,-0.0107220689230846,0.13163004492208,0.0288362816299,0.454778098954313,18.9926671661278,28.4791450069024,27.2547491335128,32.614652999135,41.4505912182354,47.4218908770436,63.0877418201484,61.6931991246239
"52","AHR2","Kincaid",2021,81.0898928737774,0.320028834177319,0.289575116971007,1.95337716371579,0.184418956716504,0.0682515975174185,33.742651788988,0.387712823231914,-0.0208960879042608,0.110887199740176,0.0554663211348701,0.453355482393378,24.9118169555762,36.7047113194275,34.3363224848692,46.0163072176533,58.3027410326311,66.9165408468997,87.1120131024344,83.4150565351687
"53","AHR2","Kincaid",2021,80.4676083779834,0.32358284924919,0.292878625907288,1.97280484515097,0.192876702169968,0.071488022038505,31.736477214388,0.388975638139862,-0.0235810460750184,0.11279765934177,0.0516807268348643,0.47931576630907,24.6083026573615,35.5562449868931,33.2540625162918,44.1284333748625,56.5143872633806,65.270667464056,85.7665028218559,81.6872544644199
"54","AHR2","Kincaid",2021,75.5760368663594,0.30286829501481,0.279249244830559,1.88320541443425,0.185646176550583,0.0676784605119494,29.3440587371099,0.341962595920141,-0.0143728120924202,0.119193424068949,0.0460704599094573,0.457021418203121,23.4218054288558,34.325730064148,32.6330813601984,42.119528133865,53.5119181651552,61.3241932966316,80.046560977035,77.6763723652557
"55","AHR2","Kincaid",2021,87.7386934673367,0.36753299922457,0.335473060123354,2.17839659450208,0.201342747882485,0.0765805775230648,41.1557059903986,0.481850195547137,-0.0216133399286448,0.114097041756816,0.0729154096115214,0.505260751004301,26.6008911168735,38.7674514979888,36.0573641706484,52.0059535320004,67.1012445959585,78.305426863878,102.767929884019,98.2627473613526
"56","AHR2","Kincaid",2021,84.6693386773547,0.31910945059857,0.292382057949441,1.94583824315831,0.206089128729446,0.077293931217296,26.5845261094976,0.403563479045573,-0.0246538491444553,0.120629453259274,0.0466426020027428,0.520357750532606,25.2365204013409,35.9587307111052,33.9227433141422,43.3620866267207,56.3960124693712,65.902824174169,88.1336906375728,83.7745071559666
"57","AHR2","Kincaid",2021,85.4969574036511,0.354189642761905,0.32479074757902,2.10796253693176,0.203706324166611,0.0779254728027048,35.2278645628678,0.45236780154897,-0.0166936410735262,0.126842075634658,0.0646384417236546,0.512735867132315,24.2187356587244,35.7524722159299,33.4703428739815,46.579584621007,60.2290096340029,70.4695597514979,93.9899513398975,90.7722325413733
"58","AHR2","Kincaid",2021,83.3249874812218,0.330019686129168,0.298395555494181,2.00823665667603,0.193783695148371,0.0737954799496046,33.3737916483729,0.410834455944387,-0.0132237544001544,0.121905008603773,0.0553416320976785,0.482164895077571,25.7650845647891,37.2158549822922,34.7200727506324,46.6451644252843,59.601127070101,69.1885204109414,90.7744818728536,88.2279345042016
"59","AHR2","Kincaid",2021,83.2936696811042,0.327507524879672,0.29508900212744,1.98265477377454,0.178321109525606,0.0684161388788509,39.1733145299633,0.407649779046885,-0.0142206709102737,0.111366237901821,0.0635172671383399,0.434894510715483,27.3126347944111,39.8506066577386,37.1159055478308,51.1734746613051,63.986563028334,73.4309054518898,94.4688874335491,91.7437346056021
"6","AHR2","Kincaid",2021,83.641404805915,0.364128832260927,0.319219765340521,2.15756164483743,0.207973205983134,0.0809991619726894,40.0864145334074,0.455094242007681,-0.0443983623731408,0.10406277106754,0.0580029624974887,0.526065013551214,26.0069159347127,38.1496882262677,34.4618604932982,48.6939456268412,63.1278795084032,74.3027994449149,100.021768619016,91.3888444217727
"60","AHR2","Kincaid",2021,70.5699481865285,0.257601900375252,0.232256557940743,1.7000860014007,0.168465493379927,0.0629433474161202,23.5820930794817,0.271596920624341,-0.00674696369702092,0.118899245082141,0.0310746749288535,0.406288055183254,24.1332328144545,34.4656388968143,32.6699815060802,39.4554821297027,48.877235911593,55.4886586840981,71.3780510778393,70.3423307642322
"61","AHR2","Kincaid",2021,87.8385032003939,0.324812500734028,0.295338298235675,1.9703891853644,0.188251564310481,0.0727495631479292,34.7012094701101,0.426302000815832,-0.0168270842561967,0.117352203256736,0.0609545324472571,0.465049693265601,27.9433025729573,40.5289417016832,37.9902782321319,51.0097659613846,64.5453045116181,74.7333918389757,97.8161546533185,94.4759695569896
"62","AHR2","Kincaid",2021,91.1820781696854,0.369492241590662,0.333025828809141,2.18605135573968,0.195714988675511,0.0771480511757122,46.3470651055303,0.503558370406706,-0.0269617968831821,0.101965818831914,0.0781823753788799,0.487607502208403,30.2322832780827,43.4716026086542,40.0275303209825,58.6764695846634,74.7246669492463,87.2749061956089,113.027926654094,106.916876896576
"63","AHR2","Kincaid",2021,91.6793505834602,0.326934792574665,0.297445705162049,1.98163914070475,0.198377664186273,0.075953512109952,31.4827547298619,0.44778490590476,-0.0265323927045087,0.112086127616071,0.0581430839917329,0.495971135621547,28.5201232110994,40.8665403432819,38.3209552781359,50.5642805770932,64.893333912762,75.5954450232237,99.7817018177477,94.5241407086037
"64","AHR2","Kincaid",2021,85.707479752263,0.306627825606989,0.281646556592804,1.89001229474766,0.202641435640834,0.0766889382599083,24.5854662515114,0.392528763643388,-0.0225298149828043,0.121603176768826,0.0438305829770797,0.509424534070538,25.9135302684242,36.9090566836998,34.9736674478305,43.7335871858588,56.5395117266101,65.9629100924677,88.0244513380321,84.0930019028396
"65","AHR2","Kincaid",2021,79.1469194312796,0.31263302935629,0.286403577803494,1.91845343727842,0.193713388693983,0.072942137125233,29.6852422058209,0.369678617865702,-0.0185144730339509,0.118780761900619,0.0475662393498766,0.481742949209966,25.004830483841,36.0604237142228,34.0695825377317,43.9977818689526,56.2606810644047,65.1558855005695,85.7828938397325,82.5849440551163
"66","AHR2","Kincaid",2021,87.1367317770367,0.346067150108425,0.318217156452172,2.07125953190809,0.201058453095193,0.0752953978939451,34.488706246031,0.450494453084572,-0.0185778517931377,0.123156312349351,0.0641698862463512,0.504805515538851,25.5182865601183,37.3336831624866,35.0962978170308,48.1425039424228,62.229256491514,72.4208904147078,96.2120736185748,92.592206283187
"67","AHR2","Kincaid",2021,83.7741607324517,0.374826024840842,0.341221473440028,2.21194286797091,0.207862182068634,0.0781294123867939,38.7919261137268,0.469091798931522,-0.0322181229487161,0.109506977753141,0.068696689304105,0.525936279915426,23.2957088881751,34.5356539979138,31.9856884990451,46.2779057078326,60.3192259607248,70.5656236575299,93.7776239031013,87.815730007237
"68","AHR2","Kincaid",2021,81.8586258032625,0.340998229802328,0.307723719430943,2.04904760287121,0.197295744220228,0.074607805969164,35.0215022137219,0.417019269987837,-0.0196320054144292,0.115941907061919,0.0573522566515444,0.492820725344468,24.8570680421541,35.9384815652769,33.3855620635652,45.6915489593421,58.6760068426224,68.1836702776833,89.4732964819369,85.8882468618711
"69","AHR2","Kincaid",2021,76.9589552238806,0.330310797651243,0.302173536949429,2.00024482259575,0.194331186971416,0.0724696626135737,31.5319497926959,0.3796990874768,-0.0156892763620748,0.125706973949482,0.0530043926488099,0.483755034331954,21.6066623389834,32.385597663488,30.4434344830785,40.8686069594703,52.4028899453232,60.661664646882,80.5661360872987,77.9560595466557
"7","AHR2","Kincaid",2021,88.8605007664793,0.367485545164161,0.325156174956671,2.17538382697609,0.207820604798061,0.0796850261867811,41.5098362616511,0.487987927114991,-0.0347542037964168,0.110547338326228,0.0647492448464836,0.525909179583036,27.9066233773356,41.0602991966837,37.3079080165551,53.1054695230728,69.0172684734154,81.0454954835572,108.376522320673,100.912518678495
"70","AHR2","Kincaid",2021,79.8347910592808,0.281743808205955,0.255515554040383,1.78992971856245,0.190875994090947,0.0720019729795419,23.3204114861035,0.336034885280176,-0.0203789133049709,0.11734038956132,0.0344078516591491,0.472961790107411,26.8194157216295,37.6482462298276,35.6079888933478,43.1847940792205,55.0017657680526,63.5609987236167,83.7515182138617,80.3579271648146
"71","AHR2","Kincaid",2021,88.8300688194812,0.351136615483508,0.319271608117816,2.09768239175505,0.191916690362219,0.0737425091305474,38.9627891293476,0.466029297317985,-0.0205708846390705,0.114130468181979,0.071595297990812,0.476446918642796,26.2646024070877,39.2170945489354,36.5325696456066,51.6713156763169,65.7297081143998,76.2491432739996,99.9030045390406,95.7264055166756
"72","AHR2","Kincaid",2021,81.5487571701721,0.34251607128887,0.314454143583999,2.05417289014308,0.199741255233186,0.0762496466292749,32.3159147223088,0.417185657008828,-0.0212042988523868,0.122669394897972,0.0590918422143705,0.500662650382537,22.0859739297089,33.2848699553884,31.2771744098134,42.6816047897628,54.8938960791959,63.9854206121159,85.4313360013798,81.8018243308453
"73","AHR2","Kincaid",2021,84.7910592808552,0.323201391786891,0.290101171916759,1.96725429784264,0.190318279235643,0.0723924350521452,32.9597881624105,0.409414731664915,-0.0137716169937109,0.121926513378321,0.0546578120555549,0.470964807712024,26.3252757074392,38.1333094093145,35.4680011336743,47.3125550697178,60.1529769290859,69.5855391719521,91.3797348725694,88.7868463677308
"74","AHR2","Kincaid",2021,90.4864864864865,0.347708453217446,0.316275434081247,2.07755902355871,0.201873031633598,0.0786041397655508,35.7240267717146,0.470077306337921,-0.0192143239580576,0.121047070353481,0.0651978901216458,0.507019444860446,27.61767925579,39.9851448290993,37.2883056893896,51.2044385065008,65.8486306537036,77.1213674011678,102.223317589056,98.2604117944948
"75","AHR2","Kincaid",2021,78.2945736434108,0.290162555304104,0.263697209178348,1.82560349873046,0.194939118696642,0.0728900395048324,22.8334283936137,0.339313937681652,-0.0170731123098899,0.125998842144272,0.0354223660462687,0.485630857746842,24.1859541031891,34.3499531104369,32.4594988015682,39.7819803854339,50.9991304354393,59.0410397525287,78.6676189363609,75.954962105636
"76","AHR2","Kincaid",2021,85.1745576279292,0.356416856885694,0.321800838120924,2.12277007466879,0.205773566283502,0.0785533438852363,35.0212541543048,0.453469861584868,-0.0252752749198371,0.116289641612259,0.0616056508604681,0.519536501512473,24.4736544657112,35.4432737761653,32.8006245792017,45.6728176460704,59.2363981546226,69.4015083004088,92.1856397530156,87.4891284506434
"77","AHR2","Kincaid",2021,80.2688638334779,0.348469022548873,0.31659994235701,2.08285461537524,0.203515320904715,0.0775588834450698,35.1893238026675,0.417891993787978,-0.020705305801533,0.120439301281662,0.0569860304265345,0.512549659600161,24.2661407602665,35.0128045149573,32.6125951072125,44.7680411543835,57.9028840073695,67.7091208131479,89.8765207515546,86.0793314817865
"78","AHR2","Kincaid",2021,80.8937528499772,0.336710248418749,0.306447167352038,2.02729421385392,0.191500431774912,0.0706545654854497,35.1764841910872,0.406916387762069,-0.0215169733029267,0.115932916829731,0.0594752640956228,0.475303280330145,23.9837191852089,35.4782672475232,33.1913390853106,45.4735201630835,58.141363128545,67.0269533652565,88.2614001615322,84.4265539244491
"79","AHR2","Kincaid",2021,88.8244596731682,0.321847574034367,0.289061771944717,1.95594918023992,0.18673337820234,0.0685519782409521,33.0093075190478,0.427066759740707,-0.0133998779280525,0.121041553368688,0.0592600481965415,0.460238885823273,27.0694073276768,39.4707164733607,36.7448424974084,49.1561849149971,62.5405328452793,71.8173644849839,94.0035848819049,91.3899058010043
"8","AHR2","Kincaid",2021,86.1780619773733,0.365980030744574,0.325227757471484,2.17101580252778,0.215662987782362,0.0835100981249056,37.7078810809942,0.471250843261217,-0.0495203021651211,0.098437295459971,0.0581289383647591,0.551423192963995,26.4690538359524,38.3974049408357,35.028190328043,48.8686852133267,64.051972139786,75.7757647646044,101.869849928575,92.0626911047217
"80","AHR2","Kincaid",2021,86.0133206470029,0.327743740032321,0.295695210345508,1.98774441378388,0.18327204840056,0.0691303297904435,38.6579814032427,0.421295680919553,-0.0116784744632237,0.115083566952787,0.0626899074337551,0.449982822392687,29.0653145060776,41.9157230751861,39.0746679845954,53.3692689585987,67.3355546861868,77.4162517696877,99.8141810668492,97.3600698014537
"81","AHR2","Kincaid",2021,86.2806468440271,0.341119436616066,0.308613715158488,2.04779475203228,0.199657097149106,0.0753728327279187,33.8290163517449,0.439673147996109,-0.0225800440973337,0.116663044619503,0.0594939989264026,0.50017561803636,25.6015924699339,37.0643257351937,34.4801262840025,46.9735636660277,60.5695658963957,70.5326070940767,93.2759639953538,88.9635787897819
"82","AHR2","Kincaid",2021,74.9630359783144,0.270704820592774,0.244614243174512,1.74946744699006,0.179937772372059,0.0659336285332237,22.1953189542819,0.303095239914053,-0.000253581513531355,0.136096207015508,0.0327766136140919,0.440063765513523,23.2397893521131,33.8052017251122,31.9860000471007,38.7630108672199,48.8723554808737,55.823198847084,73.3985433589137,73.2789828479913
"83","AHR2","Kincaid",2021,84.0975609756098,0.327999536584184,0.295937920923268,1.98881438663538,0.181598380940155,0.0691421808083241,37.9518300308245,0.412180685677532,-0.00676568904842815,0.123501602673569,0.0624588240424961,0.445110545808912,27.2608860379187,39.6331513988176,36.9412671301528,50.678602297426,63.6829481760738,73.1943941796751,95.0874824422554,93.6731533793292
"84","AHR2","Kincaid",2021,82.3557237464522,0.331527260090043,0.300472897572368,2.0065678362624,0.190512154814431,0.0730949459314731,34.4191741917961,0.407897724373122,-0.00973791518896609,0.124846290025622,0.0580425556925124,0.472071006463783,24.6830491903942,36.3786998527714,33.9727339412505,46.1519698051777,58.6378773786435,67.957911674032,89.0437736648769,87.1645296870759
"85","AHR2","Kincaid",2021,79.1482300884956,0.257612467879883,0.230131363671032,1.69931041181633,0.172655138575232,0.0642885392512965,22.2630460091372,0.304598410797349,0.00518910612155014,0.135502524612622,0.0313124482167266,0.418119888931956,26.5687692694739,38.1721958913476,36.0335854297437,43.1255431279233,53.7298555327947,61.1619446939189,79.4203063842677,80.1761213810303
"86","AHR2","Kincaid",2021,62.5576036866359,0.263021834851522,0.23761133966322,1.72083060110458,0.176759296479198,0.0651189627375666,21.5049593910084,0.24576799131018,0.00795889990086462,0.145076573615425,0.0258936831524986,0.430159852401505,19.8260849665191,28.7414135156689,27.239816818441,32.7130202312812,41.0198768044954,46.7491910642311,61.5953152952165,62.5333928059911
"87","AHR2","Kincaid",2021,89.749430523918,0.293815815389762,0.263358017275334,1.8407004651613,0.181615904703829,0.0682174562254307,28.8679654575664,0.393968797059417,-0.00960055553652792,0.123896018645163,0.0488236631460899,0.444810286270009,29.3993160781559,42.2700373773799,39.5901552562423,50.3226216879349,63.3643400522077,72.6840888336428,95.0101653550996,93.0983218491113
"88","AHR2","Kincaid",2021,87.8587196467991,0.306158391067339,0.278928132521615,1.8931853564918,0.193475673370268,0.0722177466547715,27.2914293846015,0.40180811155889,-0.010596395139174,0.130415264873518,0.0487659106765474,0.480875558799313,27.0896893123366,38.7873286227875,36.5575300200415,46.5956423917881,59.6740748554292,69.019382895972,91.6401508077449,89.5900113509281
"89","AHR2","Kincaid",2021,88.8479747501315,0.343695926540901,0.312155958438998,2.05778461934274,0.193404024287924,0.072610711694956,36.1403420547263,0.456195477307309,-0.0206895693592303,0.116555320650562,0.0671709595647692,0.480802262784271,25.8421137210246,38.5002095014145,35.8912057277236,49.7738399032667,63.6432549232591,73.6381015586112,96.9992731745864,92.9647869618503
"9","AHR2","Kincaid",2021,85.3881278538813,0.367415351472669,0.326279593438844,2.18058603072701,0.206883644504764,0.081126332470271,41.4927864937221,0.46883216971031,-0.0441835005461217,0.0973141652736754,0.0631181424926652,0.523067514992583,26.4276836671228,39.5064897818566,36.0128777995473,51.2897952461267,66.3357409268721,78.1282911819905,103.697850578604,94.7141579183029
"90","AHR2","Kincaid",2021,74.5334796926454,0.263112040432966,0.241070641552124,1.71983401624002,0.171905858228037,0.0609057741901107,22.5340956623023,0.292924325295636,-0.00379895537423394,0.131561682167789,0.0352984145392512,0.416309573426184,23.4443686857599,34.1240776003635,32.5698659071493,39.4967257303824,49.469357730774,55.9166732062171,73.37127378259,72.750011994364
"91","AHR2","Kincaid",2021,91.4965986394558,0.339965981690834,0.31056771740476,2.04597927743494,0.200930144908254,0.0747954186185328,32.6091787871946,0.464642880990365,-0.00995082862289166,0.133409253108216,0.0631717849104283,0.504282026545914,26.369190811905,38.5157731504248,36.0851141449323,48.9503599757597,63.2982690704138,73.5928738054363,98.1424902124987,96.0443026059192
"92","AHR2","Kincaid",2021,69.8154180238871,0.259502345333971,0.236208356689201,1.70623060325005,0.177313750022972,0.0642916554371634,20.9121003600701,0.270639225784844,-0.000763168559571767,0.133283707687471,0.028093062915866,0.431947474827571,22.9035469973761,32.8891593168431,31.3154565440491,37.2407357905119,46.8488265142887,53.3223467094452,69.7741291278746,69.6073698679367
"93","AHR2","Kincaid",2021,90.228013029316,0.320999117926825,0.293650215265686,1.95626796771859,0.192510298900727,0.0717574898035706,29.6070877064102,0.432581730628148,-0.00891357306059969,0.132993731066297,0.0587935571128042,0.478021907547556,25.168459773515,37.766640407662,35.5775843113368,46.9681624911669,60.0608078364347,69.3874894227803,92.2745451506106,90.5305330609042
"94","AHR2","Kincaid",2021,58.1545064377682,0.251986005583012,0.229157288106514,1.67824825422641,0.172034249939532,0.0631543362950562,20.9595717978472,0.218925678478286,0.00150750866966928,0.134333264160803,0.022928586084711,0.416308891552763,19.5931355599641,28.2017092048631,26.8817102968949,31.8191052720822,39.6939007482886,45.0828629462014,58.846968084957,58.9614477795605
"95","AHR2","Kincaid",2021,52.7011494252874,0.244805227962633,0.220442745030421,1.65212448119512,0.166833065524522,0.0591197809226022,19.3699391228124,0.192683473724394,0.010381216903195,0.146245633166106,0.0197452742103813,0.401156312724028,16.2433337229791,24.1155142662213,22.9170001974628,27.0225697525589,33.5941298189748,37.8265127348364,49.6860589750012,50.7063300986515
"96","AHR2","Kincaid",2021,29.746835443038,0.224572649294733,0.201610488711328,1.58055472772182,0.161355175263123,0.0589318294341843,17.3278435060649,0.099801689283732,0.0161819883765087,0.141017263244168,0.0085798136692819,0.385350532397141,10.4642336548276,15.0026114769264,14.3036939472047,16.3294523899556,20.0896495004471,22.6092766105194,29.058356331876,30.0020372037507
"97","AHR2","Kincaid",2021,68.8912809472551,0.253785572717729,0.227326393908708,1.68449549024587,0.17188960404313,0.0635036191662318,21.165644668958,0.261167926117133,0.011934568905778,0.143728496294252,0.0264280440396594,0.415930412303879,22.6267239740573,32.7616770783879,30.9895713190452,36.8435901114428,45.8890141401986,52.1327598100878,67.9410193901326,69.5436179839109
"98","AHR2","Kincaid",2021,77.7155655095185,0.284803112945198,0.255039986702817,1.80287533526485,0.175996933975899,0.0661879724313382,28.2559072186825,0.330681430064391,0.00808584461805933,0.138904308340483,0.0414549388103725,0.428241893826904,25.6839921721973,37.1174581325398,34.8316061440634,43.8969280198622,54.8415760697525,62.6262005698486,81.4768083456549,82.7433448824147
"99","AHR2","Kincaid",2021,70.9401709401709,0.261530476078338,0.235911635769863,1.71565113805675,0.179474087805008,0.0652819526767913,19.5644119548271,0.277061743868973,0.00560921621676963,0.146140108747201,0.027190118578252,0.438425333792965,21.207069533313,31.1060934890794,29.4738105454488,35.079686896225,44.2319101982227,50.4446602391774,66.9043136168958,67.5817847405257
