"Plot_ID","Trial","Loc","Year","%Can.Cover_152","NDVI_152","GNDVI_152","SR_152","NDRE1_152","NDRE2_152","TCARI_152","SAVI_152","NWI1_152","NWI2_152","MTVI_152","ChlRE_152","BLU_152","GRN_152","RED_152","RE1_152","RE2_152","NIR_152","900_152","975_152"
"1","AWY1","Ritzville",2021,69.7970639032815,0.245309366130507,0.226963560927716,1.66444055728952,0.17887282582109,0.0698561024725379,17.7692773843286,0.2558109006665,-0.0583403059889599,0.0864782572006864,0.0223519127264492,0.437102117587476,23.6634225676205,34.2900822776332,33.0170892988902,38.0940868749899,47.5386303525258,54.7465261138261,73.1637004981501,64.9072699397641
"10","AWY1","Ritzville",2021,77.0445910817836,0.233609240957225,0.212344407367027,1.6185315572473,0.170770049756212,0.0691708198612865,17.0628920841504,0.268884258851374,-0.0371391129744425,0.0980800636956244,0.0218807815596535,0.412691673600913,26.1526302312761,37.8737061906451,36.2361260949423,41.5007036835834,50.9933622114197,58.6260009632911,76.8096859576665,71.1567508748258
"100","AWY1","Ritzville",2021,84.691514002948,0.269809017444412,0.246034821885413,1.75900366782335,0.16219194177431,0.0674125734970309,29.7494754867087,0.341473916720307,-0.0829216314541358,0.0755122275083616,0.0478122534601471,0.388832379486192,29.6640047782698,42.9315335018948,40.8403669111745,51.530220238569,62.4444849349655,71.6021899903899,98.262254022435,82.9125812076344
"101","AWY1","Ritzville",2021,65.9413854351687,0.255094399244177,0.236635107170261,1.70640965565262,0.174954910577349,0.0727051994520722,20.6951168638525,0.251292164052653,-0.0846686019008517,0.0822085450646814,0.0268310664961151,0.426262451007978,21.5752510606999,31.183287387602,30.0214786729113,35.7483999985606,43.9551894667503,50.9268985410455,71.0714177772097,59.707579676079
"102","AWY1","Ritzville",2021,83.3333333333333,0.2629007381371,0.244054696698882,1.72405075681431,0.164503334191858,0.068628794733864,25.1069967557922,0.327303140242197,-0.0767136015735243,0.0850461050349284,0.0451369020731574,0.394814053648025,26.7301412103304,39.6117298643406,38.0942670321181,46.9262923965881,56.967387401015,65.3997993398391,90.3927419170696,77.4062546815177
"103","AWY1","Ritzville",2021,73.8859385823135,0.258047413191937,0.237168010125635,1.71456631232923,0.169846330679872,0.0714519610407259,23.7761958737028,0.284873241800549,-0.0751855273363825,0.0836515910032423,0.0332313113883932,0.410707984289929,25.1495078241381,36.2949728308092,34.7632464452695,42.1340807105664,51.4337839902259,59.4469238413654,81.6223560843479,69.8932605028195
"104","AWY1","Ritzville",2021,70.8557347670251,0.269498596264845,0.241388594351305,1.76477561726436,0.166391065515912,0.0690680450093908,27.3539770602782,0.285278225703527,-0.0677153884322479,0.0876362334192395,0.0350731270544766,0.400619237563254,22.8131556140169,33.396378512048,31.4689091816385,39.657766312684,48.3003499841258,55.6510236559004,75.6761437099875,65.6007695027303
"105","AWY1","Ritzville",2021,83.1018518518518,0.295811660163374,0.268286110268155,1.85814893637307,0.16956995665363,0.0718632621030647,32.3251790699776,0.367277414008084,-0.0749714902998079,0.0723699013413762,0.0542837259193514,0.409392923117186,26.4132476606372,38.8882848487213,36.6590922289394,48.1554056467139,58.7162850600013,67.8956456645239,91.1198213746814,78.1706964915078
"106","AWY1","Ritzville",2021,75.0366185394434,0.267792550189462,0.243332974207302,1.75519010410179,0.169880397667685,0.0709752218444437,25.2923393952639,0.300170362830291,-0.0693162980616869,0.0857062015327655,0.0363121715177155,0.410542942712284,23.172671904244,34.2936557142443,32.558513669144,40.5922212915875,49.5967282700999,57.3350942282466,77.9492608950868,67.3945863047466
"107","AWY1","Ritzville",2021,70.5148833467418,0.235370700920146,0.221794705104348,1.62669542272825,0.163000450696665,0.0679396157754029,18.7257554462944,0.247943037627137,-0.0611427909635412,0.096290977337676,0.0283732484830787,0.390332895539571,22.8231709859125,33.6635501292891,32.7339014465205,38.2776747654007,46.4049920506393,53.2287939484794,72.9115521243391,64.3465741360739
"108","AWY1","Ritzville",2021,83.9969947407964,0.278349264015361,0.254715769083002,1.79175235495975,0.16289643471547,0.0679674081134899,30.1673162275301,0.349329400005701,-0.0734399502809681,0.0820964977558783,0.0516066930370994,0.390578043601388,26.9215379459942,40.0839837480594,38.1344394286733,48.9935021896329,59.3780699377688,68.1380870109554,92.9279398112527,79.9251368197581
"109","AWY1","Ritzville",2021,76.5600624024961,0.262767994370427,0.245031419943557,1.72639449604781,0.164097139034442,0.0683359730880202,25.7397231674206,0.300573453914159,-0.0793143245745919,0.0804939807090012,0.0419792560504661,0.393978265593914,25.1829404256961,37.0277921355222,35.6944746617132,44.0721919043243,53.4822718964588,61.3772551764914,84.4595296087693,71.9138963118782
"11","AWY1","Ritzville",2021,71.9476130122518,0.244995034408446,0.222856164738565,1.66389387113587,0.172578157027347,0.0704427229713369,20.006590417454,0.263366021637793,-0.0473971264198706,0.0868903967156638,0.024223112157249,0.418321676664346,24.8785721586414,35.9077009744171,34.2933161318682,40.1677389356216,49.4140454738053,56.9801416215853,74.5115386333196,67.4941496162107
"110","AWY1","Ritzville",2021,76.6098294884654,0.243571630608749,0.223974008855086,1.65646390498177,0.154678673052053,0.0641300662535803,25.2390664485188,0.278858107130024,-0.0776521129533411,0.0748202338151959,0.0367445258797009,0.367259949148691,27.6142201100396,40.178878934931,38.5781212309846,46.6642292296454,56.036381088124,63.790451546509,86.4938929248679,73.8103397168022
"111","AWY1","Ritzville",2021,79.7423644296696,0.230201464923037,0.213020144182372,1.60665260278015,0.149377752051719,0.0609397687433356,22.6550556407233,0.274308821341235,-0.0770618518453265,0.0737794824331637,0.0357617947173142,0.352041387453981,28.724100253566,41.6450762170167,40.1909199443516,47.7141234683789,57.0526409308836,64.5004666855568,87.1933110111091,74.5903233699029
"112","AWY1","Ritzville",2021,79.7554620164362,0.264673905075973,0.241518519888684,1.73769132045304,0.159930664879809,0.0658186073470252,29.1845436344139,0.315451532908698,-0.0767451820431987,0.0754177903556754,0.0441129833285909,0.382390770160578,27.814881699753,40.605459826236,38.6806821152962,48.5438487071603,58.7316313585339,67.1033920550335,90.940025250182,77.699889302808
"113","AWY1","Ritzville",2021,81.253529079616,0.270799848348856,0.250106473302503,1.75778480557243,0.15699994400207,0.0657821631395251,31.3748070151756,0.328829600230113,-0.0745065313206645,0.071760848902649,0.0514789696474442,0.373828211324856,28.3332431312419,41.5559810272754,39.7953727894466,50.7178338230521,61.0029183034624,69.6699678071568,93.3391506714601,80.1977652491132
"114","AWY1","Ritzville",2021,57.9188345473465,0.232865866302228,0.21908157106084,1.62193928657452,0.156767269955598,0.0662646861939187,21.4015609484378,0.201545388818082,-0.0668022109909042,0.081167405403501,0.0249142834635621,0.373895179860365,20.782730918363,30.0770287038411,29.2632818136612,34.5068682944636,41.4017278383102,47.3434085611275,63.541559809233,55.4002738958139
"115","AWY1","Ritzville",2021,83.888354186718,0.281628264438088,0.261937589662951,1.79978970933118,0.155493052087594,0.0660448633384502,34.7893976314172,0.353088844458397,-0.0685035969588927,0.0777673991799843,0.0604037711251016,0.369551600239233,28.8214880441975,42.9108189569503,41.1665852578245,53.8597991618897,64.5434857311768,73.7294510437166,98.7955586953977,85.9341044677785
"116","AWY1","Ritzville",2021,80.4427294882209,0.292927881664383,0.267644982430847,1.85467677229341,0.17552060154768,0.074437899713169,29.8843243405399,0.35204305984519,-0.0677394112999832,0.0889251328969071,0.0482270714475306,0.427645834921348,25.2616237068604,36.935742102547,35.0069090047977,45.3350435606445,55.672020766315,64.7694703666082,88.4821369356533,76.8912811400421
"117","AWY1","Ritzville",2021,81.6127775613557,0.269191421747465,0.247044795525544,1.75421055094466,0.162272848847778,0.0690155939238769,28.3022532307511,0.328262498073188,-0.0683505984336121,0.0794530937977763,0.0466994032650209,0.388756948618437,27.4917540663136,40.0320074929793,38.2165477000095,48.0252083910882,58.0062934174421,66.668506400119,89.5707525649434,77.9130412862528
"118","AWY1","Ritzville",2021,64.336917562724,0.240048361745641,0.21608986833921,1.64677534106902,0.156768171561157,0.0667417229519588,23.8679255328389,0.230781304678757,-0.0550579577650062,0.0857605536889682,0.0261951719959052,0.372950457151239,23.3934084931709,33.4038101967435,31.778788353253,38.1105829770056,45.7356395799008,52.3659664093687,69.304088712121,61.8374679997395
"119","AWY1","Ritzville",2021,87.4425114977005,0.266145760515453,0.246847781983325,1.74103064741639,0.160900388556426,0.0684081614502587,27.3897562698743,0.347709307351481,-0.059733898160083,0.0860150184999089,0.0508274398897092,0.384518079506568,28.0472375213909,41.8961278957013,40.2340370277426,50.4735257179304,60.8804952149886,69.9089888406897,93.538095953642,82.7505809569765
"12","AWY1","Ritzville",2021,81.5338042381433,0.255963811883317,0.234233082086988,1.69940865596706,0.181310447766512,0.0744868782249735,19.1391790820465,0.311763416346897,-0.0549646058697542,0.089618488544633,0.0287919888746591,0.44383894868504,26.5494581934153,38.561823956743,36.8450742476332,43.1889592965044,53.6736484131606,62.367546622298,83.2971777027527,74.4879823756179
"120","AWY1","Ritzville",2021,82.1098993288591,0.245597206025051,0.225500411992438,1.66529118737438,0.147440490806233,0.062431661894635,27.4448325358607,0.301350361580355,-0.0517684308853337,0.0827189700511578,0.044537007330324,0.346784559466548,28.757666781457,42.3779478368858,40.6385466019747,50.1849396561188,59.5896600402261,67.6116258685947,88.4123261043214,79.4791626840933
"121","AWY1","Ritzville",2021,75.0053775005377,0.250780396870279,0.23065386749252,1.68594078577868,0.16042415448143,0.0675025432252275,23.7211834865797,0.281012102452136,-0.0403512263116259,0.094913543930788,0.0357588086804281,0.383240339540829,24.0703760761981,35.9010439623601,34.4224576026018,41.9165122646946,50.5880111704163,58.0176381504368,75.9681514822494,69.7610360308421
"122","AWY1","Ritzville",2021,87.6919749080683,0.283370763384511,0.254994861861811,1.80908570451524,0.16767009144679,0.0715447301139409,31.2475200494105,0.371307179475801,-0.0359403752955828,0.100757407468019,0.050988606339304,0.404041783340147,29.5415741395604,42.7656605048469,40.2477527409065,51.8439999365919,63.0196977844368,72.8708618009956,95.6813951412168,88.6725159773732
"123","AWY1","Ritzville",2021,77.6969981238274,0.259357560155579,0.234168448013084,1.72078981199478,0.163681781952421,0.0692798885742458,26.1294304236682,0.301087328960922,-0.0323709948708611,0.103507067098715,0.0366613205728418,0.392683472053636,26.0596319749378,38.009613029198,36.0388835550488,44.557547192431,53.9594137314263,62.1519157931963,81.4065532815068,75.8906115042288
"124","AWY1","Ritzville",2021,88.3458646616541,0.279304509301536,0.255129145217281,1.79128005400716,0.159919339148824,0.0687450385245024,33.7287009379925,0.368785489852399,-0.0294792175289868,0.102938329987196,0.0567588549008245,0.381856448882167,31.1795559578292,45.7136150741399,43.4323923177483,56.1965883894743,67.6004226257039,77.6810121966735,101.160427620644,95.0837545817024
"125","AWY1","Ritzville",2021,84.8631950573698,0.310910830610014,0.278896808208205,1.93156373237045,0.177817039095871,0.0762882494774541,35.6304225633956,0.394276224351888,-0.0399042887454763,0.102434916886076,0.0552480610538421,0.434021408048457,28.3348964514754,40.664548573514,37.9286803388803,50.9551567606072,62.6841466575687,73.2419820322293,97.2862939568783,89.3390829854312
"126","AWY1","Ritzville",2021,80.3801478352693,0.287493723673854,0.26205359588959,1.83539514320581,0.163194370357076,0.0697016472758426,34.5214723044088,0.345352639549856,-0.0386576872204894,0.0986287362228415,0.0524616648394131,0.391985910742613,27.3436563296593,40.3687839441242,38.2558793877212,50.3041897603469,60.7971021218713,70.0963919864677,92.066559483734,84.7023397178046
"127","AWY1","Ritzville",2021,79.4793926247288,0.271679948471334,0.251304375500914,1.7676443979816,0.159542246689627,0.0671103875144703,30.6933883884839,0.322677969023377,-0.0433206332249569,0.0950425511949771,0.0489316748220934,0.381343110476083,26.7532162486491,39.5171715437471,37.8453737782339,48.3879831241787,58.3649541698316,66.9059788616388,88.1503153136088,80.4687732342278
"128","AWY1","Ritzville",2021,88.9528448085012,0.310732343345157,0.284676191679891,1.93118107076217,0.160302942793548,0.0672982550096702,41.9671760593463,0.413132119880055,-0.0443362345449451,0.0879506501384337,0.0726045041635146,0.383686863100042,29.8800414593111,44.6809615293519,42.2083995999713,58.8081677931397,71.0416335465104,81.5314494555873,106.047571885529,96.5505959486434
"129","AWY1","Ritzville",2021,87.9644403920675,0.297071030233204,0.269512098672201,1.86846612776381,0.162599235480869,0.0704466654666983,37.1376549638991,0.390535272978723,-0.031843895394967,0.0985506813028406,0.0623198695874375,0.389994612742188,29.5717826809825,43.9187319995663,41.3931854503452,55.587678598642,67.0377251490872,77.3858356334034,100.294963529703,93.6606441959495
"13","AWY1","Ritzville",2021,74.1159539473684,0.22369012362132,0.204330302828563,1.58569075726623,0.168239134221967,0.0684497883903169,14.7381302520527,0.247663553142412,-0.0540410474418451,0.0856398102671005,0.0183089697056493,0.40550562689882,25.0168201768676,36.3541621620868,34.9472813476898,39.2942039104955,48.0986447794882,55.2037357303529,72.9946616038753,65.419358344173
"130","AWY1","Ritzville",2021,80.7576409814895,0.284523661790917,0.25741497792453,1.82245022345046,0.159550610589868,0.0687657661713229,35.4933267717604,0.343407080643488,-0.0256127192717479,0.104601283264066,0.0526750431025366,0.381932174226189,28.0722160080435,41.3801212543577,39.0765227276488,51.474010669206,61.8820044008298,71.2521867873931,92.2040599577519,87.102607411336
"131","AWY1","Ritzville",2021,87.9565217391304,0.297992803247357,0.269912154629756,1.87113989986524,0.159457256026495,0.069187511395332,38.8437715226932,0.391736836752787,-0.0311944466321844,0.0991006726231022,0.0647211020031496,0.381126744530323,30.3978306824015,44.774736551109,42.1497046983168,56.9991510497939,68.4680734074401,78.811970294127,102.173144678488,95.583592498481
"132","AWY1","Ritzville",2021,76.995105341562,0.275948100415635,0.250047284985904,1.78921503017406,0.1771537237776,0.0768230310698555,26.1688193908887,0.317444484339003,-0.0253741267741464,0.115817875894183,0.0365631538990131,0.432521562430575,25.5285209770473,36.836630890699,34.8757284162623,43.3547073124913,53.175984929571,62.1855866179003,82.4044668476052,77.930988417636
"133","AWY1","Ritzville",2021,76.462706565431,0.238314905401094,0.219223020906259,1.63743272366946,0.160773975476512,0.0689531997124912,20.6774954748993,0.272237404469138,-0.024136528086029,0.111379411831682,0.0306753221703828,0.384123779240455,25.4555826811975,37.3845500447595,35.9361788453252,42.4843033935071,51.1650187839156,58.8158800933622,77.0915058471188,73.2486891300974
"134","AWY1","Ritzville",2021,65.4489436619718,0.229077609234186,0.211053623048674,1.60737513081737,0.159786162480048,0.0687648346143965,19.1205225965066,0.224007410160539,-0.0194758292678717,0.113645759826498,0.0230355000605872,0.381577810762166,22.5843891863471,32.8386719312886,31.6468366076819,36.8089227540111,44.2492902578911,50.8581003956344,66.3494738876309,63.5443023078869
"135","AWY1","Ritzville",2021,86.2716461506363,0.283766609669474,0.254380834367025,1.81176208399715,0.168099174041274,0.0729073675430695,31.2297484612767,0.365809337462091,-0.0236039337103871,0.109106031861126,0.0495779567921915,0.40542082125169,29.5470408427987,42.5559861577349,39.9821280526733,51.33723488715,62.2920075532359,72.201876850748,94.1220476671981,89.4538473337112
"136","AWY1","Ritzville",2021,61.4402697495183,0.227663130048599,0.208475612152046,1.60159782007882,0.169443889091918,0.0720603630975213,14.7564194309379,0.208904107990301,-0.0278695097392893,0.113260994952954,0.0161859021002997,0.408899478749301,19.3507843183488,28.0453731354363,26.9506428702963,30.6093081100119,37.2965067225542,43.1498151868681,57.238355799097,53.9437346105716
"137","AWY1","Ritzville",2021,73.8936170212766,0.263215400668136,0.234297365294578,1.73469840380215,0.161956234085216,0.0694758707366007,27.8987006938672,0.290617327271363,-0.00706198018644889,0.123864591141088,0.0359070113714486,0.387740682197797,24.9934256169885,36.7052815323642,34.538466070761,43.1402126172933,52.0268145780879,59.9292719280567,77.8392793092683,76.3752550038892
"138","AWY1","Ritzville",2021,85.2023888520239,0.274729176324777,0.246687734341284,1.78182665212965,0.163401698491447,0.0711796936143594,30.8248379367993,0.349780445100876,0.000669474884377438,0.130175501501428,0.0471702616680607,0.392104659978011,28.9612490650971,42.4270961766693,39.9982846044329,51.1457366194055,61.6748285682894,71.3455482216002,92.3486011867989,91.8630612343589
"139","AWY1","Ritzville",2021,86.4025213867627,0.270340614531395,0.239995677489244,1.7621985629388,0.165211209469454,0.0718658902923439,29.0305085377817,0.349016450222178,0.00212374323316454,0.131050617725474,0.0431270264340751,0.396947070618917,29.0108777826595,42.6329588968591,39.9724270456714,50.4690707778655,60.9858923092597,70.6041883694294,91.3012889934302,91.2093319911321
"14","AWY1","Ritzville",2021,43.5166777115087,0.191266708783624,0.176675072284325,1.48027034615723,0.147277139539282,0.0593865760077115,12.9546563198978,0.124380569205253,-0.0449111281500791,0.081804458107311,0.00916990178528824,0.346305327615083,16.6934109817471,24.1818116753901,23.4933066246987,25.7370632927468,30.7246450326664,34.6161275451139,44.6190584406813,40.7248069287298
"140","AWY1","Ritzville",2021,91.5210203117619,0.252826517609075,0.230162049973512,1.69219710078611,0.150703499262449,0.0654914227950468,28.3746963203443,0.345768136766444,0.000520396289690815,0.124639292747834,0.0501661006823263,0.356133632029744,31.2658068443407,46.7141145338818,44.559060062786,55.5327967713586,65.9807272781105,75.3425656953346,96.5206926216631,96.3001104577661
"141","AWY1","Ritzville",2021,94.185520361991,0.30879879757878,0.278851084867939,1.91105438316249,0.176542300881898,0.0782219212752464,34.4015696295874,0.43458064208024,-0.0116169835201542,0.121161227753355,0.0629394776060262,0.429815126037104,30.2222609704966,44.4575876350122,41.6474357850593,55.517814214592,67.837727520017,79.4586658443839,103.688315923118,101.066954749527
"142","AWY1","Ritzville",2021,78.1060958585389,0.265683633577593,0.235386780014665,1.74523780149989,0.152692337551344,0.0676092405142611,33.4494673322481,0.310154660771422,-0.00362011535356852,0.113696396196593,0.0440267889373816,0.362327905919381,28.9658217642502,41.9663904943602,39.3782324914788,50.4004025222327,59.8838908795216,68.7567647253321,86.7374049504655,85.717559833845
"143","AWY1","Ritzville",2021,87.1274571972099,0.306921785039164,0.272660984467856,1.91352155150409,0.162115737192053,0.0712534938496192,40.1534294179811,0.399654104959506,-0.00926333231049501,0.11100796378768,0.0636342277456212,0.388896899765911,29.6205665848153,43.8899528035692,40.7617957248565,55.9104606258943,67.2409813201007,77.7263554951827,98.8045370915226,96.5852134871908
"144","AWY1","Ritzville",2021,74.9067164179104,0.280080631030042,0.253568364897006,1.8079569947316,0.167739883649244,0.0738140784304225,31.3758762548371,0.313526339810563,-0.0087721309228236,0.110809674989053,0.042363024222785,0.40585619089369,25.7715903849812,37.6314816739255,35.5878903110266,45.6537791810229,55.2432004189798,64.2301016344627,81.4725351323617,79.5829812245558
"15","AWY1","Ritzville",2021,47.6797888717836,0.244858648838593,0.218780928900338,1.66657038356273,0.173625537118034,0.0709603136908684,20.2927127880244,0.174453088836008,-0.0575939771069191,0.0779992021462619,0.0143492729846282,0.421919064382247,17.4933651208574,24.8314486516901,23.544046363323,27.4320767672308,33.7699999669702,38.9636039708705,51.0962162495131,45.406653811837
"16","AWY1","Ritzville",2021,74.0414189050646,0.20622605721736,0.189627221979963,1.52498617340419,0.165919458526546,0.0658193906420676,11.4381586406368,0.228135003719309,-0.0616717552014414,0.0802102369880568,0.0122305245770416,0.398545586177069,26.7446092817112,38.3429575118402,37.058847715709,40.344011251418,49.4244976329772,56.4151495051903,74.9372742100688,66.1744099690455
"17","AWY1","Ritzville",2021,77.6184971098266,0.225678409040999,0.208475932895273,1.59097328221317,0.167223519182817,0.067533407586173,15.9035110126463,0.26170210772564,-0.0607615949822673,0.0805729689036564,0.0220696905929264,0.402643182520024,26.0337735950961,38.5902033594349,37.2430887650638,42.2310321527524,51.6932124500559,59.2424955862507,78.6089763275858,69.4391664954823
"18","AWY1","Ritzville",2021,65.6020716443677,0.190423017441108,0.179180949219839,1.47532096898548,0.143371285871753,0.0571197042561559,13.7008525067372,0.186677575964144,-0.0447224878502018,0.0833744822430913,0.017083333738378,0.335415724087956,24.2812558869237,35.9009822185152,35.0942911695172,38.7488248101793,46.1199126544822,51.7327475670384,66.8553177884767,61.0608864449564
"19","AWY1","Ritzville",2021,82.0898927675108,0.229507371526669,0.212923930091599,1.60340433921898,0.165630304555903,0.0675721558651577,16.9132027517675,0.281466346205973,-0.0525282707047089,0.0866924038160874,0.0268821867744277,0.397765093121698,27.23547692504,40.4322569514704,39.0683856180465,44.7205674883372,54.5611842542914,62.5168557288874,82.6116585789447,74.2605976401188
"2","AWY1","Ritzville",2021,57.8787878787879,0.240676822036176,0.218576797881122,1.64590037438435,0.174351198684385,0.0687446930822627,18.781736857381,0.208144510860903,-0.0587601821660914,0.0790821536169943,0.0172125569594774,0.423601679310698,20.3786006881369,29.4880173181949,28.1658631920273,32.551446582514,40.3289926026013,46.3515396952791,61.0738229497964,54.088658646346
"20","AWY1","Ritzville",2021,64.6341463414634,0.222465509865593,0.201397152246784,1.58162112901512,0.16642269787198,0.0677787144231865,15.0624233351482,0.214803663745363,-0.0540960881645863,0.0811027880526343,0.0155294042045308,0.400181227604048,22.2581820414143,32.0374772807746,30.677784560402,34.5212397499901,42.1685727922234,48.3425398054013,63.3599710341412,56.7655078328382
"21","AWY1","Ritzville",2021,82.168458781362,0.254291300814494,0.23083947803232,1.69407658535153,0.17053039918163,0.0706471381509446,23.381273423272,0.312221134291651,-0.0462670963624778,0.0873273221410685,0.0335235677212364,0.412201107343274,28.6752048917004,41.6487824184149,39.6497582111523,47.5418597567041,58.2153711039696,67.1490492917398,87.6372471246815,79.6904540843365
"22","AWY1","Ritzville",2021,76.7422680412371,0.21430945699744,0.200497049572146,1.55349627286542,0.152433024598509,0.0619312843056903,17.4402474104421,0.245759666272283,-0.0349019423814045,0.0895431468719074,0.0260700157057776,0.360513831124387,27.7385621360624,40.6145798716298,39.4955580008397,45.0022286713713,54.0284277428377,61.1966981394687,78.4741833665019,73.0692856219049
"23","AWY1","Ritzville",2021,68.4221840068788,0.215707281060746,0.201163200019945,1.55823610403839,0.164935425946723,0.067432309203143,13.905035309207,0.220498326264177,-0.0374349923021146,0.0928616484777204,0.0171586895699388,0.395854430853864,23.5892773474551,34.153833807647,33.1548372909517,37.0056631093063,45.0827312822,51.646981457945,67.0176161838326,62.0204015556236
"24","AWY1","Ritzville",2021,50.550176056338,0.211281445316593,0.192880535387116,1.54646488248081,0.15481056198536,0.0626971775474994,16.4127407191017,0.159589358832214,-0.0281646274108201,0.090645595025186,0.0133991231242231,0.367460298968713,18.7559937911727,26.6949408928142,25.7092335388348,29.0538117641378,34.9963730541921,39.723925816292,50.3539879763881,47.4608300261201
"25","AWY1","Ritzville",2021,68.2350480970305,0.231666551391112,0.209359581671155,1.61506674232064,0.154047789132907,0.0625590738552594,21.845332506557,0.23620277785454,-0.0296829889637344,0.0857018602099138,0.0262195832367133,0.365116765150366,24.4283602818231,35.2523041879974,33.6664661348764,39.7701727947562,47.8607671155245,54.3279814711089,68.4395994275235,64.249959846809
"26","AWY1","Ritzville",2021,71.4253546498536,0.250243205254435,0.227641108455166,1.68632885070181,0.162383796397455,0.0663787284319562,24.1335208138274,0.267057168781418,-0.03167592436817,0.088977186116472,0.0314786764812177,0.389217535970072,24.2027676454793,35.3583983789657,33.7338028253871,40.9431332103229,49.7274540022596,56.9485998890996,72.4270157900391,67.5524135620284
"27","AWY1","Ritzville",2021,59.1649694501018,0.230756359883168,0.211669241550136,1.61368356746103,0.1706477791927,0.0706832991809471,16.4139275336488,0.203967166875361,-0.0426376978514965,0.0849639726649145,0.0163107634526411,0.412696667350543,20.2376996018404,29.1712113559133,28.0503910305446,31.9896111091479,39.1690167820605,45.1968991804893,58.35278017467,53.3266413072351
"28","AWY1","Ritzville",2021,77.6088929219601,0.207216196409386,0.187625413839361,1.52843926986161,0.161412936195097,0.0655749801190973,13.0809011910263,0.240265610320467,-0.0473595940915617,0.0839674166079078,0.0142326840440615,0.385508148942537,27.5920014294598,39.888945146186,38.3154793946692,42.2571626236556,51.3034671900624,58.5399566100515,76.1259924224398,69.1388729276556
"29","AWY1","Ritzville",2021,58.8408422005886,0.203482233618964,0.186719321512152,1.51755636848693,0.156695484471234,0.0640936246797101,13.5981849848142,0.178897283852679,-0.0484512309011462,0.0819013862420928,0.0124225850564111,0.372372813506513,21.1241610326538,30.9230520200039,29.884953200547,33.0586847270968,39.8639168652892,45.3538983243513,58.8632070864726,53.3007215214938
"3","AWY1","Ritzville",2021,52.2115147022486,0.200639589304823,0.188674164440678,1.50784090658597,0.173828905262981,0.0693661161020212,7.62215262405247,0.156500466708516,-0.064594778149161,0.0792116446421278,0.00522132542479143,0.421723716726697,18.4059112924504,26.3891475140688,25.7629375227502,27.3058052192311,33.7368249639886,38.7847759902806,51.7225842065125,45.3422517985574
"30","AWY1","Ritzville",2021,65.0573192239859,0.199813933793408,0.189471355169549,1.50497621164923,0.161680574197383,0.0663097364695989,10.2929082901438,0.194201006596779,-0.0515812206868937,0.0873699079598293,0.0126914688439983,0.386520409735135,22.1691054433237,32.7417151982606,32.0733693158605,34.7729015875528,42.1663536732359,48.1804616422617,63.6318465236437,57.3125965545161
"31","AWY1","Ritzville",2021,59.4395280235988,0.198037326631723,0.184745645689485,1.4999201553491,0.158006370757552,0.0642220496954252,10.9251568920881,0.175852116350711,-0.0623440501524932,0.0731211790129526,0.0112092787094315,0.376136854878017,20.4077502718182,30.0481683262769,29.2509714751946,31.8300061569298,38.4821310814168,43.7754272248694,57.4173715311038,50.6210623178178
"32","AWY1","Ritzville",2021,75.8588886326954,0.214529008211165,0.198757168744367,1.5528254783476,0.161363398355262,0.065343512665121,14.6448049260645,0.243141966517598,-0.0603339584678364,0.075841571586308,0.0198593176892274,0.385615269113463,26.2674369186329,38.6539944176597,37.4252331934241,41.8916993083167,50.8696660680169,58.0178497185909,76.1817848842581,67.440619903967
"33","AWY1","Ritzville",2021,51.0284463894967,0.210970884771544,0.188600552348656,1.54378263104422,0.159594674664429,0.0655114468249008,15.3905533209329,0.160871943978611,-0.0567878777689165,0.0713330167122659,0.0102426073419222,0.380930378428578,19.3335901216554,27.6662806846806,26.4261011900111,29.4961909572887,35.6913543785625,40.7388793361319,52.6395027004348,46.8814066150697
"34","AWY1","Ritzville",2021,51.7181759239248,0.207303552937764,0.190543057116149,1.5309122323925,0.155651774920213,0.0643242192755076,15.1135744876455,0.16020852465387,-0.0577569835494433,0.069598265682647,0.0127523089436788,0.369989728687682,19.0157851345436,27.8661086136562,26.9477634327343,30.0823463818162,36.1586468274337,41.1529007260625,53.0780986394556,47.1962315919484
"35","AWY1","Ritzville",2021,78.5324306617165,0.251821511737314,0.22578630733343,1.68714467486954,0.166482589024793,0.0680622857122661,22.8480476034091,0.295455136965992,-0.0555413974338709,0.0764052039567652,0.0316077736816204,0.400492659007946,26.0059998932781,38.4430834272693,36.4105214400769,43.7484697909936,53.3973534568546,61.2720252765017,79.7861139098794,71.1802993228192
"36","AWY1","Ritzville",2021,69.3906140555685,0.207770542894023,0.194705454699688,1.53054754021476,0.154696409062009,0.0630599606740484,14.9035293877003,0.215421378461246,-0.0471769965693592,0.0814152841758685,0.0196528870552455,0.366668902129275,24.5236796471568,36.153165541269,35.2066019146571,39.423904354445,47.4479449088305,53.8714293136148,69.6755969832849,63.2858567739133
"37","AWY1","Ritzville",2021,77.0152505446623,0.216098716784734,0.197825306237013,1.55837272604611,0.163835945161408,0.0667841853702217,14.6172818415467,0.248655461184427,-0.0427513999766632,0.0879810574991267,0.0182303182887873,0.392549284567916,27.3223124599422,39.4777151699339,38.0341237474702,42.5045922765149,51.7241008582747,59.1567479716245,76.8458946477268,70.4325877459002
"38","AWY1","Ritzville",2021,74.3523920653442,0.228791033789868,0.207600408912566,1.60626595795572,0.157685736441334,0.0640544796177319,20.3671737814086,0.254192461432218,-0.0280613089467005,0.0927027272824384,0.0255868504131855,0.375499538244712,26.906569945618,38.7756311176671,37.1297399455045,43.308036078464,52.3434477404951,59.6060518114216,75.8709842393657,71.4443593078375
"39","AWY1","Ritzville",2021,74.5979958051736,0.246406416810752,0.225895963510792,1.66956885535767,0.159190092859524,0.064758669887104,24.4050464614314,0.274670760934991,-0.0279391688531175,0.0901352864379166,0.0339288991720788,0.379823830744028,26.0174840480379,37.911496768001,36.3206377895848,43.9481461587192,53.2190650495268,60.7178327631113,76.8330145285907,72.3270850302574
"4","AWY1","Ritzville",2021,67.6065295738817,0.22135592072997,0.203364842919809,1.57708061259516,0.169772049410513,0.0677655641470404,14.4930185363928,0.223592345130517,-0.0588374584395047,0.0785305649352025,0.0155386312633012,0.409934373977493,24.0013002434892,34.4697006307002,33.2240426089974,37.1271966756373,45.6503059338652,52.3307786827772,68.8722162506666,61.0699632419979
"40","AWY1","Ritzville",2021,72.9392369288742,0.249063714361454,0.231124826716534,1.6803025643817,0.164903839001375,0.0681582434465843,22.4076456310708,0.271417341918372,-0.0390532913371531,0.081089307943316,0.0325264231692572,0.396194530287245,24.311350819335,35.3244811866473,34.0310712613678,40.9225110907386,49.7948384251122,57.1948738443272,72.7107977711013,66.8740460937832
"41","AWY1","Ritzville",2021,78.6116322701689,0.237481337057939,0.217083712909144,1.63621409340219,0.151730612791193,0.0633448675446663,24.1368277258998,0.278965453223239,-0.0350242365538125,0.0760754137567182,0.0355617395810599,0.358619169588411,27.7812624277231,40.3815870105752,38.6998944052623,46.621798970258,55.7672230466223,63.4129059940434,79.1410403077817,73.4985388886368
"42","AWY1","Ritzville",2021,80.1276408450704,0.250441353229045,0.230614018056659,1.68257721398357,0.151270385315276,0.0623239368037325,28.0332259781076,0.299891788917096,-0.0304087801960838,0.0811977988169612,0.0438367007833732,0.357460560404908,28.2010401957951,41.5200968468529,39.8268996170453,49.3583749122003,59.1054466716446,67.0797976608746,83.8120585734784,78.5851855347792
"43","AWY1","Ritzville",2021,87.1428571428571,0.273065359424899,0.250141442574448,1.76630400761184,0.168118580969396,0.0692527627250246,27.7087269267276,0.355544585623775,-0.0409506091303229,0.0813535577411937,0.047897556370874,0.405066756102981,28.8710333834183,42.1459497656541,40.1414154036406,50.3417630657472,61.5481758079204,70.8069097687401,90.4453967013832,83.0779918447992
"44","AWY1","Ritzville",2021,64.0189808128739,0.240060783460383,0.219119916061747,1.64810162111835,0.175464512488377,0.0715990231005865,17.2607099268325,0.229594014682081,-0.0417914642764366,0.0882614390376943,0.0185113332339909,0.426855782376759,21.6455156882936,31.084264380819,29.762822061643,34.2446543392522,42.2894890079762,48.8887732992704,63.4320685969143,58.1127415787159
"45","AWY1","Ritzville",2021,59.3435448577681,0.232618587530843,0.215196337463578,1.61730631225845,0.159665667625076,0.0653551651772992,20.6011696576165,0.20627761318445,-0.0446828078295294,0.0780650910440005,0.0227394910428674,0.381365068799046,20.9673754687834,30.6280762466298,29.5479847147834,34.6178530316895,41.9040206695019,47.8502979884477,61.1393175430354,55.6832148937678
"46","AWY1","Ritzville",2021,49.8933901918977,0.201092474607004,0.185684135022507,1.51086825776531,0.173742564198587,0.0694404958381332,7.22514717869683,0.149829749180776,-0.059368849918238,0.081305037579258,0.00386661502133408,0.421505913753719,16.0344572287933,23.0556780400531,22.3456966840994,23.7139417049135,29.2925080331099,33.6835182071702,44.6472729997242,39.559420788315
"47","AWY1","Ritzville",2021,71.9829424307036,0.22407130425879,0.203263946305726,1.58625860030432,0.156487195419133,0.0629507694632642,19.2801201821508,0.241011607159284,-0.0570951828751358,0.0678599411431582,0.0235489295546175,0.371961309590341,25.856899435615,37.6689352542563,36.0838011042815,41.6987487045098,50.3872927043201,57.2096816302579,73.4552099893466,65.3625890832385
"48","AWY1","Ritzville",2021,71.437754446111,0.240093681192216,0.213649286846518,1.64442307011425,0.164842688579543,0.0673541958853176,20.9075879623789,0.256265565174835,-0.0575654613022739,0.0710978479360642,0.0238261413311676,0.395895862345242,24.722086595808,36.1276079570141,34.1972595046712,40.2051892329375,48.9999718293243,56.1527022930905,72.6503162874664,64.552289125747
"49","AWY1","Ritzville",2021,75.5401387512389,0.232153718384302,0.213748259642761,1.61166073725327,0.165466816183926,0.0665273654354418,17.4253818133209,0.261980120904237,-0.0647948254527312,0.0726553690249554,0.0252843795837486,0.397201913608653,24.7562038783211,36.7502829755443,35.3748907595021,40.7089386470858,49.7613675488478,56.8946086468017,74.912317025242,65.7428905784345
"5","AWY1","Ritzville",2021,49.6297958267893,0.200911550414464,0.188670938743676,1.51085439491814,0.17092067630494,0.0694021489768929,8.69189855569473,0.148986245863495,-0.0566838595515812,0.0820850094266602,0.00593843152136174,0.413639614934163,18.4123562508451,26.1431491856602,25.5145997219176,27.20478829605,33.4062720669597,38.4005449050453,50.7073051900348,45.1669457781288
"50","AWY1","Ritzville",2021,61.6923718215923,0.211843227572912,0.190396696998196,1.54442293250651,0.160039272046228,0.0637611249642737,14.9223145459951,0.195267268216763,-0.0601690387200326,0.0696843778870196,0.0131313743910031,0.381927487002704,22.1882413606213,32.2365063708362,30.8525600861014,34.4506198979313,41.8576957896788,47.5827640904486,61.6907097761714,54.5983398160159
"51","AWY1","Ritzville",2021,66.6039707419018,0.236141168663893,0.21474982660378,1.63236175611432,0.166213547803273,0.0670931185291724,18.9532973187654,0.234968353307807,-0.0519009075251679,0.0777404869014914,0.0218455832427105,0.400016448949032,22.1255029640447,32.5899180819627,31.1842228183868,36.3447976215122,44.4353044817114,50.9190775047688,65.9366241776167,59.1536507272586
"52","AWY1","Ritzville",2021,75.5338078291815,0.242924462257015,0.220022010777256,1.65521096107271,0.161418232179633,0.065352235989667,22.8447221422132,0.274179153142355,-0.0422409623917888,0.0799368458779835,0.0302281767523996,0.386084626192554,26.5478048343136,38.4773486724997,36.6755073685613,43.7764284220111,53.1996584773504,60.7477203122707,77.5642903281183,71.0097137686829
"53","AWY1","Ritzville",2021,81.3669489856214,0.266673219723952,0.243599623186837,1.74226978846013,0.171177696594299,0.0705936036091236,26.1484785965854,0.324236734501851,-0.0433693583140952,0.0822561679366529,0.0394789950048288,0.414124771428908,28.5229199622961,40.8009023945163,38.8695332967308,47.7626761375614,58.5825959373372,67.5571514188923,86.8405590656103,79.4135655627732
"54","AWY1","Ritzville",2021,62.9971876255524,0.222773821583487,0.210285633183967,1.58278206246905,0.157189254073487,0.0645449820680331,17.7752500619611,0.209682352394177,-0.0357169945472343,0.0842277522193333,0.0232495566974143,0.373970787863103,21.6108690161365,31.6021822087059,30.8131279335592,35.4926808045354,42.7980995641068,48.7530507910587,61.9685732882249,57.5422187811363
"55","AWY1","Ritzville",2021,74.1834170854271,0.248466021088801,0.227806275667329,1.67765181343013,0.155872827441007,0.0645257615415953,25.8439656531596,0.275428858505242,-0.034846680771869,0.0794920203068475,0.0364551086791861,0.370617197895943,25.6957782869123,37.6935512874739,36.113514442555,44.1962518473208,53.1816960985741,60.6405347090827,76.153276511761,70.7153142751689
"56","AWY1","Ritzville",2021,86.6414618777568,0.271693765053024,0.249212874091078,1.76654053291772,0.162481714820606,0.0674572204971021,29.0547580534761,0.351737963904792,-0.0385100374927407,0.0790641850872153,0.0504031794722468,0.389361605271532,29.0345287525075,42.3552992223389,40.3924180935304,51.1338028501899,62.0133694306487,71.1110593421681,89.955216702019,82.9747437222702
"57","AWY1","Ritzville",2021,57.7744231183955,0.250430992648483,0.230968403254766,1.68813076492401,0.167740430248232,0.0703699931541461,22.1233110263471,0.216170687191856,-0.0421453776011067,0.0801306564172436,0.0244015238169876,0.4045691236119,19.5782883901122,28.3184873442576,27.2120766055898,32.5805854565648,39.6770984135017,45.7628046172057,58.4060826779743,53.4424089691095
"58","AWY1","Ritzville",2021,69.7062691801841,0.246619383516114,0.225344505148434,1.66969902884381,0.152701234196837,0.0634937859981545,26.3086311847572,0.25688856458233,-0.0379970528430227,0.077922173106859,0.0348926503686377,0.361569437070892,24.3187641331068,35.8323737011311,34.2795336109052,41.9936763225846,50.3031868463557,57.21572167114,72.0849769503307,66.5697407787508
"59","AWY1","Ritzville",2021,58.9901759195796,0.221008275305555,0.206452660004719,1.57698007812974,0.16036152629491,0.0666711433013213,16.4777448574608,0.194783773205581,-0.0439410031173149,0.0773222026522376,0.018838259120473,0.383004283836875,20.3203909352921,29.5318839098874,28.6635834108872,32.6644346695756,39.4927549819055,45.1846073176337,57.5964351862974,52.5815681542942
"6","AWY1","Ritzville",2021,48.6751280338455,0.206118994113091,0.184817692037522,1.5284718350997,0.159185355293028,0.0637445782029876,13.8936281807819,0.149909776174509,-0.0520537943475602,0.075778432054542,0.00859677391873996,0.379490067684397,18.207845190598,25.8971140815368,24.80321939329,27.4309437090827,33.2700512087013,37.8291917450356,48.8498461671534,43.9051436392642
"60","AWY1","Ritzville",2021,82.4485373781148,0.253868321987427,0.233259792243496,1.69569344662032,0.159237409498645,0.0651624281551054,26.0190719089618,0.31277540062837,-0.0367671739542551,0.086226185035244,0.0417015028506421,0.380107441226644,28.8194446398176,42.0547084379764,40.2951593494513,49.3094672746321,59.664495673022,68.0662199429942,87.0461297461518,80.670599455816
"61","AWY1","Ritzville",2021,82.9615048118985,0.253243744261855,0.230681146662149,1.69098176669311,0.159832881599891,0.0649406531749854,26.0893698804075,0.313950998440797,-0.0455029671186407,0.0770423768593157,0.0403000445137499,0.381640646244397,29.3718947473762,42.4919005563906,40.5284913886482,49.5565818692372,60.0611463012357,68.4837173006542,87.4844573902798,79.6481395680935
"62","AWY1","Ritzville",2021,82.4880977023391,0.236021325130192,0.215772168601822,1.62555605233565,0.160861318414965,0.0648076107769064,20.5715995436152,0.290892352936249,-0.0530577482959755,0.0771153752983322,0.0315426798702423,0.384286809434279,28.5825402713064,41.8798499453662,40.1611425462801,47.0836238867761,57.1810261221647,65.1437302094152,84.511918405962,75.8885670082548
"63","AWY1","Ritzville",2021,62.6362327781205,0.240693579473229,0.221451569595988,1.64774936397148,0.170669941855767,0.0693319135109689,18.6016069420765,0.225223537557483,-0.0656142365087792,0.0663641245363495,0.0214559048612433,0.413140025529077,20.5786777878588,30.1554552735096,28.9774377831092,33.7741313245627,41.4665855229217,47.7223766228766,62.109172918449,54.2525841751257
"64","AWY1","Ritzville",2021,63.6324417601381,0.224745060079298,0.201055007473317,1.59006411986195,0.162429420668887,0.0655959966492519,18.2645447564743,0.213701518259561,-0.0601739366156461,0.0688767045409395,0.0169821662834485,0.389232502708532,23.6240832682753,33.8462824111271,32.2366564957689,36.8566814962519,44.8438875299646,51.2090155876782,66.2604346895059,58.5954237148283
"65","AWY1","Ritzville",2021,80.4918032786885,0.24796335119108,0.224926367765794,1.67001223196967,0.159552602579828,0.0633705983919433,25.1594234119229,0.298263703416185,-0.0769392177138407,0.0692736351513461,0.0363503173153617,0.380851886758685,28.5906797909352,42.0892073340856,40.1195113698258,48.4852590738371,58.8961716874797,66.9255624437005,89.6385179730234,76.6832309151647
"66","AWY1","Ritzville",2021,83.3258928571429,0.23332134950075,0.214477310492897,1.61918191908791,0.155682109180895,0.0610919116747414,21.2467074835678,0.290490340807818,-0.0698755435225249,0.0741157786674714,0.0341121894654333,0.369713933987245,28.60289186707,42.2846280576369,40.6636483002088,47.9815178312063,58.1050533292463,65.7213318099661,87.6712291363088,76.0570570585203
"67","AWY1","Ritzville",2021,51.6062602965404,0.210651926219249,0.195678352160031,1.54281454808371,0.172604357321617,0.0695959694756592,10.1873694229179,0.162375793562865,-0.0727830872234144,0.0780390279387061,0.00801940344777671,0.418431749299715,17.3499402355487,24.7936849966961,24.0568118182705,26.1328717517824,32.1832621779054,37.0263084918039,50.0802084517155,43.1655640299036
"68","AWY1","Ritzville",2021,77.4115578993628,0.257508628212034,0.233384197298065,1.71238415695303,0.167966053020348,0.0683630684635823,24.7720786805837,0.297858545070061,-0.0597349355378722,0.0794565723043906,0.0339300565811395,0.405295623911786,26.9283451495042,38.72852801752,36.8258756630445,44.8092147013364,54.832732586176,63.0143719357871,83.1255527753776,73.454053380822
"69","AWY1","Ritzville",2021,61.1775121735281,0.227731790790615,0.206016868250973,1.60518316523135,0.160050869043581,0.0667152337688779,20.0209449239409,0.208202036206712,-0.0561751331305162,0.0770273557849487,0.0192739886796879,0.382654809285916,23.4017576905412,32.9938654509212,31.5668474782095,36.5420245023325,44.1178365126639,50.4887227563936,65.8456918174195,58.665644002222
"7","AWY1","Ritzville",2021,37.5977256574271,0.193551887349598,0.179555541651833,1.48662142080633,0.169525262677639,0.0678571701219679,6.70392309162541,0.108696936087269,-0.0514913334013742,0.0860607288511934,0.00243915594095145,0.409110194512471,12.9818686321559,18.488576933434,17.9725013686787,18.9200943525577,23.2457152385408,26.6453859525249,35.0933262815977,31.6034606665731
"70","AWY1","Ritzville",2021,73.8233397807866,0.246366545428323,0.225231271781714,1.6701985755448,0.168271524019041,0.070069941164391,21.1862673464081,0.271735802538472,-0.0610016191594253,0.0779684080313029,0.0283420642544757,0.406335184240717,25.3184778358929,36.4315669517223,34.8808902390494,41.3455944382416,50.442143052208,58.148641474221,76.7035132655566,67.6120923879234
"71","AWY1","Ritzville",2021,79.5147679324894,0.270615976258873,0.242755769996388,1.76352907146506,0.16166279539039,0.0671550241810002,29.4720294971646,0.321521865875614,-0.0567913597865088,0.0769150918536085,0.0433221826377845,0.387012714759091,26.8934595475355,39.3126891924119,37.0786992238581,46.9572618274373,56.8776259457126,65.1969519271764,85.1170565877312,75.6389841596584
"72","AWY1","Ritzville",2021,71.8940137389598,0.242909166913552,0.219451030356942,1.65664295296269,0.160802267577963,0.0665696255581935,21.4125038761027,0.260887793542305,-0.0569375205517748,0.076851819531713,0.028857111567571,0.384309708007531,24.2571610230075,34.9366533957242,33.279411155721,39.5934850393293,47.91570533485,54.8003244136121,71.6056961727214,63.7673583016572
"73","AWY1","Ritzville",2021,80.8150470219436,0.254428085174192,0.234070643537003,1.6963293527681,0.157129664454104,0.0656330625257351,26.3426973694739,0.307236340233405,-0.0668087025044671,0.0792012332892031,0.0426844282983679,0.373969489233917,27.6930915101791,40.5561001530506,38.8757849252369,47.8493241472766,57.5756267504497,65.738062123469,87.9930499918749,76.8075130223816
"74","AWY1","Ritzville",2021,72.5523728088927,0.249990655304394,0.228622754868933,1.68277700023181,0.161980952152677,0.0679920851784799,24.2342358363889,0.271004631040519,-0.0700022137241221,0.0799535097833307,0.0327350867803361,0.387825956589865,24.7274861389416,36.0852634298241,34.5154671423351,41.8849775678623,50.6636488358697,58.1758612247423,78.3582885393938,67.8023575116282
"75","AWY1","Ritzville",2021,73.8286196707472,0.247809112003272,0.229916082909646,1.67034368380692,0.161575439915218,0.0669088406839396,22.7632779416614,0.273345565927503,-0.0727479278649437,0.0802492673661493,0.0345372336610978,0.386295938734035,24.6592293860211,36.0830379542065,34.7625123310198,41.8060916142824,50.6465911147189,57.975001415866,78.7358424457333,67.9017448967466
"76","AWY1","Ritzville",2021,73.0082987551867,0.256955053400455,0.232767310586952,1.70670050043667,0.165612596910141,0.0688885320063419,25.125146496744,0.28031243404696,-0.074936969276294,0.0778436541154195,0.0332335121832036,0.398353813998482,25.3845410220875,36.7768274388342,34.9714631228198,42.5795359859043,51.7796316965748,59.4976450321969,80.7388935444339,69.2975314758185
"77","AWY1","Ritzville",2021,74.4171259008054,0.273486212739663,0.251116396548017,1.77380610881208,0.167440368778701,0.0692904629541271,29.4432792015532,0.304143513963865,-0.0746767546986811,0.0772570963548348,0.0414132862611751,0.404024311633248,25.742780123222,37.4365894231831,35.7089513236619,45.0531861772736,55.0056463738851,63.3582950502858,85.822855453637,73.5090109011602
"78","AWY1","Ritzville",2021,74.6481831547994,0.262417013754394,0.235184947251936,1.73093080611373,0.163896130853597,0.0659752315092004,27.1217799614764,0.292699848765154,-0.0758667331449281,0.0797990033039761,0.0356888661017102,0.393439293254856,25.5582206347862,36.9771919741432,34.8996534805658,43.3485544927345,52.8960669264914,60.5268394537979,82.5716371720733,70.5608945093206
"79","AWY1","Ritzville",2021,60.2516814927316,0.238941482429479,0.219740778624471,1.64284093677185,0.170423382344868,0.0688587719768801,18.5832786129199,0.215090872041796,-0.0832473385126515,0.0791091147940905,0.0199909358022742,0.412321699869936,20.609431251078,29.7478252086078,28.594405896724,33.1957909386578,40.7782882833034,46.8774513047915,64.8876487557414,54.6898580495999
"8","AWY1","Ritzville",2021,47.3414179104478,0.212252823133692,0.193201967514436,1.54825596174613,0.172239747750121,0.0695510945093826,11.1907790353627,0.150109137478989,-0.0396465388586493,0.0925201592423947,0.00659970447632034,0.4170919538405,16.7311440313796,23.5978798402694,22.6977027255843,24.7459377318166,30.4684018691263,35.0557962046121,45.6682846106274,42.0665027859754
"80","AWY1","Ritzville",2021,73.6898167873882,0.257915483453806,0.234176065014759,1.71274491145411,0.173671150655165,0.0689746986231523,22.8716313493767,0.283968911122502,-0.0940809935483495,0.0743085427483156,0.0296034773770971,0.421715072149788,24.827797536914,36.0278750329074,34.2660223101312,41.2381098023037,51.0252267496626,58.706024751184,82.2447724888128,67.7950575710282
"81","AWY1","Ritzville",2021,66.2444585180494,0.253859935402343,0.231505466477589,1.69892735878292,0.163366008748878,0.0647329875922606,25.2848531107502,0.251286661645224,-0.0838797247233124,0.0880550209817237,0.03047755805869,0.392639668602992,22.5546581322817,33.2666610089446,31.7527677043616,38.7863173629309,47.3615164453461,54.0621114672508,76.207065487217,64.0614874674185
"82","AWY1","Ritzville",2021,79.0368852459016,0.264398436299946,0.242038274863227,1.73427134439827,0.157443729147108,0.062411630813734,28.4517274284168,0.312237554401159,-0.0915007339441135,0.0762048940169294,0.0455315934239019,0.374853025144801,25.796563906626,38.6629498339917,36.8840272129202,46.4319907470638,56.2879436768853,63.8791605623434,89.3361276108609,74.1167778676714
"83","AWY1","Ritzville",2021,65.4622527250706,0.237994721610425,0.223775561056143,1.63959326028372,0.154891514534658,0.0625395076247054,22.4343774696825,0.232791031558958,-0.0894330952373162,0.0745328519587155,0.0310571112993812,0.36814520142317,22.1390592306697,32.93690659756,32.0001508076948,38.2436233645962,46.0883473173166,52.3203906145269,72.6041153766981,60.4603449783502
"84","AWY1","Ritzville",2021,79.2675483214649,0.27911522783392,0.255774594233943,1.7958628552033,0.166078606330376,0.068676209206723,30.9248363581838,0.330622602579058,-0.0858705442167808,0.0770949905261241,0.04729001691534,0.400035101376857,26.7650041668544,39.3196926733154,37.4246929173729,47.9292821108953,58.4131410600503,67.1759011718026,93.0064414311471,77.9318121067925
"85","AWY1","Ritzville",2021,61.203941730934,0.242753485236836,0.224928964228722,1.65809260769728,0.172248634392446,0.0715877386170513,18.6039844159632,0.221960495233843,-0.0826456371013258,0.0851481404662395,0.021591917664737,0.417897005181866,20.6279833325894,29.7849799493086,28.7393570284803,33.4567623169115,40.9867295072219,47.3519864448881,66.2130414008014,55.9113983854005
"86","AWY1","Ritzville",2021,80.9637508139787,0.259807926197028,0.233877300036885,1.72153258609886,0.161660585231759,0.0672975957122839,27.244992514425,0.314320931930783,-0.0700651372642949,0.0883493015900612,0.039389286958462,0.387040260012913,28.3000617072727,40.8150534859782,38.6619149046558,47.8872526829238,58.0008889384236,66.5153497995686,91.2404287627419,78.9078544597789
"87","AWY1","Ritzville",2021,83.6734693877551,0.26934108550177,0.246855338988297,1.75572981103265,0.159042710334682,0.0664081913711858,30.5213256927081,0.336785661355184,-0.0706521560358515,0.085599452681519,0.0496763334964699,0.379552108921473,28.9496966803203,42.434264590661,40.4800636490614,51.3885944483137,61.9818412507311,70.9141696096259,96.8238446901759,83.7181311513122
"88","AWY1","Ritzville",2021,78.6176654833995,0.256787719997814,0.232663026424889,1.70951629151159,0.159629199054084,0.0666480349169623,26.6888612558545,0.301655774606224,-0.0746199734236794,0.0801283650265404,0.0389945012785217,0.38137251720227,27.3003661395317,39.5491163566814,37.6130687314681,46.4045315116649,56.0064705389186,64.1047330872337,87.2493078071228,74.8718860417723
"89","AWY1","Ritzville",2021,83.4989200863931,0.273677245267437,0.247029565299513,1.77145313309107,0.164707581603403,0.0693766563864643,29.4273765438118,0.341454277831112,-0.0824683569799771,0.0754621330666051,0.0461385287567054,0.395454375235922,28.4005571160836,41.1017886716445,38.843105156926,49.2048091580642,59.7007490134488,68.698581373898,94.1820710580977,79.5477479367422
"9","AWY1","Ritzville",2021,57.4386036127461,0.231306409899731,0.213315124695061,1.61643395347206,0.166042518595535,0.0673594112727324,17.473790398439,0.198489785836904,-0.0338735736492813,0.0953837318497392,0.0184452243762934,0.399680470428987,19.7289075564279,28.5701565294231,27.5462716009342,31.6572821294733,38.6420090718063,44.2584230437353,57.3268544049015,53.3959746082778
"90","AWY1","Ritzville",2021,80.9049577830699,0.256927990280398,0.239744540753856,1.7072728339696,0.166484126476421,0.0693041618967884,22.9344342499498,0.310532378508856,-0.0826938632320264,0.0847080516918926,0.0398943788036204,0.400548179100685,25.6719831830051,37.9101185638227,36.5777308875191,44.4424223850268,54.1264255912732,62.2688467177181,87.0287507766351,73.5138588724108
"91","AWY1","Ritzville",2021,81.8600570300504,0.223204759460353,0.207800948621181,1.58037157770484,0.148547749294927,0.0619242618342553,20.6982011511889,0.273021093646647,-0.0843490905976191,0.0736065242678741,0.0345222347103569,0.349505873215501,29.1070291801564,42.4876680988076,41.157821896946,48.1799668989674,57.3889938252016,64.9945856302516,89.1549939317629,75.2028981030568
"92","AWY1","Ritzville",2021,84.0724547158026,0.278751331196682,0.258481902990745,1.789758905436,0.167684507559778,0.0700649277229876,28.7186840603,0.350150767002032,-0.0899904877552967,0.0780752521331027,0.0509356143095566,0.404250121438298,26.7885005803441,39.9457243190409,38.2634891624168,48.6068182135454,59.2700603319302,68.2965795590311,95.6143504856282,79.6099034441133
"93","AWY1","Ritzville",2021,69.8896690070211,0.254399868254382,0.234925671788041,1.69742538989663,0.165461790271147,0.0686644471607548,23.4261559587427,0.265641851177417,-0.0926550197899206,0.074341845223965,0.0328467739034967,0.39782211993964,23.24624844243,33.9774476353783,32.6337505447765,39.5086171312941,48.0613262809703,55.2024323455177,77.1543666653508,63.8889331807454
"94","AWY1","Ritzville",2021,58.1890812250333,0.224885974263118,0.214391036339767,1.59065470094876,0.155773205752897,0.0645853319344315,19.2014742170417,0.195543609582969,-0.0927141627784842,0.0709403488938564,0.0237878262226562,0.37081763899144,20.6860724364198,30.0629173660734,29.4309471120385,34.1634342653973,41.0744307721225,46.8074616088425,64.9311570418555,53.7269235615789
"95","AWY1","Ritzville",2021,83.5842743621916,0.259414523864444,0.240765857715225,1.71249088668724,0.159412898650244,0.0643675426074255,26.3378158058066,0.323972420437649,-0.0947732028118957,0.0732132825683422,0.0464749050184511,0.380141686255842,27.4673953365579,40.7811624283844,39.2133029668944,48.5534318827153,58.8651912155192,67.0348815550716,93.8724734256959,77.4448562014774
"96","AWY1","Ritzville",2021,76.0869565217391,0.262318112155531,0.244336611200032,1.72583308679941,0.162308858835558,0.0655038917148941,27.0051459754507,0.298246708421681,-0.0963568800937297,0.0729219947638744,0.0423238530966238,0.38891969510775,25.8508328881378,38.0388768143974,36.6391453864807,45.3934806795962,55.2283844896315,63.0450530544059,88.5137832326393,72.7511049425292
"97","AWY1","Ritzville",2021,73.0248071711486,0.276919282455669,0.256974101301663,1.79391474272392,0.169482310009379,0.068223666850207,27.7207152888511,0.302127288456412,-0.0937130547820917,0.0689109348548814,0.0419841423289427,0.410782028100688,23.3779703097379,34.1443064611137,32.7432472512095,41.498388905964,50.965458650824,58.6191834458359,81.0756380616697,66.7565028574755
"98","AWY1","Ritzville",2021,79.5542833776324,0.271512481794044,0.245183465780203,1.77405398754225,0.15929224232583,0.06458101011588,31.4297808863489,0.322792593528934,-0.0817704300772095,0.0750317668006677,0.0455814062605412,0.3810400278417,27.8351868862684,40.3028004552834,38.1360986654113,48.8314231832297,59.1789485122793,67.5618416939189,92.3463528157551,77.8931188434851
"99","AWY1","Ritzville",2021,80.6485355648535,0.28680795719637,0.259303876023287,1.83166550883308,0.164991664073856,0.0682163039765398,33.6833462570916,0.345664995094577,-0.0868859957433979,0.073340217034089,0.0501949403365993,0.396966885202184,27.6624532592718,40.2116765001273,37.9336184326203,49.6287198500972,60.3852398691966,69.4208857977018,95.5033219372207,79.7324425490966
