"Plot_ID","Trial","Loc","Year","%Can.Cover_159-V2","NDVI_159-V2","GNDVI_159-V2","SR_159-V2","NDRE1_159-V2","NDRE2_159-V2","TCARI_159-V2","SAVI_159-V2","NWI1_159-V2","NWI2_159-V2","MTVI_159-V2","ChlRE_159-V2","BLU_159-V2","GRN_159-V2","RED_159-V2","RE1_159-V2","RE2_159-V2","NIR_159-V2","900_159-V2","975_159-V2"
"1","SWW_DH_SP","Spillman",2021,82.7632163482896,0.337879933318898,0.307702485919226,2.03522682488046,0.196101323135278,0.0781712389191496,35.1345596299335,0.41780592195663,-0.0489613593344041,0.0820737007118117,0.0586242551405655,0.489327390746012,25.2148340275049,36.9206522219988,34.5446365329206,47.0797043251275,59.8969149178329,70.1074084566554,91.1534057997206,82.4742008847558
"10","SWW_DH_SP","Spillman",2021,84.4214876033058,0.350760733530837,0.320811741760479,2.09854744288022,0.213346659667133,0.0829265714435436,32.4359747096892,0.442356762549515,-0.054458467842735,0.0853973741116911,0.0559805535354785,0.543531027895222,24.2282971694485,35.527277144807,33.2348716918388,45.0223497181509,58.8390472585012,69.5861168254389,92.0894670729066,82.3124911805783
"100","SWW_DH_SP","Spillman",2021,88.2886972310486,0.368205388154496,0.333017355437814,2.19032075401411,0.203094262870393,0.0798599169021463,40.4976755868175,0.485729594250794,-0.051138111215116,0.083284856195504,0.0706657430379889,0.511242362215547,25.630281298002,38.3565687940326,35.3982208146103,51.1660047899642,65.8540798361273,77.3890371530801,101.249991096398,91.1423654848179
"101","SWW_DH_SP","Spillman",2021,81.7180616740088,0.29071656488599,0.264563796986656,1.83784555981129,0.190307835536174,0.0729274545196197,24.3979957004151,0.354850001818375,-0.0460957495469463,0.0928089639998619,0.0394479072141391,0.472070671338423,24.4823237205475,35.8628807275736,33.9001379251732,42.2064131719298,53.6689946288576,62.2402602589423,82.0744619371024,74.6444149501626
"102","SWW_DH_SP","Spillman",2021,85.0786516853933,0.318027894683481,0.290385309791133,1.94458785952953,0.205182767677793,0.0800249766901395,26.0443435546987,0.404104833519843,-0.054388746397733,0.0904539732748743,0.0461255457291579,0.517624646142243,24.1641688530571,35.2401228739437,33.1611166518339,42.4452251746844,54.8619783887792,64.4937863328206,86.1265688729209,77.0980090131376
"103","SWW_DH_SP","Spillman",2021,88.6669763121226,0.315305242947982,0.286726305012495,1.93791869260927,0.196934165179513,0.0768805265165477,27.8530338420332,0.417576709126525,-0.0520991573563176,0.0904866488010859,0.0510275401483161,0.492594297998944,25.4266922133904,37.5977229143533,35.3182804536395,45.7352812873303,58.4890786235751,68.3588664374539,90.7988942559014,81.6348015668678
"104","SWW_DH_SP","Spillman",2021,86.828340466001,0.341878103705797,0.307273215594605,2.05356125917372,0.205792740156618,0.0817502892569812,31.5853245087103,0.443378337312661,-0.0560886627492585,0.0855600775419738,0.0553197851540661,0.519573422731339,24.5954092950702,35.8865136877693,33.2163756146639,44.8503371391536,57.8397459135089,68.2355967533323,90.5359289217619,80.7533741047778
"105","SWW_DH_SP","Spillman",2021,74.5738636363636,0.275259349784958,0.244002335250202,1.77269399222747,0.189154425727528,0.0729799046458805,20.6814797012899,0.306538891578157,-0.0405947021923585,0.0986303297190021,0.0269341009634541,0.46786546774581,22.0729700888849,32.1308142176167,30.0636433321934,36.2680155617967,45.9751850547156,53.2773274870266,70.3396042976346,64.7306670076605
"106","SWW_DH_SP","Spillman",2021,80.4640371229698,0.259925180837439,0.236848967224328,1.71184687749652,0.180392353890749,0.0694151863967802,19.3962295266491,0.312364788575608,-0.0382181311625319,0.101467290378181,0.0306799233680423,0.441863967574756,24.3197630290086,35.8449968695359,34.134070649934,40.475194793475,50.7459928829675,58.3839747722918,77.140427394951,71.3987750775333
"107","SWW_DH_SP","Spillman",2021,85.6589147286822,0.273687734930756,0.251555194713388,1.76389450064699,0.178933555439011,0.0682297215772456,22.780651415552,0.350157056704457,-0.0404234134768009,0.0974117871984354,0.0416333341130776,0.436985608869991,25.5202164757143,37.8702641879415,36.1216988967984,44.2405370253036,55.4329199146694,63.6166405298836,83.7991881394381,77.1887535153589
"108","SWW_DH_SP","Spillman",2021,87.4093264248705,0.274802920315436,0.250306302979722,1.77145575988472,0.181227072960588,0.0680059656558689,22.358867577807,0.358750552580787,-0.035641048318203,0.101807691761378,0.040197732290207,0.444408309442796,25.9061431206863,38.2790538740469,36.3288348791577,44.4047399651764,55.9474922781296,64.2134126900326,84.4724038957902,78.5448852619749
"109","SWW_DH_SP","Spillman",2021,91.5778792491121,0.29113831092285,0.266552929052806,1.83475040999704,0.184807870538972,0.0697836485096505,25.4300004156819,0.398230888124671,-0.0362422092370661,0.100894438465381,0.0492577759190298,0.454738769383747,26.8231954334066,39.9086168718283,37.8444961396375,47.6274247350434,60.2096688422954,69.324014085164,91.1968453994869,84.6909875815109
"11","SWW_DH_SP","Spillman",2021,82.6330532212885,0.359808798873582,0.324241485277049,2.143206898322,0.220243282423294,0.086530972108682,32.6975547170304,0.444129980714744,-0.0717236691921009,0.0671070479739475,0.0525116478271909,0.565925212842462,23.5491204194065,34.1516594785237,31.5217165401945,43.0638741497256,56.703561480361,67.5576366172841,89.2083145560384,77.0071107042731
"110","SWW_DH_SP","Spillman",2021,91.1077993045206,0.327251025437635,0.298175634692317,1.98751943740183,0.1964297434632,0.0756865185848231,31.017645972957,0.445358622734931,-0.0506644592864935,0.0882538492525347,0.0590280634066145,0.489837645331634,25.9904415209826,38.7018233115615,36.2946049494653,48.3969658428751,61.9216986689746,72.1420279320697,95.2184062999804,85.8939598618084
"111","SWW_DH_SP","Spillman",2021,92.3707117255504,0.314050935414206,0.287089988537595,1.92595986651185,0.198806176179854,0.0768852964182081,27.9860106647507,0.433348331513716,-0.049857569220622,0.0902684583853092,0.0524458626020088,0.497478693768907,27.9414723286735,40.6009142194014,38.2770802259426,49.1481785645682,63.0474954168697,73.6060850569601,97.3981326637102,88.0469374961848
"112","SWW_DH_SP","Spillman",2021,87.192118226601,0.288351316733937,0.263221345655289,1.82161602847615,0.187987200075125,0.0711446870644259,24.4740494305833,0.375553478623478,-0.0401388021555378,0.0976700682383417,0.0431628050159721,0.464085295671806,26.1838303805214,38.8308586949739,36.784019442549,45.6523973405396,57.9382633733126,66.8737727037079,88.1087895142997,81.2001375626512
"113","SWW_DH_SP","Spillman",2021,95.3663793103448,0.336502022369894,0.307245856849479,2.03642956408816,0.199979055749805,0.0771797562716958,33.084184793252,0.479431092913273,-0.0474758432200797,0.0919807290221074,0.0643386585116575,0.50159890560439,27.9103518275322,41.6214340325106,39.0094850642477,52.6036957339271,67.6360347549275,79.0748372364551,104.48655265751,94.8293721587164
"114","SWW_DH_SP","Spillman",2021,96.1538461538462,0.336289657588302,0.306376262290049,2.02677935946094,0.191282564716979,0.0736154567936365,37.0839278831693,0.483182176016295,-0.0451148889602374,0.0872896897419067,0.0706302650241274,0.474279309167515,29.662169539052,44.2920984382386,41.4409987550495,56.8533378681841,72.2860680152321,83.8700348668843,109.27354900376,99.6916505858683
"115","SWW_DH_SP","Spillman",2021,92.4916573971079,0.318884601887388,0.289349598425218,1.95617578261873,0.187392779162287,0.0712857729466793,33.1960419954976,0.440678848247854,-0.0434278603839465,0.0887259532179732,0.0607422651119558,0.462661377092011,28.3999123497198,42.4404666265163,39.7807501490104,52.9134510720352,67.0814471489099,77.4964520010981,100.906077282016,92.3339052060531
"116","SWW_DH_SP","Spillman",2021,82.521645021645,0.280166433810959,0.255018449442565,1.79515419475708,0.178369057341956,0.0666345322572639,26.3052316550617,0.345427205301473,-0.0363985238654566,0.0949598816632496,0.0419545345152358,0.435567674119534,26.4370412348007,39.2441000723034,37.1863238823324,46.2545556377908,58.1007465133576,66.4867680222429,86.4832279093117,80.2499445282863
"117","SWW_DH_SP","Spillman",2021,71.1303462321792,0.307031513095623,0.274905841169326,1.92203469951921,0.185773600552968,0.0707797812931314,31.5317629768555,0.326326243253823,-0.0426590012305835,0.0848027897800804,0.0404916083904591,0.457929074930282,22.7359004196265,33.5801062065544,31.2997011870722,40.8517137067338,51.7092721288097,59.7288718602483,77.106407505052,70.5077561584457
"118","SWW_DH_SP","Spillman",2021,86.3448275862069,0.328121397640436,0.295159024036632,1.99934492399134,0.194720541935379,0.0748266852536887,34.1221790798532,0.423326660489722,-0.0458608879034493,0.0884263031166062,0.0550897785078816,0.485165417510222,26.7816841390598,39.7052710239365,36.9132739482967,49.4794510467473,63.248114132205,73.5993645324301,96.233769988867,87.5481024983461
"119","SWW_DH_SP","Spillman",2021,90.4593639575972,0.330157646296803,0.29722307450661,2.00275197134315,0.196334092303904,0.0761196398691074,34.0064213110058,0.446242020433278,-0.0403745373117119,0.094182191010546,0.0580944735236759,0.490023374587195,28.0386897549694,41.4326016857397,38.5286713479206,51.598046018172,65.9804107976246,76.9509098409512,100.694679745492,92.701243099488
"12","SWW_DH_SP","Spillman",2021,88.869715271786,0.375173331185669,0.340493985495352,2.22538087810067,0.21599504319352,0.0846881858908191,38.1557778365739,0.498135950718648,-0.061006560100241,0.0764466654587376,0.0669988725119548,0.552024023245747,25.1909420663211,37.3161924725281,34.4649563585856,49.3660005621961,64.6522212889039,76.7446636086634,101.059241884921,89.1042626563518
"120","SWW_DH_SP","Spillman",2021,90.6322104291647,0.33141595882342,0.299358863617053,2.00365701872196,0.201568512895704,0.0781428846203053,32.594593957308,0.448773846712496,-0.0422979020710433,0.095191650650157,0.0562780478174837,0.506083205222309,27.6527627363546,40.7491869733035,37.950414312405,50.446863757079,64.9453897235039,76.0266056873162,100.063462323625,91.8085869306464
"121","SWW_DH_SP","Spillman",2021,92.8475637013858,0.361425763202252,0.327201776626549,2.1562586574531,0.207626312088535,0.081558479842155,38.1726032144651,0.501415754893578,-0.0506125854108336,0.088855063138033,0.0684559050874945,0.525869972795708,27.6138122407794,40.9017992330783,37.8490466196993,53.2757399290289,69.0145207897858,81.4251431116869,107.549830155208,96.9393022368808
"122","SWW_DH_SP","Spillman",2021,89.7794741306192,0.399302494016043,0.361982054899893,2.35671274857984,0.223732505430734,0.0893253036580411,42.4227968148088,0.535671055306409,-0.0610280705093225,0.080879012686938,0.0736765390206502,0.577981750098317,25.8148851846794,37.8124425022624,34.6527512066503,51.583524888128,68.0257886796992,81.4837769985978,108.249545202739,95.5427477564071
"123","SWW_DH_SP","Spillman",2021,93.0479016532429,0.386142883460248,0.349822579811723,2.28351020193183,0.213394808659118,0.0849445517895399,42.5050466413015,0.536897019815182,-0.0557175338609399,0.085750857581065,0.0767708872989816,0.544116134494706,27.2146042436485,40.3418553181001,37.0867102964133,54.5942516003467,71.0938226964065,84.4282249564755,112.057266365791,99.9964023457601
"124","SWW_DH_SP","Spillman",2021,89.004329004329,0.365422145737517,0.330025122854473,2.16796312225886,0.199872284548067,0.0783064728354113,41.7370939593748,0.486009301019977,-0.0476407236691532,0.0885711111845324,0.0720205470987168,0.500554655187671,26.8484575496001,39.823206806567,36.7382730875165,53.0387905727387,68.0251225048833,79.6893415503085,104.629212404454,94.921318413351
"125","SWW_DH_SP","Spillman",2021,91.3452914798206,0.347819319610575,0.315985845483037,2.07910863643643,0.194899863292159,0.076186891709037,38.0623418299178,0.474719485871768,-0.0440604256010216,0.0907649601311341,0.0699312110402452,0.485262873545733,27.3270870857998,40.696334938818,37.8863146561334,52.9868572251831,67.5358980243054,78.7648207768248,103.108335733212,94.2629669005959
"126","SWW_DH_SP","Spillman",2021,92.1953445915107,0.314732513538015,0.287437404170696,1.93425899749642,0.184506213164786,0.070888244385529,32.80242834255,0.433540118541542,-0.0359561707301084,0.0965324808624434,0.0615086168393036,0.45380029920707,28.3544156452003,42.094322498342,39.6442960653308,52.6063125737889,66.3438404751401,76.5725117394159,99.8000286172714,92.694919107562
"127","SWW_DH_SP","Spillman",2021,90.3432494279176,0.3180864291939,0.289675323585135,1.95287947318304,0.178841362901249,0.0690212187478837,35.7938055740619,0.429397927803414,-0.0332244617195522,0.0950323440437405,0.0650461864382988,0.437385110204984,28.1794844705531,42.1896233083936,39.6463938243026,53.6303302847926,67.0948162731255,77.1603481914589,99.726678760265,93.1200584415916
"128","SWW_DH_SP","Spillman",2021,86.9668246445498,0.29814615285145,0.273028947048909,1.85972767902536,0.18144375524336,0.0696062907661012,29.068635686142,0.38736172911808,-0.0335994934248117,0.10011669784625,0.0525230118503546,0.444324760864327,26.7301147502825,39.5045973846382,37.4066126347368,48.1072419100649,60.4216198525442,69.5235786189509,90.8503774979085,84.8367477683502
"129","SWW_DH_SP","Spillman",2021,93.7745098039216,0.317303374589783,0.290618243237886,1.94101776355131,0.179369220296443,0.0695797086625325,35.093768920507,0.444593867754503,-0.0344536701736209,0.0956334577144355,0.0681362190381509,0.43855994823306,29.0926434346357,43.3471436836388,40.8766959476015,55.0684946481167,68.8855788690602,79.2946378155226,102.799946698707,95.8242843821234
"13","SWW_DH_SP","Spillman",2021,89.3625659764515,0.390931587166654,0.352327721400898,2.30573044520682,0.214554045924319,0.0845785062843075,43.0113582493028,0.521998936221414,-0.0729911960658833,0.0611546725534916,0.0743293021314609,0.547530019269707,25.2598818667062,38.3187647049065,35.0618322315558,52.1029411315873,68.0200457846307,80.692068726841,105.558976990255,90.8630639018134
"130","SWW_DH_SP","Spillman",2021,92.0564872021183,0.360848181446646,0.326787707020625,2.14603779278403,0.197417977481034,0.0787399161431551,40.1287116999339,0.49632662959395,-0.0441284007819995,0.0908755355655103,0.0743429525740155,0.493141159366222,26.9566834698871,40.1701112879141,37.1933994312172,53.4203882907579,68.096027605025,79.8209243153731,104.571983915086,95.5548458739702
"131","SWW_DH_SP","Spillman",2021,91.5080527086384,0.36013002373211,0.323935672968525,2.14348254894017,0.193468442610069,0.0774837057686547,41.7874758321146,0.492426480152321,-0.0454601550540499,0.0862540336004797,0.0749443594089588,0.480991598291986,27.4597889279904,40.929658084894,37.7042104712856,54.4716656937501,69.0714466126009,80.7872284690267,105.131105723423,95.8283807702969
"132","SWW_DH_SP","Spillman",2021,87.5573921028466,0.296776021229702,0.270857438871729,1.85707150133364,0.176330001569439,0.0680160159053515,30.3293113833496,0.388209431125915,-0.0319401452963173,0.10056180398016,0.0548170132540492,0.429755725653688,26.8422391051249,40.1172787038043,37.9276995844542,49.2075598188209,61.3707704876667,70.4379586991687,91.6965058041895,85.89005459299
"133","SWW_DH_SP","Spillman",2021,90.0849858356941,0.328467911017032,0.297476978864747,1.99335435869599,0.183364469301174,0.0714895923756509,36.5975607930548,0.44211564012495,-0.0415378165898582,0.0889778772699208,0.0663638155424881,0.450350670819794,27.3866249630914,41.0511061914822,38.3373742295532,52.5801190497334,66.0442743814645,76.3036232439098,99.0191873652253,91.0001276177311
"134","SWW_DH_SP","Spillman",2021,87.8256750355282,0.305127396988261,0.279022134722014,1.89076345690307,0.182036616668937,0.07007641751898,30.6677675600969,0.400359421106143,-0.0389930509351457,0.0932474882274874,0.0558936829873908,0.446520227315531,26.7705971982394,39.9992970093292,37.7964504080046,49.2471479991786,61.872732619077,71.2688437412466,92.8108185044973,85.7478941407969
"135","SWW_DH_SP","Spillman",2021,94.9655537890832,0.31959982207335,0.288602900095118,1.95211481885308,0.181638498107747,0.0697606848157847,35.1143525047033,0.453478288474887,-0.0363242958211305,0.0930656600815126,0.0661854156709754,0.445073766474391,29.2341633100728,43.6816196380081,40.8075495324129,55.0926302700822,69.1906997707011,79.6444720363966,103.103272175795,95.7434350417942
"136","SWW_DH_SP","Spillman",2021,94.3053510063819,0.303451838654834,0.277718124456968,1.88352060334236,0.179270022339297,0.0683924052044476,31.823726214913,0.427583632547793,-0.0331838523438751,0.096055690910423,0.0611060999217232,0.438071954611313,29.7734853048544,44.2986442182746,41.9049216488311,54.6984723813243,68.5484076432044,78.6789295765871,101.856654745931,95.2065195587524
"137","SWW_DH_SP","Spillman",2021,97.7673935617861,0.32790611332156,0.298916161783192,1.98620507035339,0.188393489173458,0.0723541553592334,34.9774082569999,0.478990681829387,-0.0445817260337945,0.0882396332261341,0.0696043699196889,0.465054527073234,29.7001402469345,44.3422710521022,41.602573899545,56.3186685874332,71.3560940417822,82.5456169547652,107.638995276617,98.3443627184435
"138","SWW_DH_SP","Spillman",2021,98.8993710691824,0.361543849997208,0.328240801986925,2.14598569279125,0.198675981994501,0.0774114102687406,40.4889876588891,0.534283624379896,-0.0504086456468856,0.0857971252293918,0.0801147481687711,0.497039536138061,29.3004267552434,43.9153432712924,40.726096041332,58.2522414477711,74.6565114617586,87.2834164772074,114.554133880768,103.434524472762
"139","SWW_DH_SP","Spillman",2021,95.973496432212,0.34418495238135,0.312603219309385,2.06285412332974,0.199008352357977,0.0769307122831029,35.6969220758088,0.493528678971551,-0.0467846846611979,0.0908785155035899,0.0688028852935845,0.498070206179152,28.6510171351915,42.3797456904137,39.5005353697745,54.2652128054465,69.6413232800528,81.3272282219856,107.064424709822,97.3711754823466
"14","SWW_DH_SP","Spillman",2021,94.6388005452067,0.383849966811738,0.344972184087768,2.26846347613436,0.209987720041271,0.0823611034385044,42.9815007404865,0.542823081267004,-0.06647436405303,0.0667961462456214,0.0777580159256643,0.533071991790145,27.4955205697467,41.3521180740244,37.8262949697476,55.7539342584834,72.4301261284544,85.5359027481497,111.74782628874,97.5265629449789
"140","SWW_DH_SP","Spillman",2021,97.1778487752929,0.331575082359233,0.300313679690093,2.00487929392569,0.193890487604396,0.0744202482391372,33.734875652518,0.481383102532113,-0.0475383709252568,0.0888653240779702,0.0661496295790908,0.482387257996519,28.5823715235763,42.984207118796,40.1164267862317,54.1200143172939,69.0729042642456,80.2625973094136,105.382093942959,95.6919789523217
"141","SWW_DH_SP","Spillman",2021,94.3618657098924,0.349474713897268,0.315868132772114,2.09376030088704,0.199063763798852,0.0769530260242426,38.0490526086312,0.492757279121264,-0.0479695831213802,0.0862633409783499,0.0690937122295938,0.49829775139034,28.6594056984011,42.6070819058865,39.5057927025905,55.0656185490207,70.7040448569455,82.6059396418377,108.000107559676,97.9248114345584
"142","SWW_DH_SP","Spillman",2021,92.6624737945493,0.268379036271934,0.241461107010798,1.74221298730347,0.185800148799645,0.069593328201648,20.3581352687365,0.371433011737957,-0.0354595926906043,0.102243709582172,0.0345300117008556,0.457507294731044,28.2520248267041,41.5438143519781,39.2288756397041,46.8222558328279,59.3484650557526,68.2966451623555,89.9279059729704,83.667099612864
"143","SWW_DH_SP","Spillman",2021,95.7281553398058,0.354034370622448,0.319661092146347,2.11085147582387,0.203439565342424,0.0791786268787878,37.9875489547328,0.506412264796486,-0.0605811044328547,0.0745724773338929,0.0695241568942938,0.512091045550244,29.3227178316431,43.1180101736488,39.918954253271,55.6098120516027,71.7231449011203,84.1499625089731,110.210473556671,97.4529774866605
"144","SWW_DH_SP","Spillman",2021,93.8308457711443,0.340719512180675,0.308546737745694,2.04680179058533,0.2074245334278,0.0807404627212646,31.7419363805512,0.477572137721993,-0.0534975648937953,0.0893776602709161,0.0595184382200493,0.524448521769256,27.0286382866515,39.9072005974614,37.1442529294411,49.7964613546913,64.5523804483352,75.965600612709,101.052398818314,90.6586248882035
"145","SWW_DH_SP","Spillman",2021,93.6595107338992,0.334607097788449,0.30379252781661,2.02374889669674,0.203490893675985,0.0794110465470029,33.4060509835305,0.468277169483787,-0.0531654832732412,0.0849231949007887,0.0591640142833649,0.512639855187252,29.4972463600342,42.7973735877627,39.9600107168985,53.2759000045256,68.7403018010633,80.7433574795571,106.375873545676,95.4140304236714
"146","SWW_DH_SP","Spillman",2021,91.3523459061638,0.344962823083856,0.313477953120342,2.06621005663326,0.204130237533885,0.0800024700832843,35.7210124741971,0.470884005031338,-0.0616393190238817,0.0741910133908417,0.0627431348184719,0.5142374091948,28.6460939844961,41.5434203051634,38.7243015386367,52.7142394614745,67.9606220376113,79.8486780592431,104.732829974124,92.4347065757069
"147","SWW_DH_SP","Spillman",2021,91.7501192179304,0.337500850580891,0.306956118237253,2.03748511703971,0.206481069703256,0.0803783824183892,30.8972917334549,0.462558749858992,-0.0565220931891708,0.0866142005391112,0.0577405846449867,0.521906757404469,26.2381546842223,38.8257247426676,36.2766584657862,48.3563876165573,62.6150786944953,73.647544792123,98.0394968979446,87.3935202907255
"148","SWW_DH_SP","Spillman",2021,85.8419567262465,0.343878967747105,0.312256108929751,2.06519631286172,0.210790781555807,0.0817580760542512,30.3700925638151,0.440897947713485,-0.055532038807928,0.0900753756023041,0.0541688730126361,0.535441730564285,23.9241523910975,35.0226489143065,32.6302998482529,43.7331523987843,56.9866639809499,67.2258116387821,89.9348284452995,80.3340628133365
"149","SWW_DH_SP","Spillman",2021,94.5868945868946,0.401478418386363,0.362237836436973,2.36512259219451,0.210960474047053,0.0837326772392181,46.0737907453212,0.567444600370791,-0.0584648210487454,0.0801999926023855,0.0860443399405699,0.53611863037688,26.8845491118822,40.1553715830406,36.6241439081836,56.2180245363335,73.0016746056863,86.4629845420371,114.113011752076,101.290778358115
"15","SWW_DH_SP","Spillman",2021,91.4529914529915,0.323643890151425,0.290689612121392,1.97315863086591,0.192895725497133,0.0730294271160793,32.1119532058771,0.442163176734429,-0.0563684919020623,0.0747559021966096,0.0574442605174846,0.479374484796216,26.618522289159,40.46151740918,37.640720377075,50.0879761365459,63.9403883451946,74.0916660939974,96.310424469854,85.8400160321263
"150","SWW_DH_SP","Spillman",2021,86.9542886492039,0.286550181647953,0.260557181404436,1.81355124482739,0.180358138101274,0.0672349644054177,26.6760506780654,0.372230750072253,-0.0412522484644152,0.0928089960093964,0.0463118492115047,0.440925490937878,26.7390110690957,39.9508101233495,37.7751540236767,47.4640842353325,59.7483949348591,68.4031787686398,89.4550348253892,82.2773659110964
"151","SWW_DH_SP","Spillman",2021,91.1330049261084,0.284736030925801,0.258853644968846,1.80553664728478,0.180094343926529,0.0686077671650226,26.8614784599026,0.38767916437459,-0.0363363831467369,0.0952430043184641,0.0479057329541326,0.440697870710394,29.1275827078581,42.905980177934,40.593318259622,50.769519778888,63.7015451551241,73.1504749717545,95.135370588386,88.3747142250045
"152","SWW_DH_SP","Spillman",2021,83.511673151751,0.294798505956291,0.264399074228181,1.85059982533828,0.179157279908322,0.0682779355967737,29.4703247282673,0.367799606716104,-0.0414773641677407,0.089946954661095,0.0470240074991659,0.437634106896771,25.914284780658,38.5284306688607,36.0695554389655,46.389345966133,58.1592521961029,66.769870250098,86.778455642405,79.7261501099293
"153","SWW_DH_SP","Spillman",2021,93.1916948334138,0.323805665927562,0.294322305875409,1.97504348893627,0.176002496731531,0.068019667559915,37.6423698880586,0.450891975706634,-0.048065438023097,0.0803461527578806,0.0717009223003304,0.42847853098943,27.837677819792,43.0961841622797,40.38484077313,55.6592589000583,69.3519117772929,79.5710766647732,102.842693178049,93.2499707919348
"154","SWW_DH_SP","Spillman",2021,88.0018894662258,0.295554884149507,0.266288197664672,1.85499022357375,0.177418196638754,0.0684083164231612,29.4198218823,0.38855014291785,-0.0411112369878863,0.0892780959529416,0.0517407091254921,0.433105053119861,26.7851900892688,40.0874226334894,37.6299789055419,48.5177283842679,60.5854168509367,69.5695872034131,90.2644433321953,83.0027236478623
"155","SWW_DH_SP","Spillman",2021,85.3185595567867,0.287518260732674,0.262033916557887,1.82056062824757,0.178077254971839,0.068618819733947,27.6477800163718,0.366478520397466,-0.0392243877839478,0.0932834813932475,0.0475930412309771,0.434908191840067,26.8898937696498,39.5300357438869,37.4234132406936,47.3214979952889,59.1484812052819,67.9647334722062,88.5363797952595,81.7331293542478
"156","SWW_DH_SP","Spillman",2021,90.6735751295337,0.328930751507375,0.299110286496266,1.99187396606779,0.180743923573327,0.0715318504550507,38.1793082870675,0.445670845390992,-0.0476256853061992,0.0828414537657378,0.0695525683626626,0.442470223917435,27.7983476179718,42.1964007874151,39.5109987656318,54.5382396100833,68.1028135455355,78.6594680957304,102.098428056204,92.728507333287
"157","SWW_DH_SP","Spillman",2021,91.0418695228822,0.370274893092708,0.331355180717922,2.1939509750086,0.187176250312435,0.0751901748060876,47.9403986063501,0.503809607134531,-0.0564585553628515,0.0703871844906936,0.0825132593379988,0.461959647657444,27.9462129989596,42.4337796974424,38.8384173252557,58.2722030199273,73.2151074680112,85.2038396077278,109.771627898805,97.8777504363516
"158","SWW_DH_SP","Spillman",2021,91.8877551020408,0.371265753211632,0.331783724360361,2.20653106388545,0.202385575887385,0.0812389181766218,42.2648166268218,0.509765661321607,-0.0575809207140773,0.0773346871404255,0.0733160739019699,0.509107327741317,27.8486200534953,40.7603833010146,37.2423783031745,54.2700272578777,69.5935913331118,82.0621031293389,107.43518070292,95.4798349576735
"159","SWW_DH_SP","Spillman",2021,94.8377581120944,0.377758404309317,0.336897223989981,2.23917643040056,0.184037348313333,0.0737383047135866,53.6448849259759,0.535547752268418,-0.0529376188771621,0.0696268826063099,0.090685293279456,0.452414360098635,30.7601340745247,46.6793132511853,42.4939490763824,65.4208212978809,81.9491878230525,95.1452133438624,121.496217193346,108.991796388353
"16","SWW_DH_SP","Spillman",2021,91.8738049713193,0.358940393846189,0.323681018289081,2.13840322717708,0.202786032732476,0.0782208822254787,38.067566699378,0.492704470626002,-0.0570618520274737,0.0758222814401366,0.0691768618661597,0.51015859680038,26.8389638043715,39.9660182697684,36.9017958158413,52.0726318738104,67.2043781677183,78.7003773766103,102.767137160632,91.3893229069767
"160","SWW_DH_SP","Spillman",2021,96.4955577492596,0.399592116228276,0.359684696823689,2.3496840591996,0.210320255519623,0.084769337685622,47.3260325355094,0.57623264970518,-0.0653392441730126,0.0709272281477383,0.0870636917562987,0.533913558737583,28.8385837366119,42.3600643069968,38.5910847431583,59.0306499037715,76.3723403797792,90.6193440012148,118.988800137892,104.209759104248
"161","SWW_DH_SP","Spillman",2021,95.1206715634837,0.336775875028767,0.301044680460006,2.04261650676836,0.187507537807701,0.0730796174572468,38.6968033447289,0.478693875170461,-0.0527237881429817,0.0767857391339301,0.0688206253759605,0.463416082792244,29.8718477784086,44.3325942612282,40.933990607986,56.8406378107877,71.8624481809642,83.3785545605158,107.922402341025,96.8447613797995
"162","SWW_DH_SP","Spillman",2021,91.8958742632613,0.334739711069755,0.301068687531811,2.03028628027464,0.188737860099256,0.0732970616125617,37.6838854533179,0.459660570554742,-0.0499961025492938,0.0798226101317801,0.065820751047021,0.46720044404899,28.6886937311466,42.6194844352092,39.5442510203165,54.5064190546494,69.038508226532,80.1184523195014,103.781670478177,93.6542882847634
"163","SWW_DH_SP","Spillman",2021,87.6849642004773,0.301664595710786,0.272959248732573,1.88557194781352,0.180169152788704,0.067751277813163,30.413105572619,0.395179325472015,-0.0416812396018333,0.0907961330100365,0.0531515227584287,0.440910232045197,26.9274725301612,40.032307865153,37.6066702507539,48.9310986364558,61.5540300581426,70.6137773401081,92.0362615504085,84.4944314749745
"164","SWW_DH_SP","Spillman",2021,93.7841869716559,0.36239034314302,0.329281214645811,2.14931973717392,0.189870343686509,0.0739083388851224,45.1126406237512,0.507937675624864,-0.0555666087493089,0.0755886187142925,0.0822713603611548,0.469633672223857,28.5838730474399,43.7686596337632,40.596700877509,59.346455659896,75.1793810130974,87.23854519035,113.398316196873,101.345455786548
"165","SWW_DH_SP","Spillman",2021,85.3365384615385,0.288813492144976,0.264661440826894,1.82688296234623,0.187603001963683,0.0711994384028651,24.513081108999,0.368148032451572,-0.038261553823071,0.100715725767612,0.043112014922304,0.463162241264778,25.3846240458848,37.8414865164798,35.9337153062048,44.6760619337376,56.6574706961692,65.4265485449051,86.3580551586817,79.8758693145295
"166","SWW_DH_SP","Spillman",2021,87.3038516405136,0.311131426567212,0.283026618220879,1.91462390026295,0.191760696291676,0.0727820292967499,28.9168496753343,0.405755218801512,-0.0498667954477768,0.0887352478177423,0.0516311001061295,0.47563898860733,25.6020866908715,38.2347510310129,35.9590782029103,46.6070838561644,59.395605226663,68.7752088131929,90.7043303345767,81.9997086124731
"167","SWW_DH_SP","Spillman",2021,87.6440756108806,0.29319272892073,0.270616931288446,1.8408493255419,0.183099413469466,0.0694660124471197,28.0623663949855,0.383923959429829,-0.0390940310031495,0.0941025767843822,0.0505051597355776,0.449260874972665,27.0643320694508,40.8349422755282,38.9056792303376,49.3274882031041,62.1583838341588,71.4954457447536,93.2741418061911,86.1527904215317
"168","SWW_DH_SP","Spillman",2021,91.3634158175643,0.323322868754563,0.293650233856533,1.97564420955153,0.192387911997808,0.0736499182008942,33.0449668787263,0.441358126826598,-0.044022521347937,0.0925720820243808,0.0590753412415211,0.477933796052379,27.700856701398,41.5430135099439,38.9187635591793,51.8406571436876,66.074818370718,76.6997278909121,100.74205729882,92.0460162873314
"169","SWW_DH_SP","Spillman",2021,89.0982503364738,0.332010228730359,0.300124004941752,2.00898958342313,0.199970076876047,0.077338944480015,32.3424481514165,0.44192594913266,-0.0528016919176671,0.0861644319089411,0.0566815253418645,0.501355739585682,26.18743689179,39.1434076187859,36.4869331800944,48.7361459964635,62.605797640591,73.1667402109685,96.5366562999917,86.7150694156946
"17","SWW_DH_SP","Spillman",2021,91.9833178869324,0.373234408994084,0.338664418759067,2.20492390052112,0.197071843870608,0.0766844743280235,44.1028803631499,0.513020550974197,-0.0575366108565618,0.0701505741191584,0.0808494056902253,0.49178545472188,26.9019392144964,40.8530114865892,37.7510667363933,55.7765499507985,71.3102766243652,83.2022785905112,107.562090771318,95.5951275493165
"170","SWW_DH_SP","Spillman",2021,93.0590191188695,0.368945672951213,0.337526486795478,2.19086601477708,0.215131061880329,0.0846741074269172,37.2257351528939,0.512987369242825,-0.0627968548294695,0.0799174670403603,0.0693252996624602,0.549455160010106,26.8441213082491,39.9509187355029,37.209538433711,52.3673085530544,68.4351593924625,81.190704164512,107.940501337442,95.033069587909
"171","SWW_DH_SP","Spillman",2021,90.7917383820998,0.366742727586283,0.334197153861219,2.19188255876655,0.212755985027319,0.0838554040689291,37.4833167774684,0.497512571768901,-0.0596700833973669,0.0829772782472097,0.067006944515633,0.542417797683749,26.3340129232305,39.2049176585735,36.40802126869,51.3501468046324,66.9394221729637,79.3491468109684,105.520571193934,93.3948629678315
"172","SWW_DH_SP","Spillman",2021,92.8991185112635,0.329432873625782,0.300905052310571,1.99521944443795,0.197668296431752,0.0758361804832873,31.7539168816259,0.457189929769341,-0.0566795598658469,0.0836323684793477,0.061053942299763,0.493915262222634,26.7328575209786,40.3219165025129,37.8518618496297,50.456178027138,64.7360929315357,75.4385850174314,99.8632892416667,89.0247007621509
"173","SWW_DH_SP","Spillman",2021,88.2485366951824,0.290296098150822,0.265910020125034,1.83121664382692,0.184733486590871,0.0692555351523939,25.8257507393937,0.382682872351719,-0.0408687572872917,0.0958044957417329,0.0471133626556676,0.454422994892779,26.4403408503305,39.6221343693164,37.6048747829401,47.1682860975295,59.6776072512926,68.6245215444621,90.155599140277,82.9726743943759
"174","SWW_DH_SP","Spillman",2021,86.756993006993,0.298278989932797,0.274695736021077,1.8601083629006,0.191990088173038,0.0730285643448309,25.5327367481539,0.386536449335308,-0.0449073703246598,0.0971922583821948,0.0467654500522012,0.476298793043351,25.0971875891992,37.8406741982555,35.9598916896355,45.2723842157096,57.6957779582908,66.8330762962449,88.7855422672887,81.0859732303846
"175","SWW_DH_SP","Spillman",2021,81.640146878825,0.289631196404629,0.265977152896477,1.82567683426761,0.199844279683311,0.0764041483715492,21.1242917689353,0.353137768293595,-0.0475430039200642,0.0990274336548567,0.0350584724212158,0.500794292186389,23.8267694175994,34.707093193208,32.9872324816651,40.0887313587131,51.5880767228195,60.19779238408,80.653516868383,73.2263923953537
"176","SWW_DH_SP","Spillman",2021,91.2888888888889,0.329644069964935,0.301245675838192,1.99930217857357,0.20559621428543,0.0801020864751031,28.7880821385068,0.449479162245932,-0.0512930996184898,0.0929804090295069,0.0550863040051493,0.519426311705752,25.9473418832704,38.1346981598423,35.8173662043016,46.9589046643681,60.7140905967744,71.3640255738666,95.1999012024923,85.7997377204615
"177","SWW_DH_SP","Spillman",2021,93.4448462929476,0.41979429227847,0.38131958381331,2.47496742023935,0.222822254445103,0.0900067779929311,48.1887766092236,0.586232725663585,-0.0605392783371059,0.0804167174766092,0.0867973074614151,0.574834650214329,26.5598172075666,39.4959589591106,36.0264814280667,56.5334099543798,74.3246551352253,89.1619869928732,118.165054817698,104.405666955548
"178","SWW_DH_SP","Spillman",2021,84.3962585034014,0.332529779291004,0.2995991852281,2.01859648598304,0.197422444046879,0.0765772313428321,32.6948554907586,0.419243348141432,-0.0419408800787452,0.0965081324396043,0.0544978700701893,0.493517735053674,24.723764378815,36.5129321058653,33.9384218706457,45.7368910932667,58.5995462549991,68.4575748217221,90.2012209719783,82.7190487570708
"179","SWW_DH_SP","Spillman",2021,88.8108819657745,0.353295495599767,0.324605873824704,2.11264795448858,0.21093157113184,0.0840437016497484,32.5771669319963,0.468675296279031,-0.0531631994539538,0.0916937748786076,0.0623053842134236,0.536470529527783,24.3149337277345,36.1984309955776,33.9339587660969,46.4851188796155,60.3030874815851,71.4612850678199,95.4546001778802,85.6646441285041
"18","SWW_DH_SP","Spillman",2021,95.2244508118434,0.34879257953925,0.315385953540598,2.08830490862234,0.188885530366588,0.0723303363054532,41.0632725669132,0.496325873694862,-0.0511030197205319,0.0767108377339896,0.0764119983221774,0.466873918903431,29.1620223920091,43.8683029920328,40.6980443577708,57.8082587651164,73.3330526070003,84.8822788545189,109.636320605091,98.7308624310501
"180","SWW_DH_SP","Spillman",2021,91.6965888689408,0.360148328645363,0.329923382638529,2.13929287076834,0.196757826785835,0.0779341443662564,39.636555051875,0.493419477079985,-0.0571808957616952,0.0778134455762799,0.0762859296846569,0.490910307118544,26.0983605212514,39.5989246648911,36.9743559609263,53.0293829685159,67.5909894838479,79.0830088306726,103.596045818031,92.2518613942815
"181","SWW_DH_SP","Spillman",2021,87.3499142367067,0.331143893758323,0.302967003166826,2.00586527805584,0.192084605448241,0.0753509739133233,33.1719955853216,0.43210070547338,-0.0505328820421957,0.0861090196677757,0.061774993057712,0.476705663765479,25.2676819729724,37.5673105720461,35.3002375110246,47.825742146585,60.693228657678,70.6601075851245,92.8391731432205,83.7700264800513
"182","SWW_DH_SP","Spillman",2021,90.161662817552,0.327905074636937,0.29970837110627,1.99989561403404,0.191555275525459,0.0759924911234216,33.1154497924553,0.441682828875006,-0.0419893949358189,0.0938683558358352,0.0619791545094684,0.475739197017282,26.8376915654807,39.5117320574982,37.1191369431837,50.0256419717646,63.3861070599148,73.95396537048,97.0170898486557,88.9766813663082
"183","SWW_DH_SP","Spillman",2021,92.5207756232687,0.369682130169151,0.338343949933032,2.19321829760243,0.197107598752523,0.0791030573247316,41.6316659389531,0.511044811930943,-0.0459749622655708,0.0895648032293246,0.080941152337849,0.492535887211618,26.4315641537701,39.7288153540002,36.9947847857406,54.1764215557265,68.9594256002024,80.8978611558225,106.080500061982,96.5812063817498
"184","SWW_DH_SP","Spillman",2021,97.7604166666667,0.329415025370429,0.302048387103392,1.99547690629596,0.189979362891961,0.075049766487379,33.4509452604261,0.481082113456234,-0.0503159802454759,0.0866749001625135,0.0702042092955228,0.470219843640414,28.278947481528,42.195124015968,39.7142735087996,53.8619836349692,68.114781721022,79.2777590646657,104.175323363597,94.0515282844443
"185","SWW_DH_SP","Spillman",2021,91.3573970513472,0.350589112734598,0.317439086159968,2.09947818298161,0.201343199363971,0.0796381840007266,35.0965169260466,0.478454793308644,-0.0508447779221958,0.0882028539172401,0.0662422636790667,0.505699254064948,26.0979046482124,38.3431375198681,35.592089770194,49.4804975641822,63.4947636504363,74.5911399798637,98.4782330008791,88.7647077697214
"186","SWW_DH_SP","Spillman",2021,88.0760095011876,0.34625685454373,0.318784046092139,2.07541674841435,0.206959934021964,0.0813747271415375,31.8137030996573,0.455520983031437,-0.0510850741407137,0.0957688173382551,0.0613434538028027,0.523539142285092,24.0113371748106,35.88186046504,33.7427069209414,45.8787349430279,59.3331984713042,69.9170560697534,93.7931217061656,84.5210762732278
"187","SWW_DH_SP","Spillman",2021,95.9390862944162,0.398269270044671,0.361589076136815,2.34570535531036,0.206155191009369,0.0818468877023836,45.8930943939712,0.570929841788365,-0.0638534662736739,0.0735152622236549,0.0902496155794484,0.520823617928754,26.7731737191059,40.2808985510773,36.9731841149614,56.8867578806951,73.3821413975298,86.5621381169823,113.921633500594,100.016591008768
"188","SWW_DH_SP","Spillman",2021,89.6991330953595,0.357662645357487,0.326159554766854,2.13214541106166,0.216605729160129,0.0861479429480349,33.7281119184177,0.479297858927717,-0.0600870699732488,0.0846148209088118,0.0603424828398117,0.554650000927181,26.583450323942,38.0722442070415,35.4478176446145,48.4484654109787,63.3631454864255,75.4132412245706,100.74015781807,89.1237403074299
"189","SWW_DH_SP","Spillman",2021,92.9769392033543,0.37241514064839,0.336986702445829,2.20928596522882,0.204892661607104,0.0805237337507906,40.2985201445378,0.517342742023472,-0.0589327118480493,0.0783989001339646,0.0754572519440929,0.516803443527751,26.2017081844925,39.6030612687825,36.5132119003352,53.0253101198741,68.4303990835314,80.5289930168538,105.982053991639,93.9831928562846
"19","SWW_DH_SP","Spillman",2021,90.0131984161901,0.389125618215948,0.352121598060987,2.29324434513024,0.214080811254464,0.0842643781073612,41.0897881155159,0.523294621165591,-0.0626401080272304,0.0740376644828254,0.0751579102108006,0.546078971114905,24.8401428282873,37.1310369977806,34.0923194462926,50.4727357461516,65.8694031460289,78.0813399655721,102.72530751226,90.3442020211546
"190","SWW_DH_SP","Spillman",2021,92.0533070088845,0.404953477728005,0.367343633726446,2.39404162004478,0.213249828846148,0.0841597009516487,45.9403546541263,0.55702605150736,-0.063708498804046,0.0771135513364012,0.084604614093182,0.543890230654435,25.9936881847681,38.7334561669906,35.4609537073644,54.6128671022261,71.2051555822843,84.4238567272904,111.909860454113,98.2290525644237
"191","SWW_DH_SP","Spillman",2021,94.188984335523,0.369579154232544,0.334969277594575,2.19134484797816,0.202110237682283,0.0789093823637245,41.0247558980556,0.520128704510602,-0.058965964997179,0.0784142467562441,0.0773266893007023,0.507807095092279,27.2296579560012,40.9735670593773,37.8680454622137,54.9002275180624,70.6472078152211,82.8609872274363,109.020103436335,96.7076884984273
"192","SWW_DH_SP","Spillman",2021,94.9246231155779,0.390700277874784,0.35022189616855,2.30032967213297,0.205214616153387,0.0803552492454519,45.4983622328989,0.554174929766685,-0.0653696370548649,0.0713601067331764,0.0840581299310866,0.517406521347561,27.1142689800824,41.0543159638006,37.3760666534123,56.5901768963656,73.0621008951871,85.8989313110662,112.874639749505,98.8790493472308
"193","SWW_DH_SP","Spillman",2021,95.9100204498977,0.329115822605147,0.300434982449182,1.99575799851984,0.197669306787814,0.076243203183357,32.1512588712445,0.471582868715998,-0.0522321142280199,0.0822268700855126,0.0626753044873372,0.49417188766438,28.506061590892,42.3364424723728,39.7409921846386,52.9146271978786,67.8449691444548,79.1603458666199,103.49707331784,93.0617346015568
"194","SWW_DH_SP","Spillman",2021,93.8656280428432,0.389533617524968,0.35225683383609,2.29371286855589,0.209384926022536,0.0821238385370647,44.28713127632,0.546368028444968,-0.0609864731080258,0.0752420744595921,0.0814772825413053,0.5306690014733,27.1648148360114,40.6630274528926,37.3055930505143,55.7917338301285,72.404594281231,85.4332977205142,112.134123704926,99.1091483889052
"195","SWW_DH_SP","Spillman",2021,94.6835443037975,0.346044156119765,0.311796573924315,2.07702297610723,0.206078825058478,0.0803144584343284,32.7884349655833,0.489423818957325,-0.0531232760165106,0.0899632382661203,0.062549311539328,0.520614417361876,26.60683820337,39.7459861613746,36.8167401373086,50.0627741252558,64.7877978946204,76.2076532751417,101.410853956101,91.0334971662183
"196","SWW_DH_SP","Spillman",2021,93.8178780284044,0.39452648331333,0.355691416261919,2.32647975187236,0.202550413100944,0.0794999963742379,48.7918114276406,0.553174505788665,-0.0569240371642456,0.0753697311734395,0.0874547261847002,0.509493512089702,27.8818937885407,42.0503654656693,38.4237864268868,59.0385769052389,75.9699271778986,89.2259786529532,116.175176155949,103.434144748409
"197","SWW_DH_SP","Spillman",2021,96.5486329000448,0.376871239096697,0.340663471069959,2.22640696119189,0.208126058172424,0.0814315244795502,41.766213191192,0.543707819487448,-0.0582372918433106,0.0792953363104703,0.0784820957878695,0.526861660319038,28.6630719841754,42.2942696814828,38.9233005623124,56.6278118438518,73.4258832334402,86.554292945841,113.935291502209,101.198900987186
"198","SWW_DH_SP","Spillman",2021,91.9332406119611,0.386447278678719,0.345554574938691,2.28263990396312,0.209766969337389,0.0819612333380102,43.0847115944931,0.530844474100471,-0.0611885194266116,0.0744220782364493,0.0759875272141477,0.532301226171913,26.7523948814605,39.4930618719008,35.9281500363916,53.390262962135,69.3834404512405,81.8771140289279,107.350520381778,94.757456890634
"199","SWW_DH_SP","Spillman",2021,86.3965884861407,0.340397300372414,0.308124179896369,2.04830788486744,0.199915958343732,0.0772312893666921,33.8094624810994,0.439345404664965,-0.0506107346168088,0.0856502606076534,0.0589389049970238,0.500951247951065,25.2701879919389,37.3145720974024,34.7250014535917,47.2462977976314,60.7339640147182,70.98724175927,93.1787433959928,84.0613082418413
"2","SWW_DH_SP","Spillman",2021,83.8642078792959,0.358182053582902,0.323941158307386,2.1334643495701,0.198784576679281,0.0780942986222065,37.8403061989367,0.448748986447254,-0.0516299429823035,0.0813222340957151,0.0655742549021946,0.497698676718903,23.749906605945,35.4395984743254,32.815605068245,46.6752641663401,59.776761629062,70.0395213634059,91.3215886574794,82.0839091977823
"20","SWW_DH_SP","Spillman",2021,92.6456071076012,0.363636197823838,0.327671550209238,2.16320924241588,0.200866201372133,0.0779264950758573,38.0989716458834,0.503265972146267,-0.0585064592487568,0.0737178039323571,0.0729186198592005,0.503871938763155,25.5125370698094,38.4559687768504,35.4354841763829,50.9029156931685,65.4753429129192,76.6461097051433,99.9581991795625,88.61757335304
"200","SWW_DH_SP","Spillman",2021,87.7524709926945,0.35295383855612,0.318956230836817,2.10830088703801,0.198687564031706,0.0773471039357177,36.9917959372708,0.462715093145855,-0.0543820997820317,0.0812104674144518,0.0662257345265516,0.497363834396932,25.1300505938113,37.6958675406998,34.9248944330704,49.0062524528524,62.7980241676445,73.393976820517,96.2328247071237,86.1721331000773
"201","SWW_DH_SP","Spillman",2021,92.0844327176781,0.405236360810424,0.366117209425107,2.38812002845892,0.209913805445866,0.0833247694265029,47.9574267374047,0.557644739830787,-0.0592402333128475,0.0774692085433637,0.0863344911705511,0.532869639548083,26.6601866675987,39.6287427933722,36.1488161774031,56.1316801725704,72.7995189416699,86.1654378887604,113.211700181321,100.27113790006
"202","SWW_DH_SP","Spillman",2021,91.406945681211,0.390961449287723,0.354433564887812,2.30783243623706,0.203753793176453,0.0804581167290885,45.53754563428,0.534000837825427,-0.0517921893523709,0.0831070777297858,0.0837872903693765,0.512874980991594,26.0541587669688,39.1686366570604,35.97609263481,54.731750218354,70.4483288247547,82.8728976743127,108.584535821019,97.6520610062743
"203","SWW_DH_SP","Spillman",2021,91.5261958997722,0.331398374544663,0.30079256633534,2.00645303911688,0.190437299392115,0.0735205920316856,34.5411561456235,0.453146370514035,-0.0398166298686542,0.093656345600391,0.0646419214993935,0.471818005090237,27.2010184005511,40.2971791437559,37.6500823944408,51.2670233593468,65.0828482337517,75.5013958114059,98.5521962243655,90.8522096026295
"204","SWW_DH_SP","Spillman",2021,90.1377165704131,0.378893424990859,0.342331657014288,2.24287959561107,0.194866877857829,0.0766905560105639,45.848450916288,0.510358343884757,-0.0530420716556845,0.0769774274844392,0.082163794613169,0.485336115359551,26.7170401276473,39.8902627628497,36.6701278349368,55.1892920309784,70.2983062528346,82.0930612761671,106.447182368544,95.4867470479611
"205","SWW_DH_SP","Spillman",2021,92.3076923076923,0.366084669677254,0.333094575183892,2.17861963966976,0.197325440871614,0.077710401827703,40.6573458429023,0.504889678851137,-0.0520854312103982,0.0827319462534476,0.0777712101275249,0.493452322784763,26.4685195121003,39.6131572829666,36.7612469516878,53.4057416658491,68.217438655251,79.8405195776732,104.492333497655,93.9170843696382
"206","SWW_DH_SP","Spillman",2021,87.9448398576512,0.371759411406925,0.336959944028952,2.2013387664414,0.196533827214194,0.0781302479815543,43.0022328110988,0.488520113092812,-0.053049876238997,0.0790360678255947,0.0766269720637553,0.490368789349446,25.7390594098856,38.2284527936011,35.2989754311985,52.1132590406229,66.3992835563305,77.7493515977778,101.223380317931,90.8126400573263
"207","SWW_DH_SP","Spillman",2021,91.1362564827911,0.332927574078918,0.300549326944621,2.01497718728607,0.188108367694634,0.0736190787763786,33.5318843534981,0.453194193131756,-0.0490923153148114,0.0874294162556562,0.0656604664159667,0.464692017070543,25.2328167412901,37.9737012190435,35.3336750285438,48.5072060759405,61.289949450952,71.1265218439696,93.4158543148985,84.524117463639
"208","SWW_DH_SP","Spillman",2021,84.4874100719424,0.383465279100681,0.349133932717615,2.2633564363252,0.206396364906388,0.0832115219389137,40.8457463834962,0.484000910369013,-0.0606457161545242,0.0769574747845092,0.073549977122514,0.52133360785762,23.2357600632811,34.3644450681023,31.7388792975464,47.1308387441351,60.6822810451932,71.7923504880497,94.5325462713225,83.5365212053793
"209","SWW_DH_SP","Spillman",2021,90.1480111008326,0.319155883552766,0.294066480786198,1.95294862445728,0.187456805307979,0.0736606058627957,31.0976241746318,0.429772102756106,-0.0450882749837206,0.092028743202984,0.0619294625222934,0.462793150509777,25.9128097879485,38.4952859370006,36.4261301817555,48.5257167287539,61.2260007624152,71.0675568449226,93.4182942874648,85.1921774128517
"21","SWW_DH_SP","Spillman",2021,85.4406130268199,0.298140438547529,0.268347668538705,1.8639859997326,0.186340708386538,0.0698327741958805,26.6836114498161,0.380465531616987,-0.0445741970194442,0.0890904779956065,0.0459088609266476,0.459711600879312,24.9083687848363,36.9750922548441,34.6668241786453,44.1736966239881,56.0431683376283,64.5651987760879,84.300669477815,76.925394117037
"210","SWW_DH_SP","Spillman",2021,87.1274298056155,0.371666594879625,0.338015661474266,2.20192942408888,0.192412969710571,0.0765655909464008,44.0705882798532,0.48386818122627,-0.0465369125576957,0.0873161268929267,0.0790146001335717,0.478052062402861,25.4660965903393,38.0778121007635,35.2633038602255,52.4407248819239,66.4351326684681,77.5389554132129,101.302965427948,92.1154284474237
"211","SWW_DH_SP","Spillman",2021,92.373689227836,0.356067191395589,0.323608850829123,2.12660205915491,0.197029187496973,0.0783712157003539,37.2920935856624,0.491353332965036,-0.0525268152898621,0.0848162240372464,0.073089946959558,0.492447986461447,26.1687468359905,38.6706927116737,35.934221425255,51.0338285455288,65.0982949840459,76.3144565313589,100.348056005858,90.1073739001277
"212","SWW_DH_SP","Spillman",2021,91.9590643274854,0.332237434994193,0.305423848398113,2.0109164455471,0.190740249135118,0.0737237815150383,33.1504908403347,0.456380360964006,-0.0489462768439009,0.0883929956209129,0.0673050917600913,0.473031167787062,25.9699783911703,38.8736331546926,36.632720619171,49.8707324194548,63.3207158305561,73.4815647135857,96.6852782333632,87.5138697197199
"213","SWW_DH_SP","Spillman",2021,89.6752302472128,0.371645968197658,0.336567639299011,2.2046505651207,0.199534798696011,0.0781613817918243,41.5074686574279,0.497945825734265,-0.0524526090520849,0.0825951866378786,0.0759509243751438,0.499864349548492,25.854930279949,38.3071698005103,35.3494952802431,51.8694369985218,66.4921886150599,77.866724298894,102.001526013002,91.6258869584479
"214","SWW_DH_SP","Spillman",2021,95.8808933002481,0.348295817290921,0.315733922289514,2.09135567479602,0.201077428473461,0.0791534545093529,34.5281020530505,0.498857244492865,-0.0510327668807141,0.0863758971548349,0.0687339617757795,0.505143193510202,27.3845380401108,40.3060552719098,37.4740669173633,51.798987668126,66.5128229982171,78.0812998614931,102.7287202543,92.5291201938601
"215","SWW_DH_SP","Spillman",2021,91.6026871401152,0.415040400038098,0.378657650729394,2.44310534491765,0.227518598365643,0.0912936859404768,43.0089464155714,0.568020517275671,-0.063380878873308,0.0812035772231096,0.081094218492098,0.590275035435145,24.6857688197233,36.3149468990944,33.3003795458291,51.0857188048156,67.6435134294958,81.3529843312066,108.682202953013,95.4537971327657
"216","SWW_DH_SP","Spillman",2021,90.8270676691729,0.40014707420471,0.360571441543078,2.3574034179769,0.222087656569354,0.0881365072402942,41.9825253306856,0.543006613736209,-0.0594862508434815,0.0837857633683393,0.0749661059497556,0.572426307389782,25.5690418017455,37.3378800163906,34.0375102705426,50.9309781255202,67.0904450195724,80.186465967067,106.750886943757,94.5156641939121
"217","SWW_DH_SP","Spillman",2021,94.9880668257756,0.408516013000792,0.369583985803172,2.40973359089425,0.218114406825792,0.0866837337714064,46.0538274268699,0.579853237459613,-0.059169770404183,0.0813708314715678,0.0854442842184235,0.559763719933148,27.2800403768045,40.0326276464308,36.5170375967625,56.2373796258155,73.6955182925005,87.8203679149221,116.316001372375,103.044666506694
"218","SWW_DH_SP","Spillman",2021,93.5837245696401,0.341516403378382,0.308817606137576,2.05674828997878,0.208272187695822,0.0806903021698418,31.4155081880162,0.477412374012798,-0.0445961346711359,0.098581041185132,0.0587000034175139,0.527443839866373,26.7902800535549,39.3014608115786,36.5216453118941,49.0448429924648,63.7205828985094,75.0208893184587,99.8979973130245,91.1774195257424
"219","SWW_DH_SP","Spillman",2021,87.4936708860759,0.286187648853749,0.262750821344385,1.81361781882832,0.199141501381295,0.0756334404687575,20.4737486827692,0.373959930528982,-0.0323874473775317,0.112879498169252,0.0361492186693667,0.498613996084616,25.5808834028819,37.3581026239147,35.51810459018,42.8748340408698,55.1961133890265,64.3046689233402,85.9976410045287,80.4876774853898
"22","SWW_DH_SP","Spillman",2021,91.1836337067706,0.325133027568977,0.296997507919703,1.97976317610683,0.195945120802794,0.0760934629278822,30.5694665981058,0.442849860279648,-0.0463763013084208,0.0903619772261313,0.0587773116220834,0.489089108313975,26.3267065930167,38.8994573851848,36.559921540421,48.4647486541412,61.9343671536632,72.2532340930744,94.9762279261537,86.3349768494012
"220","SWW_DH_SP","Spillman",2021,91.2021857923497,0.299183611322434,0.275191934663046,1.86251358160478,0.193328587431507,0.0733254235321896,24.935252092618,0.407542085188426,-0.0333779496485275,0.105415374002001,0.0486279381406404,0.480097636362964,25.8757133839191,38.9573844193737,36.9715801139957,46.503613829811,59.4087401125418,68.8628726756064,90.9201081963258,84.9629314021842
"221","SWW_DH_SP","Spillman",2021,90.305635148042,0.307805482304919,0.282149692336526,1.90134509764325,0.199244985811115,0.075717857720549,25.6195693221305,0.415179061556266,-0.0414464730814333,0.100527192855245,0.048140872830091,0.498683755811014,26.1950929612986,38.6453193551021,36.5542251157228,46.2563643921478,59.5420000320079,69.3736818653873,92.1407712180932,84.6868389470197
"222","SWW_DH_SP","Spillman",2021,82.8767123287671,0.296287307635206,0.272858129370295,1.85893497436353,0.199955759523543,0.076387015671997,22.8649719063673,0.366768185331896,-0.0445045634214632,0.0963976760810007,0.0387622151768344,0.501426148778264,24.3607732599253,35.8709732638074,34.1122747979095,42.0154689054017,54.114074557091,63.1667005479401,83.6987743683683,76.403464129623
"223","SWW_DH_SP","Spillman",2021,85.5501546619532,0.284738915069198,0.260515442769034,1.8048080080199,0.193919102443558,0.0731419445913986,21.7392604213503,0.363821280210168,-0.0358213262840062,0.104958320816735,0.0375164525388214,0.482536663771189,25.5038015707966,37.3524551472006,35.4665995966649,43.1035182153946,55.1081581374115,63.8280175036356,84.6077582317623,78.6955498037196
"224","SWW_DH_SP","Spillman",2021,79.9822064056939,0.308044240226729,0.282010127572274,1.90596943879225,0.212166652735424,0.0813136874388732,21.9403973717584,0.367937184170757,-0.0475920900082117,0.100717117943004,0.0351974479465371,0.539899442868248,22.3864770985723,32.687122435627,30.879287392897,38.1461692360046,49.8978955809291,58.836364579642,79.1247140998847,71.7761754816885
"225","SWW_DH_SP","Spillman",2021,84.6330275229358,0.306733800169768,0.282034432301849,1.89580859628606,0.210093496373054,0.0816358400315407,21.9181694949822,0.387665266678149,-0.0459435061398999,0.102881193511987,0.0387944977712846,0.533453635722198,23.6851113966691,34.4982387861273,32.6909235652773,40.3679554671844,52.5239060648004,61.9252780541621,83.3873409568837,75.9549527281127
"226","SWW_DH_SP","Spillman",2021,89.706546275395,0.338282051483903,0.30816361697093,2.04143312603385,0.208558256813073,0.080513221482742,30.1754052611268,0.453276048291619,-0.0489395865616146,0.0955127631985669,0.0557187753824398,0.528329244792384,25.6326570167087,37.2229327157636,34.8040197101796,46.3652630661672,60.2921068422499,70.9552258785261,94.7062051100319,85.7039698830106
"227","SWW_DH_SP","Spillman",2021,90.6660823838738,0.373652957471774,0.341583413205833,2.21461983611011,0.218940041673792,0.0868456804280062,37.9074009015164,0.50620136677251,-0.0532519970569285,0.0895117470677993,0.0672859314330755,0.561929866844356,27.0809146678794,39.0746508214493,36.2998955727088,51.3393723164149,67.3527795036287,80.2659226972669,106.856601213349,95.7985935820749
"228","SWW_DH_SP","Spillman",2021,84.8090982940699,0.378696914003988,0.34378057301246,2.24280810255439,0.209659689776605,0.0833321156128071,40.9925328403554,0.479875063068883,-0.0473408128099768,0.0914776285159516,0.0692226137443213,0.531771485221708,24.4385840115528,36.1865008452528,33.4034538833009,48.8235947518593,63.2567344825971,74.8471974736529,98.7992771450687,89.6447440158475
"229","SWW_DH_SP","Spillman",2021,86.4060417592181,0.35713574660522,0.323743533633515,2.1315805583339,0.198463898340776,0.0768178579510177,37.8804688052491,0.461019320678472,-0.0425866727531851,0.0949556714411394,0.0675565060198822,0.496462796335454,24.6594280927632,36.7804717599192,34.0985750483227,48.4331438647522,62.1247785217497,72.5615526433887,95.5529229880405,87.5663413647129
"23","SWW_DH_SP","Spillman",2021,88.6241007194245,0.37621588281274,0.343414836804002,2.22398062640102,0.20514869394678,0.0810617153015752,41.4062747931441,0.498175978262744,-0.0509917404955711,0.0837816912172425,0.0751654951972037,0.517718516957811,25.0837630612334,37.7893875516997,35.048638895602,51.3549702145378,66.2084641339952,77.9921882872998,102.173352050238,91.9962302651572
"230","SWW_DH_SP","Spillman",2021,90.5277401894452,0.366126567476615,0.333744620987016,2.17583227978169,0.196345002137843,0.077276577838351,41.5085431194317,0.495240498843892,-0.0426186066372767,0.0911967496166398,0.0772830449615547,0.490032034467552,26.3258636126981,39.3402507955505,36.5436959966214,53.2468668332595,67.9338060661941,79.41518706487,103.767962540117,95.0723264553881
"231","SWW_DH_SP","Spillman",2021,90.3740875912409,0.338321580305576,0.307955289011359,2.037283777736,0.187490289794524,0.073269207074702,36.5926544559628,0.456789727064277,-0.0373718710555967,0.0948997698775152,0.0695689404043336,0.462979405819019,26.3317760299514,39.4132271154717,36.8362249226926,51.2294332123331,64.6727163528289,74.9918102913401,97.6641906693917,90.4568871782768
"232","SWW_DH_SP","Spillman",2021,92.0726306465899,0.380464670813011,0.34775990017173,2.25097521180206,0.199993072892413,0.0797131477410308,43.3624397387906,0.523411124964609,-0.0454928901137373,0.0913292953705939,0.0834020254978809,0.501028470410844,26.0476162031273,39.0696300214613,36.2360555398152,54.2286634941119,69.3552129185232,81.4581074299567,107.163820542093,97.6102981187612
"233","SWW_DH_SP","Spillman",2021,89.9622997172479,0.37023441501745,0.341812679276613,2.19901260529056,0.19626676947635,0.0784443531779244,42.116040694787,0.497677145217273,-0.043144586362093,0.0942099948050089,0.0808795457342451,0.48987609859964,25.7217011375444,38.6404067493953,36.203494309764,53.2684276828269,67.7962921673778,79.4511367376046,104.551165029564,95.6814063855436
"234","SWW_DH_SP","Spillman",2021,82.6008968609866,0.350523389629177,0.321372871587604,2.09874308380397,0.192528990222115,0.0767734507338042,37.6629466804049,0.432556509452276,-0.0401140594626531,0.0968244098737212,0.0668137215786989,0.478066890268376,23.3865372019111,35.1118310269432,32.8772876326719,46.6194401410645,59.0718721380845,68.9865411759988,90.743938938478,83.5675819748918
"24","SWW_DH_SP","Spillman",2021,89.6663577386469,0.338499917295366,0.307824078255853,2.03727154387724,0.2003896924531,0.0785165884728048,32.4371069621194,0.45337952596646,-0.0469923792249416,0.0916650635179889,0.0608110102020215,0.502337459298878,25.617485260747,37.5995125741,35.1118381820985,47.5964406420588,61.0702323024466,71.5610209327918,94.4558521524303,85.8072731620189
"25","SWW_DH_SP","Spillman",2021,84.0097799511003,0.278161208854898,0.252571497770558,1.78196201074846,0.179227027269082,0.0682433150643036,23.8261255599079,0.349021286482298,-0.040269666361869,0.0945935136313217,0.0411944485450327,0.43848364620196,24.9911847898728,36.9199055583524,34.9476150811982,43.2324104182915,54.2145635241537,62.258713046228,81.4731791026701,75.0258654312755
"26","SWW_DH_SP","Spillman",2021,87.1478873239437,0.381812071291296,0.346836091867207,2.25224144528761,0.205566843724782,0.0825333043545107,42.9550470046398,0.497187461869094,-0.0597333694747111,0.073691777754548,0.0753373471131691,0.518643220108101,25.4134879269135,37.5311941525664,34.6290786428823,51.2728106950598,65.9450004574746,77.8668907393581,101.813083610563,90.1443780928284
"27","SWW_DH_SP","Spillman",2021,91.7310313493866,0.381425083156165,0.344620871397698,2.25095713472889,0.202439925969822,0.0812136783692718,43.8774839370871,0.52280807543345,-0.0544355080317204,0.0786874026895754,0.080094009558475,0.508663930037631,26.4890226895639,39.6617009816034,36.431609468853,54.3398056962368,69.6402231664575,82.0349626395056,107.171009963751,95.9011441872797
"28","SWW_DH_SP","Spillman",2021,94.3729136862184,0.376657691684938,0.344201171212487,2.22580860995733,0.205623118139695,0.0818182957470917,40.8174192018523,0.531094148643106,-0.0609809033299285,0.0772693399855831,0.080245536066607,0.518942923159029,26.7629305442559,39.9054538370453,37.0445677454466,54.1460423134034,69.7479695744251,82.2519214228634,108.503388028896,95.850179622125
"29","SWW_DH_SP","Spillman",2021,90.5119774542038,0.329425283676999,0.299417204423274,1.9986564050262,0.197503401994801,0.0770974112597965,32.4503474766796,0.445458375590623,-0.0453794435028633,0.0910957812365063,0.0586437969670777,0.493620110398444,27.3552692104278,39.9708384555329,37.4067293618632,49.9481160239816,63.8950807785729,74.674455147245,98.1127619228106,89.4286404435303
"3","SWW_DH_SP","Spillman",2021,83.7334437086093,0.355195121406531,0.324398081763601,2.11852594108164,0.21377347556474,0.0842978707377742,33.0343395745716,0.444280602351431,-0.0638456618448919,0.074044828842986,0.0569952937686883,0.544722525331048,23.6955244634015,34.6774107814515,32.3665080478555,44.3126654419343,57.7930445504416,68.528231152412,90.334661469626,79.2665296311168
"30","SWW_DH_SP","Spillman",2021,92.6066350710901,0.358954841722986,0.326322156191095,2.14141501495744,0.197069470593726,0.0769924176648265,38.7376975527161,0.496625964024732,-0.0480382551267313,0.0878627558722003,0.0746381797983991,0.492477440817055,26.0896881583733,39.3684195322493,36.5641927483519,52.3735006874917,66.9505488915376,78.232987128123,102.667220844395,92.9975918999128
"31","SWW_DH_SP","Spillman",2021,87.7311682453766,0.357242024642885,0.32702131021606,2.13053991643052,0.208329689607405,0.0821909108084936,35.3962055062294,0.468226834384928,-0.0491826454290387,0.0897735733368597,0.0643250824688624,0.527717493490251,25.1700019391718,37.1105422193963,34.6612241166751,48.1824726963247,62.4126197427276,73.6803213919112,97.3813687758031,88.0555363295001
"32","SWW_DH_SP","Spillman",2021,91.351888667992,0.305308786833207,0.276237965459111,1.89289716464704,0.184302875769571,0.0699290944020964,29.1795007656841,0.416606712865551,-0.0478874255915944,0.0857402813648361,0.0549230143249378,0.45333485321532,26.6900874005886,39.9638835482099,37.5172488940739,48.7732674203787,61.5799897930426,70.9356441422408,92.6283054946601,83.983680209568
"33","SWW_DH_SP","Spillman",2021,87.5965250965251,0.32895669977165,0.298401376696866,1.99909020234586,0.203512197002692,0.0778208224689518,28.6492694661006,0.430358951551697,-0.0536274455453704,0.0879863578710438,0.052402346274622,0.512254501405374,24.3879711944562,35.820673767767,33.4755423631852,44.1285762522083,57.0866394919313,66.8128969550512,88.7226362593435,79.4861751897632
"34","SWW_DH_SP","Spillman",2021,92.8607089365951,0.335527408216862,0.304608153361884,2.02300958283243,0.206490639628393,0.0800820852384588,31.4166295503987,0.465465733732512,-0.0584450026105646,0.0798102820392059,0.0573742753705684,0.521846473820097,27.8208113858779,40.342165325847,37.6583402914761,50.027087836392,64.8180208086712,76.2003942116322,100.527174078699,89.2060423730587
"35","SWW_DH_SP","Spillman",2021,94.8883374689826,0.36442682093925,0.332233345162067,2.16915342856695,0.2011813120117,0.0786222925731644,40.3508788680725,0.516700910736168,-0.0487008112582397,0.082867594388681,0.0769505391152752,0.505336295751618,27.8291415904074,41.7614526759182,38.832644541194,55.7346051775167,71.6273029465707,83.965550580553,109.280911980999,98.864624606368
"36","SWW_DH_SP","Spillman",2021,93.549928332537,0.361982562109019,0.329117202031602,2.15350581950155,0.198978304315643,0.0775100542831557,40.7564318682993,0.506007373201254,-0.0523943918389274,0.0780127324963459,0.0757518518822052,0.498079480322721,27.5833994025302,41.5812267477524,38.6024439881857,55.3890168998787,71.0186781978977,83.0715025079355,107.845288151211,96.802359864268
"37","SWW_DH_SP","Spillman",2021,87.7630934899657,0.335500942955296,0.305376887546808,2.02547540591372,0.192199793849847,0.0735181197854264,35.621452026411,0.439934433842154,-0.0453764199481111,0.0851114072410651,0.0633214130217475,0.477476724310256,26.2789106099352,39.4297684953226,36.8817869671766,50.3644287630528,64.1646344611468,74.4121889974015,96.6839160381926,88.1082527904608
"38","SWW_DH_SP","Spillman",2021,88.5808270676692,0.326034242951467,0.295284101860652,1.98414012855045,0.195671397365935,0.0749601168023515,32.6912795587758,0.43148632149995,-0.0466724006215554,0.0860392489740514,0.0563045384024707,0.488064212757169,26.8793735266554,39.8232976490323,37.2108338490358,49.5510513965784,63.4067347073909,73.7866902097416,96.1856216194352,87.3818739233981
"39","SWW_DH_SP","Spillman",2021,84.3796342066238,0.301673545872727,0.272467500694797,1.88005297014696,0.187102935428595,0.0708691475617341,29.020646485046,0.380296646170041,-0.0414469218560908,0.0886340394920037,0.0469514734698047,0.461974568293629,26.1236506177981,38.7910750754219,36.4149533383913,46.683682046326,59.1779789300653,68.3030762911914,88.5955816100615,81.3503325993133
"4","SWW_DH_SP","Spillman",2021,78.9733059548255,0.314758121393817,0.286085739070204,1.9395162481175,0.196561589061347,0.0755463624055161,28.3659370599355,0.371310206718627,-0.0515084557378975,0.0818132504496491,0.0451028278735394,0.491217602703383,23.3621666582473,34.2060127036813,32.1325654818928,41.6026802955166,53.3187305431819,62.1654643980417,81.132598223665,72.9201179132919
"40","SWW_DH_SP","Spillman",2021,86.6438356164384,0.290889890237046,0.263399757389005,1.83680902933982,0.177952148146464,0.0664287461076197,29.0032161789291,0.376558203101358,-0.0382188588947446,0.0904360770065924,0.0489527608780907,0.434329282465254,27.1043788121329,40.6178653055333,38.2818730228989,48.8584051248031,61.3343498852847,70.178424479556,90.7468954318335,83.8660753241133
"41","SWW_DH_SP","Spillman",2021,87.8353376503238,0.296562348235943,0.266774428513803,1.86326967006065,0.184088391253674,0.0696855842922416,28.5169173410186,0.389163614922198,-0.0416514579365398,0.0862241638244871,0.0474344157766388,0.453095572802942,27.0913041285327,40.6430819668174,38.1053259599201,48.5812657831609,61.3665161485373,70.6780852338004,91.297642492485,83.7763224893123
"42","SWW_DH_SP","Spillman",2021,92.7936359382312,0.332750718693581,0.298915277026986,2.01366025933948,0.193487892044075,0.0738048522149259,34.2887917252829,0.461295402604152,-0.0494157588942599,0.0829027308370432,0.0624546701464046,0.481297077869387,27.4466106624054,41.0641523154895,38.0948373031346,51.6674058734789,65.979410693351,76.5917221351921,99.8551035454832,90.2126058449298
"43","SWW_DH_SP","Spillman",2021,93.9179632248939,0.361098740816084,0.328020354760442,2.14678033539588,0.202306839739905,0.0786580317071554,38.2697784921846,0.506682635608646,-0.0493442773049352,0.0864790053591775,0.0733884678375494,0.508558498888879,26.914731263439,40.2664278073512,37.3562701984723,53.0700841099857,68.3457325684739,80.1077755784661,105.194253835397,95.0437289758126
"44","SWW_DH_SP","Spillman",2021,90.1736745886654,0.377051772828175,0.342024555191684,2.22663064537342,0.20818942982012,0.0818944079083852,40.8216632257538,0.508001222123696,-0.0524765109006751,0.0823875832951403,0.0739345156136876,0.526968684197885,25.7703285927008,38.4241330968828,35.4582730077468,51.6895473343514,66.9471872010569,78.9517778183407,103.506224512811,92.9440791979351
"45","SWW_DH_SP","Spillman",2021,90.0175901495163,0.354739867348867,0.321913357136888,2.11784673053064,0.201707237104425,0.078358513226308,37.1636471141045,0.477091610758048,-0.0518645607139882,0.0815333200418928,0.0675113141963977,0.506921984136524,26.3372858796895,39.0711528490336,36.2913039973683,50.8268289934759,65.4134548901228,76.6166874056638,100.103709652552,90.006999040278
"46","SWW_DH_SP","Spillman",2021,92.7073837739289,0.366751660442273,0.329876507434702,2.17572176713086,0.192056297552479,0.0743601014343024,44.7238204939376,0.508099114551373,-0.0560336929497696,0.0705568907351822,0.0799949888158898,0.476364865041173,27.751452366559,42.1545540424312,38.7559410033968,57.1187087887785,72.6107020525718,84.357023378934,108.72485474471,96.9626570397503
"47","SWW_DH_SP","Spillman",2021,90.021978021978,0.353380134257511,0.319943676496569,2.10584992035532,0.187374456276225,0.0723015153845279,43.1397046762365,0.475410743376838,-0.0558000383176385,0.0693354263875644,0.0757713763570066,0.4621764986986,28.2346897703049,42.0400298140639,38.9993944405115,56.0481377502988,70.8643138337443,81.9770250372937,105.341597498418,94.041522417241
"48","SWW_DH_SP","Spillman",2021,84.8917748917749,0.337713162054631,0.303769698903205,2.03951736644377,0.181362914793311,0.0690650846037661,39.5960383523148,0.428373757615783,-0.0475475906784184,0.0778787035907939,0.066724991592088,0.444213119795537,25.4112014649435,38.7333781959441,35.9135480516746,50.5806831177575,63.5985132334103,73.1435162857647,93.9902594365343,85.2652926216554
"49","SWW_DH_SP","Spillman",2021,92.1816479400749,0.333323219715256,0.303891596265862,2.00953609129313,0.181802718518856,0.0698269102842075,38.579165683386,0.459125441845445,-0.043990435869718,0.0825863361275194,0.0727668688658351,0.445401570634163,27.9153155730038,42.457034004429,39.7745926132341,55.240878469924,69.3745624769575,79.8422128031084,102.878143533376,94.1074492111956
"5","SWW_DH_SP","Spillman",2021,83.677863910422,0.358673475559534,0.326167820899838,2.13961670770105,0.21141560889591,0.0830296998785189,33.9681933577425,0.448317645266059,-0.0667531882230814,0.0700195734406917,0.0590491176280612,0.537370444505439,23.3767376978842,34.3005514371318,31.88107048505,44.2055001104041,57.5190832939624,68.0221003879031,89.4952004403515,78.0653310038846
"50","SWW_DH_SP","Spillman",2021,86.9668246445498,0.318126098543073,0.289549891774922,1.94537169989651,0.182654409242088,0.0701561459706353,32.9994568614592,0.413308841520538,-0.0475326957683713,0.0814404208685884,0.0604848307597664,0.447918241568876,25.352026883323,38.4256503831901,36.0820246828252,48.3979672399835,60.8726128977115,70.1300806679834,90.7925837170638,82.4282712213256
"51","SWW_DH_SP","Spillman",2021,88.6456908344733,0.331121797763221,0.303494294409097,2.00472927149814,0.192213657821621,0.0754844266315105,33.2238789651986,0.438488484745316,-0.0582116121780493,0.0762202111922872,0.0629767531648936,0.477308617944796,25.5762302258063,38.2327175651715,35.964697258561,48.6921916959198,61.795465553135,71.9598931551161,94.1502297094659,83.6500353525077
"52","SWW_DH_SP","Spillman",2021,84.7795823665893,0.298455202340673,0.269834802030733,1.86688779616009,0.185702058179302,0.0717268489412578,26.8409394475705,0.377919678920605,-0.0520807617408039,0.0817853926430956,0.0466022065904006,0.457320262580762,24.6039529602725,36.552007735419,34.3548631218622,43.9186224688705,55.4013671478587,64.0389889784531,83.6918525039273,75.2549413619443
"53","SWW_DH_SP","Spillman",2021,87.6811594202899,0.338558020582252,0.307119970299461,2.03995625127972,0.187611851397724,0.0736361884111257,36.4735134270872,0.443479717183912,-0.0531545650543101,0.0768005837930573,0.0669834939615089,0.46337979008939,25.3761631343793,38.265176589132,35.690626232157,49.5835018413506,62.5391574063579,72.5333420409074,94.1006978382856,84.4741181999357
"54","SWW_DH_SP","Spillman",2021,94.2789598108747,0.36336788368963,0.332750176290576,2.15857034605222,0.196894791082481,0.0779706565801558,41.422586029572,0.511906042631202,-0.0573318548650034,0.0752885074088927,0.0797796581256933,0.491810889332302,27.6685514640301,41.7672861088749,38.9651596462735,56.2688345413705,71.7322594134466,83.9357830960631,109.463238681469,97.3642338035802
"55","SWW_DH_SP","Spillman",2021,88.0326382592928,0.342294736042719,0.312045607289185,2.05491440976633,0.187133220794185,0.0724783081007043,38.1074069120353,0.450212821029599,-0.0509807285661851,0.078974096016682,0.0701757713487881,0.461496652732433,25.6257167396405,38.9126004131772,36.3750572949706,51.0486564667137,64.4789867394232,74.6189108628518,96.7799519714495,87.2511775208393
"56","SWW_DH_SP","Spillman",2021,87.3660714285714,0.349130330418582,0.316608948734106,2.0901800468291,0.18936499332747,0.0735440088719747,40.1281174863596,0.455767609655932,-0.046017943502739,0.0838208273822164,0.0704342416888913,0.468760862736325,26.1960616946145,39.2768933251519,36.5185518613407,51.8833660064436,65.7040923182338,76.2200625575688,98.8158795667113,89.9153013839641
"57","SWW_DH_SP","Spillman",2021,91.4081145584725,0.36283719967542,0.330312469061724,2.16218502282522,0.200954595916804,0.0782773160331557,39.5653199878373,0.495550718948303,-0.058519466354288,0.0750162864239703,0.0731359121325705,0.504105289819907,26.3917284037562,39.6223635968792,36.7990992451982,52.780025699986,67.824326633975,79.4304960106558,103.834016434298,92.1018525408286
"58","SWW_DH_SP","Spillman",2021,93.569431500466,0.36556684585559,0.33053688238329,2.17170822109145,0.188720399267525,0.0733192766647673,45.838843448522,0.511205427985092,-0.049440157109548,0.0759594129580991,0.0832472192872581,0.466462462415537,28.6466486639519,43.3906293336535,40.0765219838531,59.1473009815954,74.852084794708,86.7958417187701,111.59182924412,100.844214881744
"59","SWW_DH_SP","Spillman",2021,95.8608542492294,0.37011955255289,0.333087545255193,2.19300256045835,0.196844355269809,0.0765744812310303,43.9779160278351,0.530200967673167,-0.0538075232939468,0.0744356508318423,0.0812785623387049,0.4911836839289,29.0161938186782,43.4263028209496,39.9270464396156,58.520538824946,74.8256629332651,87.3338326845598,112.888419159899,101.146539097356
"6","SWW_DH_SP","Spillman",2021,81.1115935735996,0.296717703050286,0.270329710584025,1.85892478849226,0.184371363690769,0.0703083432699562,27.2729345002903,0.359504519559227,-0.0446481449851292,0.0837497984031931,0.0456922835797687,0.453444750134422,24.1215775905188,35.8891921207566,33.9055197396763,43.2220244288746,54.5611525430586,62.9134229998808,81.2980183803041,74.1602216542594
"60","SWW_DH_SP","Spillman",2021,89.9660688317984,0.337879528046469,0.302937195170694,2.03922529008347,0.194955012992066,0.0751103588049419,36.1267222217879,0.454181257532159,-0.0461749948830993,0.0848567714080722,0.061547166540963,0.48530753891653,27.3175855447197,40.5603047561921,37.5173553880495,51.466573848775,65.7460943220762,76.5287327810543,99.47226329318,90.483979239132
"61","SWW_DH_SP","Spillman",2021,91.8367346938776,0.390664535585276,0.350283431712465,2.30239522793872,0.214254957150294,0.0845811554379822,43.2811806405564,0.536094622929617,-0.0646722409794453,0.066661712465949,0.0755341627282014,0.546296291349251,26.9905859983913,39.5900967633478,36.0542397828614,53.5832509326174,69.9121223705174,82.9240722688209,107.946968124746,94.5470273468601
"62","SWW_DH_SP","Spillman",2021,94.8267447535383,0.348760777237237,0.315560813959933,2.08874714165422,0.206291604258804,0.0796237087405669,33.6612646821301,0.494032108163466,-0.058560886621479,0.0771810690537856,0.0646068228328283,0.521270267096768,26.842883610658,39.8931644015356,37.0289945369135,50.7359204005741,65.7672098185055,77.249591128863,101.387386879098,89.9110857708177
"63","SWW_DH_SP","Spillman",2021,89.047376464595,0.277546280355664,0.248574522970945,1.78505225491589,0.185840049048777,0.0694408182525316,22.4018752223587,0.369135667965061,-0.0413061574516805,0.0915992240633013,0.0368368335619804,0.458346113742115,26.4829230402847,39.5564679494242,37.1791020555909,45.3151998675257,57.4695050662533,66.1338311698771,86.3357789970478,79.2784091386391
"64","SWW_DH_SP","Spillman",2021,85.6007480130902,0.311424553495538,0.284004419507745,1.9202730566159,0.199312437056717,0.077055360067658,27.0821378381475,0.398220239238285,-0.0511828946506591,0.084708144518227,0.0464541346825373,0.499751584798812,25.4711607770329,37.6830186704013,35.5110008746878,45.2292804310787,58.0769865773631,67.8536080891055,89.0594441546883,80.2121464289038
"65","SWW_DH_SP","Spillman",2021,88.6475814412636,0.314120569423382,0.284571433174637,1.93370043749457,0.199903841746744,0.0764029533653681,27.1381808193691,0.415921645050361,-0.0489649633453175,0.0884376095856641,0.0478666561894604,0.500975961710799,25.2544249299238,37.8501432284802,35.4832219027299,45.5927288805936,58.6884387554776,68.4812677921407,90.1807966405164,81.5832221433658
"66","SWW_DH_SP","Spillman",2021,75.8260142199916,0.29487354701766,0.266180850577627,1.85897789770211,0.199646739409928,0.0764399539165919,22.9346913964972,0.333957651838835,-0.0418094664260772,0.095955047629341,0.0321871670978645,0.500608598128418,22.4103264816306,33.0119955283247,31.0409775955944,38.2286657532079,49.194112771721,57.4214210223689,75.6466096605827,69.3713387629568
"67","SWW_DH_SP","Spillman",2021,89.6471680594243,0.308602127613361,0.276879309869522,1.90767936903293,0.201765890786412,0.0771423091339883,25.457951620358,0.413203352385026,-0.0463470390941211,0.0921860861563091,0.0431702567248595,0.507062575886822,26.1560323802919,38.3998978768289,35.8357455755233,45.2451737592031,58.3886067028905,68.243558864944,90.0075314956152,81.8429271909591
"68","SWW_DH_SP","Spillman",2021,89.4736842105263,0.333006599539873,0.300624331433919,2.01751311951036,0.2040715582867,0.0793773787170487,31.381398561191,0.445106324327561,-0.0490443695334013,0.0870257738288211,0.0543835778189547,0.514304298513512,26.3881159874121,38.846882667606,36.1615108657505,48.0759672747201,62.0649807026465,72.8737963607049,95.6422490974078,86.4513271129876
"69","SWW_DH_SP","Spillman",2021,93.0364756039792,0.361132783610654,0.32869856477256,2.16367807248576,0.216250052235905,0.0847616850378869,33.6031572336758,0.501905442376865,-0.05320355665972,0.0899218885699889,0.063524724149502,0.554214324449625,26.0365619275996,38.3017849761509,35.5825606370304,49.142303552503,64.429241381718,76.5418790065477,101.991616600972,91.3477472214973
"7","SWW_DH_SP","Spillman",2021,85.5185015989036,0.30841995883457,0.280767903766289,1.90430315572596,0.19640847327264,0.0751706003689947,26.5452450153018,0.393953212501695,-0.0509466897789186,0.0829653323930052,0.0465148476532627,0.490013782569451,24.9312689692036,36.5937518601594,34.456922825621,43.9713150105674,56.3511440379123,65.6005645323015,85.7481479193609,77.2553149960674
"70","SWW_DH_SP","Spillman",2021,93.4963325183374,0.368101611399539,0.332250434632833,2.18337207450251,0.223016596082401,0.088062809088205,33.061005395807,0.514065364790488,-0.0724192805452908,0.0715869134974892,0.0620435422120531,0.57525859349508,25.7863707198861,37.5924657127674,34.6439220952948,47.8859467346059,63.2064182305382,75.4964710448591,100.771100510337,86.9546340951313
"71","SWW_DH_SP","Spillman",2021,95.3533397870281,0.357959106556004,0.322358254570706,2.13822898478353,0.216067761176584,0.0851217266787022,32.5802287664732,0.509826613837265,-0.0643996621471848,0.0783789651751962,0.0621669994690082,0.552817770090189,26.36962440305,38.7784618051426,35.7804908516132,49.0797701314322,64.2476636464296,76.3290661499967,101.573755528188,89.0410183377273
"72","SWW_DH_SP","Spillman",2021,92.087312414734,0.370680460765445,0.333140140661258,2.19974463373517,0.210425028636114,0.0826692008844357,37.590280372917,0.509933049330405,-0.0546568696059384,0.0839117296713404,0.0692959739804891,0.534479853931287,25.8125147897617,38.202860796332,35.0680007638556,50.1365592519094,65.1602092482616,77.0021856065262,101.609841521854,90.8371346698351
"73","SWW_DH_SP","Spillman",2021,84.4330855018587,0.317360013855859,0.286231241772966,1.94351335873459,0.197316132947515,0.0751495390829214,28.3835329880505,0.400229054159849,-0.0486552294272566,0.0897154328183766,0.0481904723100481,0.492902421411034,24.3092780500303,35.9068465273883,33.5288370036368,43.5830804618101,55.9574957942078,65.1342965650137,85.9127246151409,77.7834695977092
"74","SWW_DH_SP","Spillman",2021,86.4658058345289,0.318102627545434,0.289830183881926,1.95430859714472,0.202938817229978,0.0780809054285573,26.6731719682455,0.410800748100921,-0.0467226542110505,0.0960046489341865,0.0474679925645953,0.511133039128743,24.6325960116221,35.9472273638569,33.7850492836991,43.5242998363665,56.2352380326913,65.8921516203388,87.6239452986117,79.5653690161831
"75","SWW_DH_SP","Spillman",2021,88.1170816950633,0.322390268291296,0.29678285751742,1.96969384241119,0.195330134149767,0.0756584962662537,30.1734632958145,0.424361834879623,-0.0508722357672651,0.0865309930772231,0.0569651455096344,0.487122645336842,25.5629686593899,37.9059691300227,35.8364258498096,47.2550754612267,60.3413320433944,70.3079636161646,92.533176954532,83.3974512158809
"76","SWW_DH_SP","Spillman",2021,84.4850065189048,0.303066193072807,0.276298466583832,1.88087288200432,0.197409075092133,0.0762950498508068,24.452140266742,0.382387861915078,-0.0490699503634166,0.0927998776509051,0.043173514299805,0.493546771395401,24.1651583489769,35.3683317919251,33.3745898001305,41.9671032758969,53.7472747440057,62.6899501140199,83.2243087579165,75.3255101734301
"77","SWW_DH_SP","Spillman",2021,90.9298085688241,0.313211859045583,0.285837320226448,1.93169830720163,0.20317820793041,0.0799527568500224,25.1991357163251,0.425343857157379,-0.052565884681754,0.0924108185191347,0.0477797866505472,0.512138146773443,25.936286923069,37.6726983300411,35.4938762001897,45.0986087599087,58.0645874531055,68.2689970406586,91.2064284773663,81.8928493102404
"78","SWW_DH_SP","Spillman",2021,87.3665480427046,0.349186422554513,0.315020640501761,2.08976524525852,0.19849189805228,0.0791424241025696,37.4653119926882,0.455817407938888,-0.0540595469571856,0.0792558852759724,0.0640795053024901,0.496992213654474,26.5165940992771,38.8476990356667,35.9857664852468,50.1208705408168,63.9789070142855,75.06340847958,97.9904705992991,87.7562568515479
"79","SWW_DH_SP","Spillman",2021,87.1201157742402,0.330473974477044,0.297887272283986,1.99871519948798,0.195596086520909,0.0769136595810026,32.0581527013447,0.430062467091375,-0.0453993566428595,0.0925694524120226,0.0570373418707089,0.487649086028409,25.137066608567,37.2089359391359,34.6174988453004,46.4701895741854,59.2295620358491,69.1738577095571,91.1294522013262,83.0929953753326
"8","SWW_DH_SP","Spillman",2021,85.180412371134,0.357323316553164,0.325961334264496,2.13374194209592,0.20803949333157,0.0806553209659592,35.4130867461122,0.454707884925569,-0.0600896068889641,0.0748799357440894,0.0620095676149631,0.526543989328864,24.2239461009622,35.990369306249,33.538033381841,46.681778164774,60.6073162493352,71.3420182602379,93.5419219271898,82.6786474596848
"80","SWW_DH_SP","Spillman",2021,83.1989247311828,0.312305343872507,0.283471250454725,1.92767629472052,0.194785371308409,0.0759679480673038,28.128006354461,0.388115905336603,-0.04582474563574,0.0946449067288182,0.0473252933353202,0.485975471991168,24.2967184804783,35.8601781752026,33.6760134918005,43.5515161450098,55.5293982827451,64.7621653279351,85.7030542638869,78.001339318008
"81","SWW_DH_SP","Spillman",2021,91.7025862068966,0.315113625351226,0.287642545722699,1.93520344036532,0.197295742216112,0.0770444268326235,27.9983877794089,0.431628693491161,-0.0477844593993173,0.0935697383780156,0.0530774512068592,0.493030010589759,26.426282628213,39.1559924893139,36.8626355236763,47.718741507728,61.0342840002535,71.3343377987378,94.5882302471748,85.784380215698
"82","SWW_DH_SP","Spillman",2021,92.8043371118778,0.32875299738516,0.300358778655458,1.99820670871085,0.192117176792834,0.0738155424815755,33.4341612826275,0.455809560928355,-0.0488561010136023,0.0873944808791064,0.0640344189632435,0.477112313646386,27.431880007888,40.8106512056987,38.3229775601933,51.7144254853378,65.8700215269478,76.4996958107721,100.403188123933,90.817434938644
"83","SWW_DH_SP","Spillman",2021,90.8040201005025,0.326581428417137,0.296745342107628,1.98999314805774,0.199521452652597,0.0767573888050079,29.5061248320884,0.442926525413707,-0.0463648702631297,0.0939858629071414,0.0558735087355175,0.500311868887385,25.6422793197749,37.8037973474727,35.3966465283465,46.8070072760872,60.1895450066537,70.3157219181783,93.0410965902491,84.587067995975
"84","SWW_DH_SP","Spillman",2021,92.6153846153846,0.314655030772737,0.284572630813633,1.93297307784598,0.201506177606491,0.077763092720585,26.3547226074075,0.43524159708164,-0.0520918538728925,0.0882587502848823,0.0491120072319699,0.505892363054289,26.6178031930388,38.8052710802704,36.3233419012583,46.5106287977324,59.9262339283554,70.1236571719741,92.8385430247829,83.4902378278054
"85","SWW_DH_SP","Spillman",2021,93.4987593052109,0.384905893006191,0.348151661147967,2.27672807130536,0.215195132243823,0.0851575718718101,39.9977710245525,0.537669206862582,-0.0575900014957002,0.0815809007017695,0.0750300268135318,0.549686037877129,26.202826023825,38.7300910120831,35.5787572497644,52.0986718988273,68.0471966594903,80.825567855768,106.845653905673,94.9336681286917
"86","SWW_DH_SP","Spillman",2021,91.1065149948294,0.31555500126409,0.288412813032663,1.94126797360009,0.203165163409167,0.0780230897280313,26.5412555002793,0.429416883119039,-0.0521766588993265,0.0892070692679195,0.0492107174149789,0.511331953554134,26.6437862350106,38.9135569367532,36.6883837847268,46.8946064078918,60.575351962415,70.923884262213,94.0481565904017,84.5313843952013
"87","SWW_DH_SP","Spillman",2021,93.2802389248382,0.362788751931608,0.333145111113422,2.15672226135567,0.224763795787449,0.0888141987665469,31.7505366401182,0.505510496641338,-0.0619365725373351,0.0856904311279811,0.0613045276973152,0.581285606796979,26.0651823413971,37.9825311067092,35.5155195409567,48.2665238161906,63.8356751532479,76.3521175314251,102.68801312724,90.4792840313933
"88","SWW_DH_SP","Spillman",2021,88.6802295252999,0.299681200406246,0.271975873196641,1.86840121755577,0.202736634436837,0.0778698940735384,22.8443199746671,0.396908369489793,-0.0446643232302263,0.098631333586678,0.0394916252057071,0.509795193434682,25.7709495938912,37.5880411182187,35.3913022300846,43.7235051070505,56.460522201059,66.0859399817742,88.0066817935102,80.3275759278574
"89","SWW_DH_SP","Spillman",2021,78.1665845243963,0.259823295603736,0.235570766654859,1.71256094358116,0.184407488579459,0.0691833240482437,18.6940501094724,0.303336133685737,-0.0349226592964661,0.100445431790697,0.0267310995830069,0.453307576803726,23.916540088504,35.165086812075,33.4058914551644,39.3086851783952,49.7048657466644,57.1517327019125,74.9002104128841,69.743833295179
"9","SWW_DH_SP","Spillman",2021,86.346396965866,0.373286348770923,0.341757523772071,2.20613466866781,0.203746949136188,0.0799424066175898,43.2281156261946,0.481686716933643,-0.0540502555961715,0.07500662119602,0.0733223020367087,0.512525890487656,25.8950974374149,38.935596529569,36.2373064392409,52.8367032531791,68.0595716324334,79.9571889041529,103.63018385982,92.7274214997727
"90","SWW_DH_SP","Spillman",2021,74.5670460168234,0.254221778701731,0.231199481000741,1.69153040156546,0.187757442830965,0.0706374394019018,16.2615177325704,0.28310811425637,-0.0344635581748103,0.102244478115551,0.0216485728635179,0.463759370549614,22.6729007587959,33.2325602983293,31.6668939337105,36.5056653147566,46.3578164742973,53.4701272214353,70.2500830692432,65.4666843870598
"91","SWW_DH_SP","Spillman",2021,75.9894459102902,0.263502614715576,0.23774412829525,1.73257569030006,0.190731820507976,0.0714772716480537,17.6254216692209,0.299041254800419,-0.0343004861550334,0.103433936601601,0.0233270763988872,0.472985526842333,22.9224901411101,33.5137405371291,31.7363909300835,37.1152775732715,47.3597920337244,54.7410801289098,72.093927805737,67.1637164551941
"92","SWW_DH_SP","Spillman",2021,68.2768230376219,0.250982046233852,0.225751883722702,1.68232173889598,0.185912530094892,0.0695312028932358,16.2596970048657,0.255933478768269,-0.0319686579924613,0.103777295172268,0.0180577629983408,0.457903452123534,21.1611169353898,30.9003450736399,29.3005702752184,33.7011975487173,42.7258579740385,49.1657399972736,64.5078097137596,60.4083405356881
"93","SWW_DH_SP","Spillman",2021,78.5544460294817,0.268508747572305,0.241894487683495,1.75181883014311,0.188726145584791,0.0702784911819077,19.6228284441479,0.315028064008021,-0.0367247401680372,0.101075021795462,0.0274254060128431,0.467179864119797,23.6452466263716,34.8757506758823,32.9569176565007,39.2018357172378,49.9448211910807,57.6195826228314,75.8768395579587,70.2762109786421
"94","SWW_DH_SP","Spillman",2021,82.9131652661064,0.300203681678318,0.269142609184416,1.87453540692783,0.198559299409398,0.0764663022426869,25.3830116321093,0.371828820624714,-0.0400504242857514,0.0967188998741011,0.037721867303746,0.497054190693982,25.7400254460008,37.3069205365209,34.8748062553746,43.522771324954,55.8864178848152,65.2339097511069,85.7728195339807,78.9635885340559
"95","SWW_DH_SP","Spillman",2021,88.8741721854305,0.316389669076162,0.287968869081064,1.94556585269464,0.221769617539808,0.0859798349809004,21.4899937610939,0.419911041247077,-0.0525380571239761,0.09973230015048,0.0364981640210957,0.571667420525843,25.1640239600427,36.0233685278258,33.8519126270768,41.7021285245378,55.1363013312068,65.598594894012,88.9984419293561,79.9090182198724
"96","SWW_DH_SP","Spillman",2021,86.5869853917663,0.326787376112821,0.300351991504653,1.9912192616087,0.205287882833712,0.0799573663256072,28.6793813453057,0.422667082953378,-0.051506356526646,0.0912978513957669,0.0516568795832633,0.518008637290473,24.9039574638414,36.6330322667348,34.5533091714795,45.1643970187397,58.4027530368199,68.6577751748909,91.367327226688,82.1873944685747
"97","SWW_DH_SP","Spillman",2021,91.5348837209302,0.390167329750816,0.352526156031208,2.302420213125,0.21463542109642,0.0851521000245706,41.42975377935,0.533585553796508,-0.0550149242798258,0.0870468979435263,0.0761490432022433,0.547945313158151,25.6064365048404,37.9312938001346,34.75226097926,51.5489113876061,67.2744815827556,79.9202808818636,106.254162595221,94.8694349511886
"98","SWW_DH_SP","Spillman",2021,90.0692840646651,0.362369201003986,0.330027184934822,2.15921427686743,0.214372597645082,0.0843743845694734,33.7369225467835,0.487519358125383,-0.0620300421697928,0.0812637416363163,0.0636669688148447,0.547081514798789,24.5924628060289,36.297171398121,33.723339885778,46.922771260988,61.2989716622354,72.7244474099092,96.8337503619964,85.2781306044369
"99","SWW_DH_SP","Spillman",2021,88.353765323993,0.362756649815794,0.326753261232643,2.16098324912134,0.207892775359684,0.0813728677924605,36.2422598020536,0.478778464460951,-0.0575885322471838,0.0807023508745861,0.0647345617387414,0.526272330843626,24.6213574422252,36.5208149406511,33.6550901616147,47.5841677045228,61.6730369890157,72.7186515434329,95.8504118544752,85.1849069770263
