"Plot_ID","Trial","Loc","Year","%Can.Cover_159","NDVI_159","GNDVI_159","SR_159","NDRE1_159","NDRE2_159","TCARI_159","SAVI_159","NWI1_159","NWI2_159","MTVI_159","ChlRE_159","BLU_159","GRN_159","RED_159","RE1_159","RE2_159","NIR_159","900_159","975_159"
"1","Hard_F5_SP","Spillman",2021,80.0992966487381,0.311345017190148,0.282345761296441,1.91908115189798,0.209508701715486,0.0863222444706589,24.7832296136233,0.372534768034054,-0.0703812318155989,0.071641387825539,0.0369935836681086,0.531406587460752,24.931374653408,35.4633475881769,33.2999183147319,41.4701500635397,53.3780121191129,63.5084847295767,84.4578428076126,73.1980756196046
"10","Hard_F5_SP","Spillman",2021,84.8275862068966,0.278712024992028,0.251068996781364,1.78420640831276,0.186189640434407,0.0744229815002055,24.3073567398704,0.353241301549392,-0.0555657153904615,0.0771939694098407,0.0364894762519408,0.458716441983302,27.7423588834774,41.1048505599913,38.7547479451544,47.1542992889315,59.2095449002454,68.7710609249801,89.7407402288374,80.1722733819912
"100","Hard_F5_SP","Spillman",2021,82.1071752951862,0.303134837096423,0.271592520738565,1.88093141615624,0.192301446211322,0.0767607051495207,28.6051316117561,0.371871793678695,-0.0555868738111773,0.0805797458555314,0.0424570812791632,0.477144839332939,26.0447479752145,38.5755071016856,36.0193231255611,45.7090375971286,57.8804041225977,67.5627106308241,88.7509389421166,79.2578822298884
"101","Hard_F5_SP","Spillman",2021,88.253164556962,0.316903007071158,0.28348524123442,1.93833281872666,0.198536637060173,0.0805395993758153,31.0508495741328,0.417903094408195,-0.058244946171817,0.0771927657952355,0.0482686830404032,0.496385442726879,28.5682556206724,41.9237638068607,38.964388357318,50.3213122142624,64.0442923541289,75.3078813591234,98.813863672141,87.769175716154
"102","Hard_F5_SP","Spillman",2021,80.8845208845209,0.280563566511128,0.252333720324129,1.79335414193082,0.201104159942967,0.0809688989743074,20.0776256903328,0.338992396186612,-0.0529028842008516,0.0888390949809071,0.0268094576395918,0.504492503066569,25.6120674520954,37.1529259914191,34.9786818163536,41.4728336254779,53.0323053130183,62.4310556824327,82.9735441615784,74.4796997712611
"103","Hard_F5_SP","Spillman",2021,78.2125603864734,0.277151045372993,0.249452350900323,1.77526992288003,0.198200918696344,0.0801001988804247,20.0011644416164,0.323806388291375,-0.0528355148070995,0.0873999632805142,0.026337485534109,0.495318211382029,24.8967229490084,36.0780190107662,34.0043462005437,40.2375669817065,51.2258193218479,60.1831010659231,79.7237200908691,71.6149979133793
"104","Hard_F5_SP","Spillman",2021,79.2571152918476,0.277770853348881,0.250902917876225,1.78045185433592,0.199626439140261,0.0804474264532028,19.0930370433839,0.328818587018791,-0.0562840328156885,0.087137765104642,0.0264616471644858,0.499819168426131,24.0661641937089,35.1781550794813,33.2141531285545,39.275414541991,50.1290829000523,58.9530356085542,78.5850491355447,70.0657811166709
"105","Hard_F5_SP","Spillman",2021,85.8264081255771,0.308406940589971,0.27851136584899,1.90448760305348,0.199391783774157,0.0814670600069149,27.605445142598,0.395460408285209,-0.0573469995740548,0.0807798348190538,0.0437240076235555,0.499317550861307,27.1256936906262,39.6100761463527,37.1274104952843,46.931195535895,59.7187282585518,70.3522705806775,92.8015311007276,82.5795998817994
"106","Hard_F5_SP","Spillman",2021,80.9459459459459,0.300045117547049,0.26953279684276,1.87111065191962,0.196374524713309,0.0801948165803903,26.1096936556442,0.362839156028291,-0.0532649438082003,0.0852029681410486,0.0383067316645241,0.489998513571861,25.3789442147725,37.1558710823248,34.7795125968256,43.4551004381913,55.12286631655,64.7994199599338,85.5443131503825,76.7155969336833
"107","Hard_F5_SP","Spillman",2021,87.4245939675174,0.346454716938605,0.312169415712162,2.08551848364665,0.201772841086734,0.0835181831086758,36.2788722809591,0.452579318796778,-0.0577462198541752,0.07870598305714,0.0601622747523012,0.506763359313159,26.7727464341716,39.6873963638681,36.771145076663,50.4309533411982,64.2664678683758,76.0735920736632,100.023000578546,88.868697879979
"108","Hard_F5_SP","Spillman",2021,86.6153105440539,0.337928076160855,0.305313982040219,2.03932759022421,0.205581364857649,0.0849408115079361,31.7849443297766,0.437258781410873,-0.0599618789393951,0.0796248997854506,0.0541485045064065,0.51908173518901,25.4499298123179,37.5688155572379,34.9498932782652,46.6152555921784,59.7076820548414,70.87638031108,93.795954662487,82.959043369051
"109","Hard_F5_SP","Spillman",2021,81.8988464951198,0.285980833545825,0.255276866079803,1.8142041775479,0.179355737299756,0.0728176426336529,27.2205994715349,0.349905770920267,-0.0463088868569379,0.0847792936739391,0.0413645559911147,0.43816605226792,25.693623686498,38.4894258589927,36.0419136766921,45.2280343007688,56.1972315393636,65.0801347379333,84.6162533993084,76.984038442673
"11","Hard_F5_SP","Spillman",2021,34.8925410872314,0.198360688959943,0.182948342337821,1.49950933856187,0.172708922653666,0.0676176320437796,7.13190210421346,0.103392805934237,-0.0415993178392142,0.0934221131032593,0.00242673264829714,0.41816926903615,12.0173516911536,17.5260624231089,16.9827656562111,17.9015550401453,22.1631899961809,25.3850128879252,33.2756997665164,30.5955970805076
"110","Hard_F5_SP","Spillman",2021,75.4156171284635,0.273680697655805,0.246976541017201,1.76759942316892,0.187152341085494,0.0768449178692495,22.4520354845112,0.308360325437732,-0.0530795711754362,0.0798091879503366,0.0297378996966524,0.461843347308939,24.7943601247973,36.0705308989749,34.0807042454388,40.9558493874477,51.3030567573105,59.8992375892341,78.1980725601661,70.16592112716
"111","Hard_F5_SP","Spillman",2021,89.6694214876033,0.313108011481653,0.28311882298861,1.92874855649821,0.195023649321656,0.080497335573814,28.6247591839862,0.419411218863429,-0.0505969820477023,0.0882823374005925,0.0507215636315833,0.486027644661107,26.9741224880406,39.759937865531,37.2583709689165,48.0206219176756,60.6981331279045,71.4045966566397,94.3285994320846,85.0367764871561
"112","Hard_F5_SP","Spillman",2021,82.3557237464522,0.26383625699606,0.24046166973272,1.73182449609385,0.183106007983429,0.0745030195785864,20.6160099305276,0.324605645466036,-0.0458256795400673,0.0873935818833912,0.0313106939196458,0.449574310536913,27.0012650986394,39.0793456370233,37.2002774919399,44.1264317346027,55.075414461135,64.0100175366462,83.5989342197872,76.1154193685008
"113","Hard_F5_SP","Spillman",2021,71.1278195488722,0.229637198430999,0.210396646199705,1.60347403749451,0.168791753520196,0.0675889935302784,16.0233651578488,0.244008483164035,-0.0367497578425009,0.0924772407741712,0.0204975403276464,0.406958882374132,24.0215558640074,34.9213262713886,33.550886554768,38.1031631988953,46.8082021861761,53.628045079483,69.4815458857294,64.4809672996875
"114","Hard_F5_SP","Spillman",2021,82.6874685455461,0.24578964444206,0.227862195240619,1.66246775602168,0.177893629343156,0.0720730161329299,17.536329854703,0.303629255995624,-0.0424538398610694,0.0893376654668783,0.0279352059754217,0.433865849514637,27.5094943282848,39.9919865060169,38.5178277774597,44.4183930366502,55.1094994382995,63.7253059730167,83.0094787513856,76.1278804980372
"115","Hard_F5_SP","Spillman",2021,85.140562248996,0.258004319512461,0.238072875951397,1.70365382946927,0.176939463341085,0.0715391610996501,21.1428648760401,0.328193513981002,-0.0461230100260645,0.0869795306803289,0.0352744935959482,0.430768056056634,28.2376438909639,41.3650370501193,39.6644781580507,47.0573677542013,58.3182815355924,67.3431639011319,87.9374417845111,80.0740173648865
"116","Hard_F5_SP","Spillman",2021,81.5175097276265,0.262330092458484,0.241394779098028,1.71852980788514,0.179627519349741,0.0728475481765722,21.7173320937785,0.319505563150533,-0.0454811199139239,0.0868801492802517,0.0340158398203907,0.438700384289712,27.1335094471361,39.7537556737419,38.0321639334964,45.28539424474,56.2888880155023,65.170549469906,84.9845563424802,77.4853068650512
"117","Hard_F5_SP","Spillman",2021,84.3621399176955,0.256002680629308,0.232949805656314,1.6992313976907,0.17855322940553,0.0719948824800947,20.1877757982878,0.322655411098044,-0.0447062995691693,0.0871491892548067,0.0309133210801116,0.435797446601959,27.9616567771201,40.8892282703462,38.9552266934753,45.8531515828779,56.9779944793115,65.876702924401,85.7893673936817,78.3160429691192
"118","Hard_F5_SP","Spillman",2021,81.9288845591817,0.262792838919562,0.233809940330709,1.72012550363556,0.175112889109904,0.0703002239051042,23.4934202550139,0.321679288800467,-0.040386633932029,0.0898825083756741,0.0327522520704555,0.425318646932881,27.4622390085207,40.4049389257388,37.9977139081872,45.7327533423621,56.6183409186476,65.2340494380956,84.6764940308857,77.9859452462458
"119","Hard_F5_SP","Spillman",2021,79.483282674772,0.246870657769549,0.22130846833756,1.66670135853373,0.185643121074643,0.0742847661665784,15.3474194149552,0.29306479902441,-0.0462033288067356,0.0950663694621998,0.0189145144752748,0.456993367784238,25.0007644143171,36.498395830166,34.5942608137679,39.3573687417343,49.3986214460638,57.3743487774331,76.1447102383219,69.301404825139
"12","Hard_F5_SP","Spillman",2021,74.6644977633184,0.234707890765548,0.209916489365182,1.61859333385075,0.168123551784898,0.0657908630159241,18.8576518535241,0.261855345794054,-0.0446001423564139,0.0843392151663833,0.0217793608148918,0.404833897703952,26.4153238480852,38.9778257845825,37.0070593267768,42.545935396997,52.3738593440653,59.7737385974139,77.4089553897746,70.7319189521815
"120","Hard_F5_SP","Spillman",2021,88.447270800212,0.268190316018944,0.238105127473141,1.74243829157922,0.179402628753765,0.0721079984012071,23.8533397553688,0.354411799877167,-0.0434321001635265,0.087686348329916,0.0349652998511075,0.43805558090277,29.672698064989,43.5811804824646,40.882818969342,49.3662113139398,61.4306767300363,71.0312560363723,92.3883848200755,84.5429335644411
"121","Hard_F5_SP","Spillman",2021,86.0501567398119,0.318429340124189,0.283478425052578,1.9488640761867,0.198029788777538,0.0805389758175974,30.085081793226,0.409359473973814,-0.0600052261238882,0.0757112363514789,0.047177273030788,0.495059097677665,26.1347577706525,39.093598666914,36.21652975225,46.9455175399617,59.7053904497173,70.2243435505472,92.1976385733572,81.5788685591201
"122","Hard_F5_SP","Spillman",2021,82.2200392927308,0.270109460012902,0.246480162748571,1.74897423682968,0.203057673089179,0.081761420358293,16.1451648814582,0.331679099033695,-0.0572950890805589,0.0907789270145193,0.0233181915586511,0.510621282317215,24.4467257730124,36.1621745973134,34.3945539349268,39.6598440745033,50.8314386028498,59.9171103874914,80.6328575109496,71.7810535935493
"123","Hard_F5_SP","Spillman",2021,84.2945417095778,0.271586467221754,0.245922770052207,1.7541501596617,0.189532338577841,0.0761435567269694,21.0686824155031,0.342004774222221,-0.050096307136589,0.0882530793622665,0.0315897100576754,0.468574851329087,26.7010151269169,39.7250201300667,37.6124815017182,44.7748141493076,56.4307262514645,65.7756980875164,86.7904595783471,78.3940050022598
"124","Hard_F5_SP","Spillman",2021,83.4886128364389,0.246209851798558,0.221451380814252,1.66027598903575,0.182813959845888,0.0721612410041869,16.2859666268237,0.307042680616195,-0.0435356527835871,0.0939371657454057,0.021865280613958,0.448183730527743,26.4665950710885,39.2751860378427,37.2810384345761,42.6059671915991,53.3905612851987,61.7382712278649,81.3225549284834,74.442977897863
"125","Hard_F5_SP","Spillman",2021,76.3295099061522,0.224008070432236,0.204019362062782,1.58375233959242,0.185551319719797,0.0723648240599668,9.78745792053012,0.255351399995082,-0.0477368944315406,0.0959024004011266,0.00942693847902895,0.456532839398634,23.8202531761969,34.999564950503,33.5760430885901,36.3915131921393,45.8422982770594,53.0315594668547,70.7247579577153,64.2014686244305
"126","Hard_F5_SP","Spillman",2021,84.0694006309148,0.239320454972947,0.218900796918676,1.6359912842169,0.188078836291098,0.0733138085473837,13.1245194939141,0.300520324670328,-0.0496812067524894,0.0907121256659075,0.0174233280113384,0.464037561355694,26.7650625031518,39.32938864422,37.68093986767,41.9787180796707,53.0557241476991,61.4908139331574,81.4641875974806,73.6651084404812
"127","Hard_F5_SP","Spillman",2021,65.1328273244782,0.219017873258033,0.197840814128774,1.56785708949383,0.172175458346419,0.0669185422226033,13.0801160765168,0.213130444488379,-0.0357989738830032,0.0961750623456156,0.0115165707713429,0.416797851967772,22.7263556323299,33.4067561510188,31.9797589537119,35.2523489188466,43.6642085096706,49.9579595930819,65.0816920116394,60.513431000913
"128","Hard_F5_SP","Spillman",2021,73.2742537313433,0.210096145283658,0.191095116028259,1.53522616526065,0.172730758421292,0.0676313397191158,10.6388458892289,0.229998660146844,-0.0338316991342536,0.0994998785458532,0.00940641825835442,0.418105181956904,25.5924706790959,37.539279215342,36.0913896424812,39.0259307562455,48.3236680648584,55.3623429223407,72.313353506538,67.5278740480373
"129","Hard_F5_SP","Spillman",2021,66.9569202566453,0.206575608466373,0.187126877663069,1.52537866259008,0.16821785840674,0.0662007235120593,10.9851623817386,0.206653543971166,-0.0331737972217581,0.0969320003366435,0.00883091292840309,0.405240150411838,23.7274096952374,34.7761795585011,33.4174386095004,36.1944635693448,44.5325787676647,50.8825547363809,66.0291181885456,61.71662566726
"13","Hard_F5_SP","Spillman",2021,69.869174161897,0.26926570194516,0.243318220859603,1.74966176917628,0.190717465619473,0.0757243842792845,19.776341078311,0.281032733095156,-0.0573039828145499,0.082844058751732,0.0241693956029213,0.4726179797224,21.8331793410865,32.4453860247944,30.7058067545313,36.2545157974405,45.8507930897494,53.4085193840609,70.7639904419514,62.9819366549399
"130","Hard_F5_SP","Spillman",2021,77.7777777777778,0.236157171617049,0.213188351576311,1.62385287808302,0.174435509180223,0.0685302651973673,16.9319453517287,0.274428721223713,-0.0407126948682138,0.0920898572436554,0.0208346207262474,0.423387751205483,26.7033055131717,39.2851589849492,37.4439036132985,42.6182597637033,52.8628098435914,60.6722959083945,79.1658723374661,72.8889778330596
"131","Hard_F5_SP","Spillman",2021,75.7342973339358,0.2272043319784,0.204308746622936,1.59474970831482,0.170229630545758,0.0672384626527699,15.7517659813987,0.257086151274913,-0.0368938666031653,0.0936551636028638,0.0178924561164693,0.411220573788846,26.2271113017659,38.639886302928,36.8472258772837,41.4949669146219,51.1603930439184,58.5756375993008,76.0804761760936,70.578556432034
"132","Hard_F5_SP","Spillman",2021,84.1831916902738,0.274954257738598,0.249438921714282,1.76383367339036,0.18588785904409,0.0748585909369523,23.5879168961615,0.345838705113681,-0.0538010378551304,0.0791795423145929,0.0358624051078547,0.457366061018377,27.8584103433176,40.9585917981731,38.7838304371884,46.853314981694,58.7538904361684,68.2944362767206,89.1592309893702,79.9551886938545
"133","Hard_F5_SP","Spillman",2021,67.6498572787821,0.211676813350194,0.189775268512241,1.5423841544862,0.172607823942078,0.0681480657683458,10.5612394453973,0.213891099583428,-0.0395334224233251,0.0948145935593979,0.00799197173034083,0.418042015040142,22.5041900892092,32.8569717209831,31.4037638419268,34.0668997808285,42.1319451577723,48.3235540264431,63.2440354065523,58.3737046668371
"134","Hard_F5_SP","Spillman",2021,77.2705196697426,0.228278943303998,0.20539116518185,1.59799167760044,0.177604002106467,0.0707513725305568,13.1121268714491,0.263459959824677,-0.0420419850512714,0.0939717810998191,0.014704350724793,0.432675851568977,24.8791305709064,36.5123534759056,34.8172773259266,38.7114859759362,48.1178122313803,55.4769136723169,72.8440548615774,66.8918185403242
"135","Hard_F5_SP","Spillman",2021,68.7529861442905,0.199199064141497,0.17974757451339,1.50075526662015,0.168124917461356,0.0667330572514275,8.58269458000213,0.204564442921723,-0.0349397615507218,0.0976674954047336,0.005588922397897,0.404884909278125,23.181051841556,33.7320643729212,32.4098578930296,34.5673353311201,42.4802595246084,48.5827610393339,63.358328484428,59.0341045669421
"136","Hard_F5_SP","Spillman",2021,74.6922024623803,0.232768304920023,0.211509627347631,1.61251287319587,0.180821491565675,0.0724810001056038,13.4061267614614,0.25968493467297,-0.0472680724594518,0.0876753061018977,0.0156480466186713,0.442140721671546,24.008923068208,35.1510649893712,33.6249829804931,37.5160236378378,46.7801597555601,54.1210111075508,70.9240354022742,64.4400090002781
"137","Hard_F5_SP","Spillman",2021,85.4790419161677,0.243357612749334,0.219790541344835,1.650398012658,0.17701783280336,0.0707513788791662,16.7151210079891,0.310702110386908,-0.0424296345272452,0.094553062388515,0.024996019972916,0.431002982326431,26.9862650116099,39.7099024884561,37.7969120352483,43.4524250285567,53.9547524010361,62.2151961772393,81.8601265428559,75.0958796326079
"138","Hard_F5_SP","Spillman",2021,85.3104492680464,0.257011633097153,0.23584934184531,1.69799035681393,0.176819805021354,0.0714336475873098,20.2279760172415,0.32752638172671,-0.0411221810730678,0.0928897687037744,0.0342838802813794,0.430401781671308,26.6063205359706,39.8499573695772,38.1073919696878,45.1448348009737,55.94156139493,64.5785652295505,84.4915575444563,77.716928602102
"139","Hard_F5_SP","Spillman",2021,86.189376443418,0.285071454527861,0.259758374050505,1.80668236110643,0.181305852338732,0.0741265575667735,26.233841008695,0.367067775596451,-0.0440165807039166,0.0879442705895705,0.0449983868612214,0.443819692362825,27.2142064977016,40.1335050761903,38.0110367642741,47.4077273659649,58.9873804887298,68.4804082147135,89.2253242080689,81.5808936871333
"14","Hard_F5_SP","Spillman",2021,75.7107023411371,0.262511876565274,0.237540854480473,1.71789771925598,0.18999466082468,0.0745639076761548,18.55416932194,0.296891923527232,-0.0571622147534843,0.0833855297961692,0.0241593012376105,0.470016806548985,23.7790849720438,35.4263015607076,33.5976235228011,39.1775193102804,49.5744105585832,57.5878599696907,76.3272449884336,67.9976519621607
"140","Hard_F5_SP","Spillman",2021,85.6679035250464,0.250767213744481,0.228972551350601,1.68121627440278,0.175304980732984,0.0704507725916391,18.9849476627052,0.32090048224628,-0.0384089474022826,0.0955872633870094,0.0310970863460698,0.426183863300968,27.3338861273789,40.1852807129654,38.391336758632,44.9983384165631,55.7061642649253,64.2011255574776,83.9757120108218,77.6546640081671
"141","Hard_F5_SP","Spillman",2021,90.1138716356108,0.272485349188185,0.245848915714222,1.75793698818731,0.173125517605859,0.0699110330616214,26.1900700629632,0.366872789480987,-0.0396475277508315,0.0888707618229697,0.0443739560848435,0.419718196916437,29.9987632265268,43.8252382641972,41.4060684916592,51.1221180798926,63.0760202076761,72.618943158303,93.9432405489765,86.6401206667683
"142","Hard_F5_SP","Spillman",2021,76.2649494020239,0.240008619267349,0.216661005944277,1.64303669015734,0.168206851018179,0.067535328405754,18.7157201094018,0.273441217364138,-0.038474708463864,0.0917628613865403,0.0253662420962167,0.405666615526242,25.285159680567,36.9967179146591,35.238696190897,40.9661036533835,50.2759081140277,57.6068318550885,74.7873571968966,69.1326825309938
"143","Hard_F5_SP","Spillman",2021,46.9718645684311,0.199902333445217,0.185768946881399,1.50413271733651,0.167059252548458,0.0667512206804664,8.74237475221185,0.140257647233775,-0.0321438243522437,0.101916469952001,0.00616299364159034,0.401800844694302,15.8754950010889,23.0612405507635,22.4039342697454,23.9809230174892,29.3961115506885,33.6114587183902,43.9710381594088,41.2039809990231
"144","Hard_F5_SP","Spillman",2021,81.5074906367041,0.236545839939707,0.216428042339276,1.62591761532499,0.165186788545689,0.0661472550808265,19.1503787176102,0.288059201105434,-0.043999033060285,0.0833165531012385,0.0290977204701142,0.396629285712428,27.5863659361769,40.7672201563848,39.0938914203758,45.4053182511922,55.5273522171207,63.4346702972327,81.847906572553,74.8534636203945
"145","Hard_F5_SP","Spillman",2021,86.0279441117764,0.254249459646057,0.229537610409975,1.68958775081123,0.178024683628973,0.071706519342745,19.7385990551724,0.326748247048913,-0.0425506196761341,0.0902981753858816,0.0301657230345476,0.434007604808643,28.0295753732617,41.1639663412627,39.0753968645931,45.8792362281805,56.9724438394512,65.8135547351888,85.8952917475209,78.7766859287623
"146","Hard_F5_SP","Spillman",2021,86.809965803615,0.237795809185001,0.213676578437653,1.63009400521501,0.171698974869879,0.0691302837143217,17.8634404310988,0.308405035501286,-0.0431839370505569,0.0876750488589458,0.0252533270296725,0.415396176536747,29.5657540320021,43.2098306282575,41.0854346162738,47.2034814603443,58.1477776171552,66.8180902259333,86.8481308471045,79.5608423816753
"147","Hard_F5_SP","Spillman",2021,81.55,0.290069350657553,0.261654729376564,1.83730414077426,0.192660348793229,0.0786122329995423,24.6455796611063,0.353397592672585,-0.0555108130295448,0.0787698971927496,0.0362751321662832,0.478945345439778,25.7437218369208,37.8584396698577,35.6142213402169,43.8886370685579,55.4236277537227,64.9665574120262,85.0642795068112,75.9066284815366
"148","Hard_F5_SP","Spillman",2021,69.1056910569106,0.214749652571316,0.191954208878832,1.55315471365346,0.173096808728817,0.0689272373099674,11.6232270733606,0.221698034927091,-0.0429128404156211,0.0881525203316005,0.00894180205665147,0.419595859642215,24.0900414476819,34.6713415886403,33.0773331706737,36.0868802118315,44.6091736545489,51.2519107710985,66.6251402229873,61.060711434106
"149","Hard_F5_SP","Spillman",2021,35.491723466407,0.193406569529242,0.171403565345026,1.48350783450183,0.171517469260853,0.0675993128625365,6.55353821279906,0.102530976161669,-0.039077563120779,0.0935659313667579,-0.000167157045673821,0.414948476554488,12.3380472502524,17.7064753978402,16.9252224510238,17.7075468578586,21.8734303485667,25.05828641791,32.6787969953425,30.1929275789532
"15","Hard_F5_SP","Spillman",2021,84.4836025452766,0.320690566397687,0.28810166049689,1.959541527888,0.203430279986662,0.0819022554604706,29.4043555142961,0.40477677663999,-0.0671918406980057,0.07412740938191,0.0455055271797814,0.512137888613383,25.9242863049883,38.3873758255848,35.7381893935734,46.0598395377485,59.086796758547,69.7045044688525,92.5342527540474,80.7289153112498
"150","Hard_F5_SP","Spillman",2021,65.4088050314465,0.207423163420594,0.185721968831606,1.5280054020162,0.16842992694477,0.0665172854765145,11.0266641276603,0.202685914095815,-0.0379427546435211,0.0915155830518657,0.00788245281326326,0.405823900897069,22.8537940460888,33.3250758370155,31.8657122783101,34.5536982801636,42.5112402448006,48.6014462385774,62.983360182643,58.3212930355283
"151","Hard_F5_SP","Spillman",2021,81.6674792784008,0.266120634304871,0.236098823099448,1.73858229665401,0.163403232321125,0.0646165742034038,29.1516773584648,0.324799198583916,-0.0406587433274748,0.0821321752040325,0.0405510735167792,0.391552373684712,28.7038575763229,42.9314810952037,40.2784329039595,50.0636311583143,61.2071550573518,69.7315885284588,89.1967122529245,82.0626874263088
"152","Hard_F5_SP","Spillman",2021,43.265503875969,0.190587525754356,0.173735746084639,1.47401718549241,0.162472353733295,0.0627338610610197,8.15306317502346,0.123191746230854,-0.0335935612288606,0.0955816327541377,0.00344176429990959,0.388557968514343,15.3117827296037,22.5164608747802,21.7535732388807,23.0510796341642,28.2234227365997,32.0149247133055,41.4685224814826,38.7447277218502
"153","Hard_F5_SP","Spillman",2021,64.2718446601942,0.238643925312642,0.215712177009195,1.63886746432908,0.175134709615211,0.0683938332184364,16.8944582432166,0.229141283955157,-0.040239139779748,0.0924460054397916,0.0175788107104809,0.425810351313538,21.2300051740794,31.4577820327418,29.9793808975251,34.2929864156087,42.6265314592448,48.9369149653029,63.8602343759728,58.8049234998923
"154","Hard_F5_SP","Spillman",2021,2.60829063809967,0.16998840407748,0.157138691283388,1.41107409964638,0.167141927201619,0.0641733439914327,1.53192506572802,0.00662421850995497,-0.0268655630408594,0.095021646336177,-0.000197658667365277,0.401893762849161,0.957857528706015,1.38972773275237,1.35373319950042,1.36162703774403,1.67839029856789,1.90944706548162,2.43721749304293,2.30893098096788
"155","Hard_F5_SP","Spillman",2021,72.3287671232877,0.236478618583112,0.213487528254606,1.62539303927731,0.174478013103121,0.067809915289656,16.5356125510933,0.255522234947781,-0.0405794737129795,0.0924613261668193,0.0194585739176309,0.423437687656524,23.9291265086281,35.5223787546175,33.8549361031001,38.5595363312496,47.9077329579296,54.9069970161393,71.679428068469,66.0140135263322
"156","Hard_F5_SP","Spillman",2021,57.8512396694215,0.202164740163048,0.18005417395159,1.51102601785602,0.165424170060773,0.0637528277032445,10.3105328204008,0.174705249417439,-0.0328883809276037,0.0976939801101768,0.00590523360425976,0.397009675520027,19.7255073243608,29.0126766232882,27.7192804000019,29.9173767996408,36.7775518813946,41.8031196572828,54.3036094925092,50.809318176175
"157","Hard_F5_SP","Spillman",2021,47.5278396436526,0.196819611706974,0.178378576688473,1.49444975463637,0.168245913908579,0.0659964206274292,8.10062866034276,0.139738163600294,-0.0340333591639383,0.09698694693573,0.00329978090286955,0.40524400762691,16.3491743350393,23.9848027370158,23.0951702030737,24.4996343458028,30.1530233177393,34.4273495873007,44.7699643578121,41.7884503294815
"158","Hard_F5_SP","Spillman",2021,68.717683557394,0.22900804222204,0.208373557741541,1.60373662234782,0.176309299858745,0.0703442687921162,14.1362147506689,0.235105490691584,-0.0427631692067109,0.08939326324555,0.0149800165964565,0.429143694560284,23.4698322057539,34.3252343267694,32.889915693467,36.6923558168553,45.5256144485646,52.4477028538662,68.3601348168777,62.6724028838036
"159","Hard_F5_SP","Spillman",2021,77.8793418647166,0.230470937650598,0.209556517622945,1.60487807706119,0.171416530855421,0.0676888232177492,15.6692170883068,0.268136287652568,-0.0450908081903412,0.0881495856367505,0.0206100871676232,0.414534798108472,25.7408919747098,38.2085704106956,36.5786709156386,41.3930837107371,51.1063473536071,58.5590195963167,76.4702432321863,69.8009175730557
"16","Hard_F5_SP","Spillman",2021,80.7766059443912,0.284400537131216,0.255475873828826,1.80610604465859,0.191688891359726,0.0766757602510424,23.7624957652363,0.343205705192215,-0.0610616210531898,0.0744349241603232,0.0338808344349381,0.475383973096945,25.6775806094346,37.9582147869889,35.6741498422499,43.4570530391474,54.9624261039062,64.1331723818918,84.1638214330114,74.3621820599522
"160","Hard_F5_SP","Spillman",2021,79.2664289353031,0.247896050991633,0.222460777985595,1.67264210393083,0.179058293308896,0.0718520202912444,18.1198810352338,0.293553229433579,-0.0483263356124911,0.0832991193040944,0.0229920125969597,0.437504179503952,26.2244771245242,38.5523513318131,36.5474818767076,42.2462768447787,52.5683417523952,60.763354305211,79.1331172654958,71.7041835058043
"161","Hard_F5_SP","Spillman",2021,80.8300395256917,0.245723920482892,0.219952814837964,1.66070854098757,0.168912346201444,0.0673428379132193,20.7527673724455,0.296749277525363,-0.0405543977985772,0.0876800636592833,0.0283613464131933,0.407440456043122,27.3192813055598,40.3771930140116,38.2499546134905,44.9655486367458,55.2870852429381,63.3243720463641,81.8654400250578,75.3602526136756
"162","Hard_F5_SP","Spillman",2021,75.799522673031,0.240440287547721,0.212551535652171,1.6425115789862,0.171997754932855,0.0688790538310194,18.4075951410151,0.27227274542702,-0.0424334261945476,0.0859894571276816,0.0210944690880931,0.416433997791696,25.6694100182735,37.5038005659436,35.3795237808987,40.8431171220958,50.3833287538385,57.8784870685133,74.8564719372179,68.6638643318509
"163","Hard_F5_SP","Spillman",2021,84.1170825335893,0.289189419970659,0.259877939682669,1.82362192202258,0.187590049232087,0.0768359316570099,26.642450633397,0.363456495248636,-0.0501276546392238,0.0828482001440579,0.0401515152994429,0.462741228432492,27.7233687042352,40.3719386667871,37.9081664763572,47.0955827152431,59.039410327584,68.9243682752136,89.9953170783636,81.2484910183927
"164","Hard_F5_SP","Spillman",2021,77.9397473275024,0.246662321107507,0.220775490674164,1.66312232129992,0.168112265064242,0.0676209692733165,21.6597488642344,0.287254909801319,-0.0397065422756647,0.0864952661716336,0.0283303276158165,0.404936119070932,27.4724846046035,39.8464452968492,37.7500809629278,44.5195106859838,54.603006285078,62.5649994800966,80.5522757650551,74.3024655999026
"165","Hard_F5_SP","Spillman",2021,83.3154506437768,0.248637571901005,0.22770984601087,1.66946765115023,0.176635313789168,0.0716414853000663,18.6835030480321,0.309467901876884,-0.0392831231328481,0.0920473980398927,0.0289830420850442,0.429869825171153,27.132943070744,40.0055507702988,38.2852553560667,44.5760555383754,55.2007485875032,63.7593088683213,82.9557349028283,76.5787627426941
"166","Hard_F5_SP","Spillman",2021,77.6428932726353,0.258376738757306,0.234979895498558,1.70970217012376,0.187561583348517,0.0767373068779462,18.2214457539208,0.299687219270412,-0.0536795068709013,0.0808385049037652,0.0243611972447318,0.463079762405847,25.7501317315051,36.748881509448,34.9819038307685,40.6564311859488,50.9835121399634,59.518013615748,77.9352123307176,69.859265738714
"167","Hard_F5_SP","Spillman",2021,82.9904666332163,0.270278920248597,0.24430104635245,1.75204959421552,0.173254278535284,0.0697073919376502,25.318142770289,0.335124762213095,-0.0428040246048585,0.0845572351363502,0.0397889316201085,0.420092725225801,27.466984065604,40.1153095200502,37.9692752605655,46.6305320798611,57.5709028545604,66.251955306805,85.5134007724605,78.3589428899356
"168","Hard_F5_SP","Spillman",2021,78.5984848484848,0.254213820185293,0.234276879167517,1.68890116924709,0.177056301170643,0.0715940520439417,20.097691406619,0.298513893225961,-0.0410628520279826,0.090221322720095,0.0305886106513624,0.431157491764506,26.3502292000346,38.0660598819432,36.5060772984871,42.9512377414953,53.2303427360382,61.4768957175748,79.965962695063,73.5696246450719
"169","Hard_F5_SP","Spillman",2021,78.1568453699601,0.293163936942584,0.265594071773187,1.84588235884512,0.183132474632092,0.0744617247930927,28.4139002866294,0.342344174558909,-0.0481083906065485,0.0811139173391958,0.0423144733347822,0.449642103387843,25.5089567773697,37.1047736483758,34.9681079266632,44.25121769409,55.2365548556671,64.191282532416,83.1740053611054,75.3735531090081
"17","Hard_F5_SP","Spillman",2021,83.4603316898252,0.285964301023045,0.257974533168032,1.80984295013385,0.18928942069239,0.0753934204129199,25.5035806556199,0.356602589564007,-0.0582615356877878,0.0771616470744197,0.0379116673961395,0.46796917244545,27.4577470956896,40.2765873200092,37.92368701548,46.6126567382651,58.8092152764732,68.4493643322598,89.7921663540359,79.7917566196295
"170","Hard_F5_SP","Spillman",2021,82.5868372943327,0.300896144903766,0.271898055838644,1.87457425455953,0.1842180197839,0.0750442097109977,30.2640700652558,0.371303131154172,-0.0522035005739687,0.0773770326984216,0.0474881440879256,0.452742699993074,26.9828374991402,39.3462656973448,36.961029044969,47.4313164961574,59.2619756570018,68.9355433909852,89.3682058190087,80.370964684675
"171","Hard_F5_SP","Spillman",2021,81.6326530612245,0.26953488874899,0.241197475295342,1.74525374054502,0.17703989449916,0.0712960405212032,24.1563476570269,0.328716802327606,-0.0449253596802451,0.0841408429071595,0.0354609115188369,0.431039430384725,26.8567676491873,39.1476582289391,36.8567544540689,44.8539791190926,55.6361248964939,64.2241230118439,83.1667873436556,75.9057133996974
"172","Hard_F5_SP","Spillman",2021,82.7731092436975,0.295181640964478,0.262485945443376,1.86049040320081,0.175139184532859,0.0708285471115756,32.0107810992484,0.36510134781865,-0.0452703125272695,0.080453572413596,0.0476117259218271,0.425971321857132,27.5299957484424,40.7944430030515,38.0292215032011,49.1423782990844,60.7876620347233,70.1319079687236,90.2660168117058,82.2475252787242
"173","Hard_F5_SP","Spillman",2021,82.830626450116,0.322794302832038,0.290435391194897,1.96740529116515,0.194996459075306,0.0807816057843931,32.0083214252431,0.399468761570064,-0.0561462314984117,0.0775472959920728,0.0506905606054826,0.485450576950345,25.6450558070889,37.7051001973655,35.1151982337101,46.274594876278,58.4594200068809,68.7970736432375,89.9575728600777,80.2192409134932
"174","Hard_F5_SP","Spillman",2021,87.7645844088797,0.302185953850876,0.27308869683721,1.878107312877,0.198783411317606,0.0816966384290474,25.5865668912788,0.396189368092216,-0.0584384838939931,0.0812602774056991,0.0421401076336783,0.497438282042369,27.3174616239378,39.5261988767583,37.1073918518566,46.3411917433557,58.9014996145662,69.4505216513324,91.9275139024995,81.5927272558413
"175","Hard_F5_SP","Spillman",2021,80.5037783375315,0.289152685168709,0.261421468251318,1.82764520999663,0.186890611477737,0.0764835051448146,26.668639139101,0.347804928086562,-0.0510407421654477,0.081454275754971,0.0393976607130492,0.461077519540917,26.2874686935616,38.6979999436935,36.463467444968,45.330810671746,56.7936706956712,66.2593804752583,86.4343126044106,77.8854784196735
"176","Hard_F5_SP","Spillman",2021,84.2264914054601,0.264874199498133,0.239538655167892,1.72925896280055,0.184805432097489,0.0755429188826221,20.9909869433986,0.333305549168002,-0.0495054355880464,0.0842386545612162,0.030901105267357,0.454298611550223,27.8937287551776,40.7404532510914,38.6085022742543,45.7222297044341,57.1274130695198,66.5010208590326,86.9644760497757,78.6590012551025
"177","Hard_F5_SP","Spillman",2021,85.3729887859581,0.288781187186119,0.260841786544029,1.82589535111842,0.186294111976697,0.0763768623757169,26.9872885070784,0.368379262127883,-0.0521866035744947,0.0809218101764889,0.041822008720433,0.459015044029498,27.9879394721078,41.3227885386954,38.9158621020253,48.4361341870873,60.6280562870825,70.7282862534035,92.3819961814919,83.0436850407401
"178","Hard_F5_SP","Spillman",2021,86.0098522167488,0.282995923024635,0.257409825947665,1.80025000120717,0.182354249981015,0.0741211052828136,26.7910393755947,0.363707375607284,-0.0488780807894856,0.083017192872333,0.0428701527729903,0.447056644800524,28.6817261556299,42.2923247041866,40.0489691363206,49.5944920770171,61.8411345744622,71.8110271791736,93.531992603357,84.6635677130364
"179","Hard_F5_SP","Spillman",2021,82.9883897021706,0.229236507628354,0.209194074119623,1.60035847781959,0.177465780726886,0.0710404847160089,14.1630391701679,0.284223760023949,-0.0398793718780848,0.0954030773553138,0.0181074284604195,0.432276755991362,28.7138496154767,41.6575499337827,39.955985104135,44.5428902208523,55.326914967823,63.8344309954645,83.7143107422277,77.1859305978251
"18","Hard_F5_SP","Spillman",2021,82.7184466019417,0.296184192954767,0.266155994637018,1.85375707458699,0.190293247727856,0.0760819770970145,27.8477895074359,0.366070755479618,-0.0632073499602338,0.0707471630211548,0.0410064992139744,0.470852873161457,26.6845096990004,39.6154200502034,37.1194219679,46.6194845871672,58.8726732158015,68.6226922259425,89.7638596750107,78.9440030310089
"180","Hard_F5_SP","Spillman",2021,77.3684210526316,0.246986330553483,0.223355510777963,1.66397423762965,0.174064600309782,0.0691614674605268,19.8042153699349,0.2855116103075,-0.0372733332570463,0.0922360096851364,0.026098473072029,0.422237528721296,26.5799279244124,38.8509298284589,36.9684206042453,43.1086125217044,53.3654683206099,61.3352790582351,79.5182053914258,73.7047433169488
"181","Hard_F5_SP","Spillman",2021,81.3707451701932,0.255302048619328,0.229884169509082,1.69339617487254,0.184491417786141,0.0731006812808432,18.1302254801585,0.310317279677215,-0.0484839985362767,0.0888653651863706,0.0249195788617875,0.453245817868846,25.9108345508652,38.3829064962621,36.3871416733724,42.2326040858663,52.9836514435059,61.3625988855852,80.7928003602406,73.2514039456443
"182","Hard_F5_SP","Spillman",2021,82.6490713587488,0.285461433786181,0.25717528071988,1.81043382669602,0.19277021600048,0.0770653668679793,23.0766190221876,0.35243092999004,-0.0519640671838111,0.0865714730748297,0.0348965923369453,0.478534297861195,25.255833191337,37.6241208787026,35.4093178629389,43.1707129036837,54.6820067511069,63.8591462685063,84.3009146276353,75.8378989329967
"183","Hard_F5_SP","Spillman",2021,86.4086833411987,0.335690388297993,0.301805705020963,2.02431102627781,0.20011502008272,0.0814239574542807,34.8614976937699,0.433433833326626,-0.060440474294763,0.0761758677191748,0.0556920037338963,0.501336230657539,27.0635422256877,40.2089732017335,37.3032594095963,50.055141026069,63.810707910333,75.1782337372877,98.8569561515616,87.4293146754478
"184","Hard_F5_SP","Spillman",2021,78.9527198779868,0.2555169962849,0.229531807279409,1.70002458588966,0.182933161661148,0.0732277591319897,18.3651233368091,0.301340480988086,-0.050589531051826,0.0883177686448191,0.0244529908998089,0.448714751425533,24.8541954680465,36.8411892312225,34.8728806992639,40.6577891300507,50.8526034943095,58.9328317415533,77.8628189528501,70.2482145873075
"185","Hard_F5_SP","Spillman",2021,75.855421686747,0.239363044518379,0.215742985555139,1.63670603151439,0.183421346632662,0.0732388087390798,14.49646558915,0.271212914489703,-0.0474779903004671,0.0912956758367854,0.0166120156124827,0.450261785395463,24.7183129091196,35.981977723657,34.2446947543328,38.5024227810715,48.1970616783832,55.8477327550547,73.7581204184322,67.001255315274
"186","Hard_F5_SP","Spillman",2021,76.500508646999,0.241251379139298,0.216548896406238,1.64727992534178,0.17981787136295,0.0720894808307702,16.2503647002555,0.275706450818882,-0.0443922150103258,0.0905874845992319,0.0188425569494167,0.439389519080249,25.6800544494809,37.0658447745604,35.1912670632688,40.0693060179855,49.922669919289,57.7350149705265,75.6936228450852,69.1299180293679
"187","Hard_F5_SP","Spillman",2021,84.2739990352147,0.256644312805479,0.229729739110322,1.69752619232712,0.176265143636483,0.0706090407555632,20.5675897513079,0.323081508770573,-0.046778439217123,0.0859650120134094,0.030723766449722,0.428767566439031,26.6402649472012,39.7917458111718,37.5960235351878,44.5309124038262,55.2149808535026,63.6442727995154,83.0198661268336,75.5141517437651
"188","Hard_F5_SP","Spillman",2021,84.506376948512,0.313952778083889,0.285545832056571,1.93399276879544,0.200705698645884,0.0826873318010381,27.8527020915975,0.39635350023834,-0.0691342925562584,0.0678794932731272,0.0454763189547173,0.50362308246998,25.7593188443331,37.7305378028771,35.4610731430961,45.335658453736,57.7396153021038,68.2375762307538,89.8473986832298,77.9876953005314
"189","Hard_F5_SP","Spillman",2021,80.0275482093664,0.266118340370535,0.239689279066489,1.73236676088074,0.186998932837078,0.0761859670478419,20.0229321521855,0.318123283418089,-0.0543402759854043,0.0828296309879337,0.0282804695944106,0.46089439236654,25.4984326063924,37.1100671346586,35.0855913830846,41.4914397859277,52.0288685665626,60.659287220433,79.8389334859756,71.4917819304242
"19","Hard_F5_SP","Spillman",2021,87.2071227741331,0.315473144352259,0.283811067846238,1.93632350749637,0.193042009810467,0.0781009420851376,32.5968738666914,0.411122984489516,-0.0597016579913942,0.073114344341303,0.0510279268582511,0.479486270763144,28.6449914233459,42.2913184200263,39.4635875507052,51.3819491307651,64.9892398362135,76.0695801149526,99.3035135624673,87.9321930112682
"190","Hard_F5_SP","Spillman",2021,83.3029197080292,0.270826392120259,0.246485797861229,1.75011606489559,0.176570081140961,0.071559922377247,24.7889519668544,0.337080896872376,-0.0512151358916602,0.0784447988304115,0.0393668588105267,0.429584939978746,27.6484896067474,40.5493056205647,38.5013842250125,46.9967972261047,58.1906405832863,67.1847769781421,87.1226134112654,78.5445543011413
"191","Hard_F5_SP","Spillman",2021,81.1105837683911,0.240829131748747,0.220354322615614,1.64191038425216,0.173809730222335,0.0699849151332374,17.3614939325096,0.291811599745575,-0.0436264160041546,0.0872725087744722,0.0259402865911277,0.421737218904077,26.8135870229873,39.2410160241494,37.5992565059897,43.2446231435318,53.4237246904302,61.5046865713408,79.9569523401141,73.1868389214386
"192","Hard_F5_SP","Spillman",2021,76.9230769230769,0.226111603451551,0.201644675483825,1.59021769997422,0.166855092450998,0.0662979812501026,15.6984300758272,0.259813955628223,-0.0314050107412915,0.100201790555579,0.0187006262211649,0.401310626995869,25.458092580045,37.4449991471393,35.584171553338,40.2748681724954,49.4202732128079,56.4847208083304,73.5192016327432,68.9615515762841
"193","Hard_F5_SP","Spillman",2021,84.5283018867925,0.219648083544203,0.200444458067195,1.5670804734669,0.164205951728757,0.0649438310410714,14.9519062830099,0.277373768164582,-0.0370242930098168,0.0915330047100155,0.0216377053222898,0.393549422618877,29.0136831982931,42.3952274395814,40.7403829471282,45.7220568032516,55.9243956422453,63.715565657172,82.4283040359403,76.4884597783828
"194","Hard_F5_SP","Spillman",2021,80.2025782688766,0.266256007918131,0.244794384559774,1.73816339246039,0.185605683313114,0.0755995074343397,20.3470871109612,0.319013398945566,-0.0441857994246093,0.0931558817115425,0.0314774721425226,0.45699962131317,25.9189308763797,37.6670146188745,35.9947945459584,42.6702142531051,53.4114988741029,62.1985313555525,81.9431220071313,74.8898104000246
"195","Hard_F5_SP","Spillman",2021,88.1667413715822,0.363960184420874,0.328349376391859,2.16735106680792,0.210448774866158,0.0878615808628714,36.9383696923894,0.47942729319208,-0.0621548034565297,0.0775796078893423,0.0638780809878294,0.534727717089786,26.1244107269054,38.0131914726971,35.0837284541683,49.1584916306051,63.2358234193567,75.5097166293056,99.9405108188374,88.0339025264661
"196","Hard_F5_SP","Spillman",2021,84.988344988345,0.350462746413859,0.316835801149145,2.1051036737065,0.2057076373142,0.0856384890552582,35.5266784973574,0.445025100055883,-0.0502564162694273,0.0875806966336051,0.0585723326585549,0.519445999858557,26.0556329343909,37.5816202001514,34.8604384062216,47.8691536902426,61.2451460928167,72.8030770223222,96.0126931563444,86.6219627737998
"197","Hard_F5_SP","Spillman",2021,85.2694018783984,0.311021078720054,0.280868343887394,1.91975139795536,0.197898032601832,0.0814918310548553,27.4662747400735,0.396166004784846,-0.0451579425432987,0.0948945531173214,0.0453417188806576,0.494661247235707,25.9506950004519,37.6610574563882,35.2625762653434,45.0259490071651,57.1476072943903,67.3644514000216,89.2105190293183,81.3305429148101
"198","Hard_F5_SP","Spillman",2021,88.6801541425819,0.307523521093908,0.283298732373251,1.89934625815639,0.198639982276015,0.0819232575155771,26.9139484205052,0.407425543256903,-0.0571246909303837,0.0811742294333235,0.0482916686921588,0.496858133662341,27.6516517134213,40.1509149067115,38.1038380544332,48.1195850983568,61.0816614180858,72.0300959766879,95.0543323737737,84.6510998132838
"199","Hard_F5_SP","Spillman",2021,85.678391959799,0.243084481490968,0.221252810636493,1.64933612027714,0.18201727399469,0.072948092640214,15.1740161840738,0.311062239993668,-0.0389280818996589,0.101929203440961,0.0228454564118993,0.445704414971634,27.3988564476191,39.2476315621407,37.4892273116783,42.6226081162638,53.2282897575542,61.6377807294518,81.7496644541276,75.5532343383095
"2","Hard_F5_SP","Spillman",2021,84.2037116961588,0.32875134587023,0.296225156446738,1.99440247234308,0.200274691920392,0.0817999409977115,32.0598881915874,0.413586024753928,-0.0640267641735713,0.0708179570788871,0.0513882787299499,0.502013436803715,26.3289584889653,38.113306995548,35.4836720251343,46.8582936260027,59.7029342783171,70.3949177017588,92.2456844243969,81.0016645038904
"20","Hard_F5_SP","Spillman",2021,87.6443997990959,0.343025518187829,0.304205204554531,2.06676430238814,0.189651216665132,0.0768818579030671,41.7950443610993,0.449341446361574,-0.0619596540711614,0.0674213715809851,0.0637437151738464,0.469229062661759,28.5201497397193,43.0627951745198,39.4818688119579,55.2200610302192,69.5631596616389,81.2608472246608,105.396209390832,92.8090699883225
"200","Hard_F5_SP","Spillman",2021,88.800792864222,0.292769672914952,0.26322979205517,1.8420537533547,0.192800374259298,0.0791531417175434,25.0253695692888,0.388379698168124,-0.0516748242790257,0.0857406336060497,0.0407485444694931,0.478864170159555,28.2217848003599,40.6246431349777,38.1208505117171,47.2270215472875,59.5952839753828,69.9155143842495,92.0971082332033,82.8681321941418
"201","Hard_F5_SP","Spillman",2021,84.2776927003573,0.280586446565392,0.25417186999943,1.7980890836953,0.182706441838059,0.0738535541635207,24.7203307689081,0.353275335301776,-0.0421147402577138,0.0912845451345013,0.039671791086687,0.44865159185967,26.9587492817818,39.4422984864614,37.2803829959854,45.8949090778942,57.3184115785223,66.5348742975532,86.9698263393963,79.7840421066019
"202","Hard_F5_SP","Spillman",2021,89.2324093816631,0.293522146951776,0.269192190478355,1.84063353131788,0.189922698030943,0.0782222177677786,25.931036569218,0.391294835612673,-0.0460754116492616,0.0887675053803151,0.046381875992683,0.469937236447932,28.1176375473125,41.1275503833061,39.0338492125797,48.6698223177091,61.1313692862713,71.5497031352003,93.7712603344807,85.3771854913424
"203","Hard_F5_SP","Spillman",2021,85.0289931470743,0.264725408861772,0.242302912651547,1.73199041950164,0.183025424485882,0.074626934011528,20.8832526096359,0.336273766843423,-0.0466745335357994,0.0876105552028283,0.0336510010123339,0.449237879983308,27.6138548046581,40.2836339663876,38.4172672114964,45.6670091257971,56.965044927693,66.2065259847922,86.6730680673751,78.8185208345827
"204","Hard_F5_SP","Spillman",2021,89.6026129559064,0.279095962874246,0.255600543345184,1.78261859417129,0.189512754454136,0.0779334049314422,22.8602995091897,0.373611043396693,-0.0523681208597656,0.0835556784340682,0.0391943800926313,0.468652998350232,28.8967824423775,42.0897583143663,40.0248490059401,48.4216490593263,60.8122844600754,71.1420170089722,93.4479996354862,84.0151647175587
"205","Hard_F5_SP","Spillman",2021,91.8649695628113,0.269016006176444,0.242989061394462,1.74689448094911,0.183692617893465,0.0748610429660827,21.9538226778951,0.369197244251684,-0.0506098452077391,0.0825390053696739,0.0363345451452745,0.451210360627606,29.8136473989891,43.5597743577806,41.2124680757403,49.3824198659835,61.6630090661395,71.7063218544382,93.6616314223992,84.4793207652085
"206","Hard_F5_SP","Spillman",2021,85.5759429153925,0.26246931943778,0.238701460434494,1.71853027693078,0.182764871394697,0.0739084310903314,20.7648672693792,0.335562904807251,-0.0503886271640296,0.0831096287149422,0.032307498401912,0.448228508530086,28.1102702334192,41.1062028310317,39.0827095256134,46.25475609577,57.7377694952828,66.9848525437334,87.5453531955411,79.0538873955855
"207","Hard_F5_SP","Spillman",2021,80.7653575025176,0.220253934783456,0.200979725202976,1.56888166240673,0.175190026631957,0.0695181739490608,12.0200492569343,0.265725550285958,-0.0422912483939681,0.0936759632326276,0.0144913730321382,0.425448282891039,26.984860164158,39.2705920893681,37.7273701234053,41.4639075867042,51.4053692120669,59.1121110412776,77.6257192313578,71.2602365494659
"208","Hard_F5_SP","Spillman",2021,85.6359102244389,0.262385388481137,0.237658401379142,1.71909367026447,0.18821768960325,0.0761216253964284,19.0455045155739,0.33566156558653,-0.0512407632109518,0.0882135293749828,0.0283546587867639,0.464607838351748,27.7787909875105,40.3713370448842,38.3130778315305,44.8242915057683,56.3405770810553,65.6605439461689,86.8417827428156,78.2765464291829
"209","Hard_F5_SP","Spillman",2021,72.9717199814557,0.236241639159743,0.217209783778624,1.63130019828677,0.184875303876005,0.0742326812899262,13.1063646060023,0.257507138535993,-0.0412368597042031,0.0982280160146019,0.0156022102284177,0.454878492803367,23.9840553077598,34.7330995342898,33.4006977916511,37.1813116526263,46.584284458604,54.0978037640635,71.5424821960624,65.7810122404055
"21","Hard_F5_SP","Spillman",2021,81.7554240631164,0.263860448933869,0.239579282184208,1.72544415287195,0.189178147342712,0.0750621176240333,19.0808735779747,0.322250638153313,-0.0546337032050471,0.0837026321919127,0.0274692369517636,0.467499564620341,26.0348097351579,38.2982680250831,36.3731890626437,42.6259913853669,53.8077216279945,62.5808537065995,82.5864922912199,73.915968945289
"210","Hard_F5_SP","Spillman",2021,82.7386692381871,0.26004879576183,0.237205988962571,1.70823262178948,0.183690843880559,0.0734729476980048,19.7602296790388,0.321435197846199,-0.047415299552646,0.0898265829486855,0.0299765640784761,0.450783061211194,26.9739186613776,39.5698140855035,37.7039654650558,44.2858273749668,55.4264903067989,64.2377508718534,84.5714968623344,76.845290349283
"211","Hard_F5_SP","Spillman",2021,82.3501651722511,0.255406062449243,0.233660790738605,1.69109187988146,0.182565712287374,0.0725586424584219,18.7688620318716,0.314203823358326,-0.0448368411207667,0.0926398694152265,0.0285756874842791,0.447366931349037,26.9314127814893,39.1376173508772,37.3805284188001,43.5954008932037,54.5474170364613,63.1137477603278,83.1211769368527,75.9134762214549
"212","Hard_F5_SP","Spillman",2021,79.6043334903438,0.245548975096681,0.224175396876154,1.6565511055811,0.179964255679469,0.072208531295308,17.0000390395331,0.291997346445599,-0.0439940237219637,0.0916526556093781,0.0240595026328482,0.439781891387968,26.2335474345652,38.0892787317673,36.4209264986176,41.8111290239788,52.0612506435712,60.1909949972843,78.9739264922642,72.2492775591311
"213","Hard_F5_SP","Spillman",2021,87.290289781393,0.288043815354973,0.264106287085774,1.81967643677102,0.191570336488257,0.0782609495856365,24.3686718359692,0.375639388453161,-0.0531566627001595,0.0842341590844411,0.0415142610308996,0.474893595768272,27.9323460790677,40.6429344148645,38.6114926822159,47.4150491576661,59.7513131080581,69.9369371052775,92.1288968931547,82.7137510224539
"214","Hard_F5_SP","Spillman",2021,87.5061244487996,0.292411312351216,0.267896626396887,1.84522546078887,0.187809757962456,0.0767678498192409,26.1973080154651,0.382279811299298,-0.053269635895698,0.0827005869874264,0.0455291730680165,0.464039350327259,27.4461883831154,40.4286318564442,38.3522786422995,47.9682678180738,60.1962527519596,70.294709264048,92.3429368503189,82.7959623589449
"215","Hard_F5_SP","Spillman",2021,75.0120365912374,0.237407726889971,0.22148042150638,1.6325637897558,0.174334172916516,0.0699968053070785,16.1313925487193,0.266035297119935,-0.0436428523227019,0.0898224416131442,0.0240884264059421,0.423435483222453,24.4089730580613,35.9647471541389,34.788235913556,39.7175775896826,49.1151714204536,56.5534258388594,73.9051989554659,67.6276119066167
"216","Hard_F5_SP","Spillman",2021,85.5600539811066,0.278349687556654,0.255755413149072,1.77901729110004,0.180620408584675,0.0732025184557109,25.1177560457109,0.355817717439809,-0.0451123243722282,0.086900411810474,0.0430533637946182,0.441739428058569,27.8224942155785,40.764926152684,38.8501262778317,47.7732256454484,59.4325458407681,68.8403248677393,89.6911797997287,81.8755678014655
"217","Hard_F5_SP","Spillman",2021,82.6905417814509,0.266387874623679,0.24555314587211,1.73521673897985,0.18185531601467,0.0740027337122908,21.309831608303,0.329067372401814,-0.0510436385014873,0.0824886381836269,0.0353257570844577,0.445541590369417,26.4175160269682,38.685016113049,37.021682068106,44.2702961477059,55.1401534572805,63.9829524236361,83.6022403121141,75.389678287828
"218","Hard_F5_SP","Spillman",2021,87.0748299319728,0.304807285063968,0.282709306716215,1.88638252014119,0.186143186310286,0.0764324747354397,30.4675770787188,0.396583068686946,-0.0498984281484834,0.0837445376209776,0.0548362396313656,0.458180430199199,27.7187814109812,41.08393469829,39.1620826938876,50.4789564506063,63.1279518794043,73.6151505650503,96.2334398888083,86.9688777898586
"219","Hard_F5_SP","Spillman",2021,86.6116460339294,0.333101155595179,0.304856529301863,2.02837382467246,0.188669934820172,0.0780081694018863,37.5289670472237,0.431149530335301,-0.0508664210752626,0.080107770272342,0.0637177282830635,0.467285071463757,27.7828514841427,41.0691198346649,38.6081852176342,52.7870037976106,66.1902014019233,77.5017952424484,100.83977460327,90.8105579017354
"22","Hard_F5_SP","Spillman",2021,67.9284963196635,0.212351307415997,0.196419025788155,1.54282787634653,0.171108952649862,0.0666111218821465,11.2673174308241,0.21549894159306,-0.0390406261542902,0.0921164729524955,0.0120523862936651,0.413438356029122,23.3477923294589,34.1519747758652,33.0431637098875,36.0156516013407,44.5348281400139,50.9109248192017,66.213311580236,61.1918941696741
"220","Hard_F5_SP","Spillman",2021,81.5651260504202,0.244107424968619,0.223792276777837,1.65421699406685,0.179252511640081,0.0724549980172676,16.628093975066,0.297424619281487,-0.0393456853700742,0.0941987911262618,0.0246335074925971,0.437716045294834,26.8950665943158,38.6218672303986,37.0083869846037,42.4453174469278,52.7655310142611,61.0556267162886,79.7863660051819,73.6410508127371
"221","Hard_F5_SP","Spillman",2021,86.5322950068713,0.337127181150806,0.305786262530177,2.03859285780339,0.195906340863692,0.0811738213178803,36.0459276324446,0.435916230663824,-0.0531485971373022,0.0801127410466137,0.0601233164492777,0.489390492484924,27.660016715843,40.0979853868453,37.4294594386144,50.8272650744726,64.2583062227544,75.6948292140399,98.8722801177247,88.6973326500222
"222","Hard_F5_SP","Spillman",2021,83.4702258726899,0.253600808855691,0.235995974950799,1.68859490219512,0.178632773391607,0.0718723817981652,18.7319188943768,0.316210508280613,-0.0449799312880376,0.0886118520328702,0.0323625145482515,0.436144940297689,26.8812027303611,39.0194811298136,37.6123853090143,44.0397225054027,54.7273035997671,63.2381778885435,82.6225696595333,75.4348237272929
"223","Hard_F5_SP","Spillman",2021,77.61614265603,0.237451480758958,0.221302793840818,1.63075879602397,0.175805325303106,0.0701077640004677,15.5263213441952,0.275299900714174,-0.0401841366900474,0.0939952811633811,0.0240978998808099,0.427626382577542,25.3300581878993,36.602075030378,35.3910097611656,40.2748889785048,49.9399417690366,57.5119268858762,75.2414697383113,69.3474881318682
"224","Hard_F5_SP","Spillman",2021,74.5397395599461,0.234171619769395,0.221128821265766,1.61893916811229,0.172931895693166,0.0693009214830692,15.0870338462535,0.260723116088556,-0.0383142957356827,0.0967192964651068,0.024637855674706,0.419048538600898,23.7224958560292,34.6602947607059,33.7389410485022,38.3605602107992,47.3542371175154,54.4317556119186,71.3389163730505,66.0162262788116
"225","Hard_F5_SP","Spillman",2021,84.598580010923,0.260200674738374,0.24175811953621,1.71515719470462,0.173440292072866,0.0695841384682451,21.7659708295639,0.328844419767422,-0.0379129165706337,0.0928687477264697,0.0390061576660489,0.42059810782597,27.4130491497009,39.7473324298088,38.2399482410212,45.9205069827671,56.7275429760299,65.269063886895,84.7843527435324,78.4943006401199
"226","Hard_F5_SP","Spillman",2021,73.8942307692308,0.215007277922895,0.204568676199351,1.55179096952544,0.160598732170913,0.0627468720449259,13.8209870442769,0.237332678832592,-0.0344415187450994,0.0956191124571911,0.0230197002778021,0.383331896964532,24.5034853227536,35.7068530603716,34.9447789076766,39.1341945501565,47.7259583468375,54.1388647845777,70.2482271007008,65.5310562259013
"227","Hard_F5_SP","Spillman",2021,71.0224438902743,0.208386779473328,0.195229263026406,1.53181849387246,0.163484876064787,0.0635534301626,11.4397221948748,0.221066121318054,-0.032669740514081,0.0993040563782208,0.0158786198099489,0.391620622407667,23.6342644448726,34.1206539538934,33.2108212765446,36.4517126279395,44.6480831044428,50.7374149666908,66.0819155257485,61.851684670461
"228","Hard_F5_SP","Spillman",2021,85.7358870967742,0.273080975913911,0.250098646520917,1.76048530408497,0.17149965625131,0.0688723383112648,27.383601846673,0.349859751592781,-0.0418179867943738,0.0849047514354451,0.0456360619996651,0.414825492507992,29.6358779260467,43.0051659444,40.9666236258582,50.762364102946,62.5223027712815,71.7962928762544,92.5312586361648,85.0364109028664
"229","Hard_F5_SP","Spillman",2021,87.5,0.303563461904588,0.281418983907169,1.88420677919857,0.191232023641646,0.0789830723374095,28.4968295611053,0.396872261653423,-0.0536605757717757,0.0818703954530701,0.0511599740742513,0.474009868961721,28.3149379047378,40.8347015254242,38.9413729375707,49.5260527440548,62.2587276183549,72.9699994549951,95.7544577548155,85.8904388942292
"23","Hard_F5_SP","Spillman",2021,80.2588996763754,0.248481840413345,0.225283770257081,1.6683033030289,0.180547726885634,0.0716655888510921,18.0308561687241,0.297941288368137,-0.0496022146191477,0.0819332955100851,0.0244080566752413,0.44134461328922,26.7746230456016,39.1592949658186,37.2916760156691,43.0468227054744,53.7369053096068,62.0685907940688,80.7858845267627,73.0555547097792
"230","Hard_F5_SP","Spillman",2021,91.1962713619886,0.313078902674323,0.287630812741362,1.92653123887991,0.189223258561307,0.0774491870714721,31.6323707099743,0.42662109039647,-0.0539999557614715,0.0789965258568588,0.0579699036379219,0.468204399329713,29.4159360921305,42.7275550186815,40.4387870130256,52.7334973145846,66.237188729341,77.4226030961869,101.061642763304,90.5408949365122
"231","Hard_F5_SP","Spillman",2021,90.9185803757829,0.290338403763828,0.266797211218106,1.8308394024133,0.187135550068259,0.0760410933625381,25.2455873201678,0.394329184961457,-0.0431361465758285,0.0920524104792075,0.0475311875187971,0.46145371112865,28.0800342979876,41.1337824958465,39.1195071668118,48.7239662193742,61.1041987803682,71.1925445086632,93.3641218965299,85.5308387784428
"232","Hard_F5_SP","Spillman",2021,89.3470790378007,0.304848019652696,0.280690420912276,1.88968903053588,0.187550412826337,0.0764057809777061,29.9449624449833,0.406972302581416,-0.053419959001702,0.0790514787203968,0.0541602066975204,0.462882330525759,28.8223934428324,41.9443500575283,39.812507987133,51.158725147271,64.179294218824,74.8556041453499,97.6383119708909,87.5833830519537
"233","Hard_F5_SP","Spillman",2021,81.8478768082128,0.266539228568179,0.243753196873146,1.73328236964719,0.172571398577027,0.0693433902040828,25.6032140805337,0.325993540998776,-0.041391230742409,0.0862560928461373,0.0396432416006159,0.417753911995259,28.562609285904,41.3558729578345,39.4085098438778,48.0665815314589,59.2801757502657,68.139141702119,88.0025103335569,80.9184249737467
"234","Hard_F5_SP","Spillman",2021,84.1733396137541,0.313615139014613,0.283685020878133,1.93007406880382,0.18627631767598,0.076821161534395,33.7982161237478,0.394488015955628,-0.0565032283539571,0.0712391434166662,0.0531960872296994,0.459127420807799,28.4249392726398,40.9468178391775,38.3689065137324,50.4177923235107,63.0505339384822,73.6147423045967,95.1081029939203,84.7597205351427
"235","Hard_F5_SP","Spillman",2021,85.8895705521472,0.349186423492811,0.317045892562081,2.08880122355124,0.194644740653696,0.0803316200219188,41.0445977034974,0.448238589547298,-0.0639970013445751,0.0670178680447309,0.0662061110948106,0.484469003587928,27.9028221108447,41.1067851103023,38.2651850461208,53.600631976332,67.7052474313041,79.5965992695698,103.509128712247,90.8621369466578
"236","Hard_F5_SP","Spillman",2021,85.2642276422764,0.320061300245783,0.290999058241757,1.96352929839496,0.196440954097192,0.0805187536932181,31.3208676885917,0.407756280574463,-0.062245755275533,0.0725895845032876,0.0512642745142982,0.490332616918569,27.3992209737898,39.4738976046843,37.0487133557031,48.3836315780646,61.3421065252047,72.1675827589555,94.5796946049303,83.2803492602704
"237","Hard_F5_SP","Spillman",2021,87.9178605539637,0.276564499223775,0.251960010980653,1.77788529373963,0.170517459593723,0.0675193747797315,28.471589648818,0.363339222268171,-0.0480929549233372,0.0789045898533592,0.0481447544022735,0.412290297029533,29.545565226859,43.9771052054081,41.7437362155223,52.2260669925076,64.3808951061296,73.7573899758076,95.1274018581012,86.2674521487993
"238","Hard_F5_SP","Spillman",2021,89.6551724137931,0.341348920783421,0.308826860124544,2.05956365719049,0.189563261841971,0.0767675010784755,38.687381769106,0.457314207010186,-0.0569407239413361,0.0750403222914904,0.0678158885179407,0.469290264344991,27.9984935337984,41.6866489780628,38.8016403069807,53.8626444345132,67.8014157370455,79.1477985804592,103.144923393298,91.8235799087659
"239","Hard_F5_SP","Spillman",2021,84.01004604437,0.306399448067664,0.282055298520327,1.89647095286096,0.179200455656342,0.0714449325399231,33.3608864140229,0.384654557230576,-0.0454875878735304,0.0856514778199968,0.0566476390022964,0.437776108627697,27.664941525405,40.577922569466,38.4952605055749,50.5062742435161,62.8936335701571,72.6205431027914,94.4497703422404,86.1052642657254
"24","Hard_F5_SP","Spillman",2021,67.2045562411011,0.227232799665081,0.209251095836736,1.59517043379116,0.177181913872053,0.0699840717766984,12.7720281442828,0.228098078981728,-0.0487142505630169,0.0840698153415816,0.0147216875656317,0.431395726063169,21.5702960426369,31.6818827549659,30.5164184848514,33.8983916033946,42.1716955452122,48.5540226175008,63.3420786121796,57.3902405803151
"240","Hard_F5_SP","Spillman",2021,82.8917826672654,0.30121636398893,0.274400009555862,1.87508785305207,0.182712196246024,0.0727656378683358,30.221772549125,0.373054262740354,-0.0477137587216415,0.0846499497968524,0.0498248908597503,0.448149377735423,26.7624296703134,38.8416592559787,36.6480050945866,47.2201811036701,59.0807759272684,68.3985731912727,89.1944954863136,80.9382949077821
"241","Hard_F5_SP","Spillman",2021,84.0784671532847,0.261969372143413,0.239842951622208,1.7158626076408,0.169139845472665,0.0667692611939528,24.3392696179742,0.329084808971351,-0.0444022189425456,0.081281822654002,0.0407279531084831,0.407817193377816,28.1809248906535,41.0017751969046,39.1271920857282,47.5811585112966,58.5745174144285,66.9845671026556,86.1309960313083,78.747964981356
"242","Hard_F5_SP","Spillman",2021,70.1275045537341,0.222790878768788,0.204896920439213,1.58127959418183,0.169757930889922,0.0668505703421651,13.735234025368,0.233384846915341,-0.0322841100917993,0.0970802230168893,0.0170283485954124,0.409869449865492,23.694953278713,34.0405075201077,32.8103768623131,36.6313342679352,45.1460961667858,51.6417017324962,66.9144684135274,62.67532027011
"243","Hard_F5_SP","Spillman",2021,80.3879310344828,0.272076136424863,0.250826470076142,1.75724366545763,0.187696267738061,0.0762702164346191,21.3986257281519,0.326747620584429,-0.045923999603546,0.08912833669685,0.0336890782677433,0.463439580413903,26.5244006144935,37.6088141157481,35.9447673229642,43.003682937861,53.9845379778859,62.9531425595996,82.5275540783368,75.161313922781
"244","Hard_F5_SP","Spillman",2021,84.9107142857143,0.315248333326199,0.289260412012721,1.94006715767763,0.19614597777789,0.080677472775302,29.6961099142586,0.399929823805248,-0.0458817708633049,0.0884144786398422,0.0505131509222592,0.489689902383672,27.2879051638006,38.8830150736792,36.7770438061726,47.4892563862026,60.0776824443366,70.6454254285885,92.4481021534801,84.2370906150393
"245","Hard_F5_SP","Spillman",2021,82.9063809967396,0.298565499051263,0.273802114509282,1.86089956680312,0.192795063643965,0.0789961462549902,25.966734571753,0.369777293055158,-0.0484376158674954,0.0869963816269099,0.0438089285712825,0.478700107963189,25.9840914247007,37.3724803960892,35.4280301410543,44.4031568039792,56.0182753999915,65.6730592985268,86.1420223155769,78.082463165208
"246","Hard_F5_SP","Spillman",2021,82.7924850555081,0.345440636034115,0.311572952296884,2.07441988428594,0.188181278685486,0.0770046322026571,40.8279018345078,0.4273976483949,-0.048138276924576,0.0802444317977227,0.0649473645506139,0.464830679872135,26.8110630193869,39.0549938840588,36.2364347198412,50.9498228757603,63.8991303989911,74.5943890148003,96.4814952993261,87.4953035579333
"247","Hard_F5_SP","Spillman",2021,85.3658536585366,0.353447132929071,0.320244604218769,2.11558596187342,0.188879848555418,0.0773816261202238,42.9348710355692,0.450922438770121,-0.0496955054572635,0.0786748272289754,0.0707132621112143,0.467365796026308,27.5895674590787,40.3998478446062,37.5326190566877,53.6553951923054,67.3351693554847,78.6717293874774,101.760640178889,91.9465599025504
"248","Hard_F5_SP","Spillman",2021,81.0183117463153,0.311844453956043,0.282734476224224,1.94774153959074,0.176845257361941,0.0713256132912064,35.0625120501877,0.377545839270714,-0.040308457556023,0.0865995777660561,0.0550390472197801,0.431817239689519,26.6186601308062,38.9060272078274,36.5355301835611,48.8929343937012,60.6491124156055,70.1023097904566,90.3899397112806,83.0772182543413
"249","Hard_F5_SP","Spillman",2021,90.316742081448,0.347688809008736,0.317743072131692,2.08749271886728,0.186435048248409,0.0765312173620498,42.1968205434751,0.469305907121165,-0.0461311506572373,0.0853602780718083,0.0749993537536233,0.459875097809833,28.9627837288379,42.5614538079001,39.8059960415763,56.6215983686415,70.8864687101092,82.7516229453845,107.669937207355,97.9297808670222
"25","Hard_F5_SP","Spillman",2021,73.2124874118832,0.219960947466217,0.20247643087742,1.57079342281765,0.172737907539961,0.0678913801519997,12.5540216318921,0.240571598947007,-0.0440017964835397,0.0884481213412258,0.0150282859071166,0.418446121450229,24.7424931109092,36.0593305914527,34.7775238140623,38.3800927316409,47.5033616663906,54.4539496071211,71.0029840993544,64.9518075835798
"250","Hard_F5_SP","Spillman",2021,84.2105263157895,0.344904130158623,0.315222922691139,2.07396449573214,0.185272265677635,0.0761134646395614,41.7636617195,0.434071238251272,-0.0471213606956073,0.0819000880753777,0.0694872003290642,0.456170136899392,27.2159002587163,39.9054015277943,37.3512219259495,52.8423162684019,66.0362892263593,76.9846793593581,99.7566637649625,90.594822095544
"251","Hard_F5_SP","Spillman",2021,87.8093492208983,0.339353468147689,0.312414907357647,2.04503417357208,0.18194859674226,0.0743613896898898,41.6554850251927,0.445352655350905,-0.0453705215241357,0.0822245976800257,0.0733060055897624,0.446298395498742,28.7879170362409,42.3416435557802,39.9194137596021,56.0530127012342,69.7534270392815,80.9955974109299,104.554469881996,95.3566910648043
"252","Hard_F5_SP","Spillman",2021,84.423828125,0.329346251352092,0.301131682380235,2.00001537084338,0.183711630448829,0.0747293783403123,37.5740153855326,0.415495311215758,-0.0449042549521856,0.0853250957789087,0.0636863733674217,0.451232011328128,27.1181565482803,39.655756880481,37.268859580696,51.0722656926146,63.762169727001,74.1085179052217,96.1903459680705,87.8093923658205
"26","Hard_F5_SP","Spillman",2021,77.7833001988072,0.238637505274768,0.217190942324371,1.63301339160405,0.17738799250625,0.0703362413920372,15.9991157755168,0.27728613462196,-0.0455112657330842,0.087075305427552,0.0212308130871173,0.432017626063187,25.8063388778352,37.4974432488411,35.8512816192331,40.7715874507337,50.6971604609931,58.4044330821803,76.177053463778,69.4680987211483
"27","Hard_F5_SP","Spillman",2021,85.9415084658799,0.267125675417811,0.240736147366456,1.74045861599261,0.179659280369606,0.0721572752098715,23.5252114491142,0.343019718112671,-0.052011782462443,0.0763338121461809,0.0352296701543703,0.439228087148049,29.4834200997261,42.5194427021026,40.1974039177902,48.4092160573009,60.268549273059,69.7064483662011,90.1666470264501,81.0886057928917
"28","Hard_F5_SP","Spillman",2021,82.2399250234302,0.291277329164238,0.259602478055104,1.83423422289723,0.187274311399702,0.0757025814984866,27.0166412530307,0.357892447969558,-0.0584969535334528,0.0735822312109949,0.0391597745667389,0.461914594987165,26.7997438026379,38.8932756106477,36.3207596072769,45.4177807207353,57.0500365764607,66.4729890917562,86.6039133253543,76.8638854495535
"29","Hard_F5_SP","Spillman",2021,85.96757852077,0.30280004414828,0.275614587020453,1.87903217129881,0.185920513862049,0.0758234245741694,29.8184837465804,0.388927613599419,-0.0574910932595899,0.0740042701830479,0.0504906906499086,0.457630332683802,27.1443343664518,40.0561838327291,37.7554575412654,48.5368940459994,60.7615772221247,70.7802007281131,92.1605088533606,81.9667618271258
"3","Hard_F5_SP","Spillman",2021,81.794425087108,0.266531932936646,0.241818619277608,1.73746158319311,0.193402557459261,0.0778170459073572,18.4989409830491,0.325653876213636,-0.0575013962523533,0.0822163037138163,0.0261462873798968,0.48090288165594,26.1882095145503,37.8493280499636,35.9213762190465,41.9720472539382,53.1430829027129,62.1539931646125,82.229753351082,73.178734325896
"30","Hard_F5_SP","Spillman",2021,83.6775818639798,0.26012005381314,0.237706751755368,1.7122298659035,0.176642784184768,0.070700458518166,21.7143660667491,0.325188189144988,-0.0516851142953423,0.0780812898166789,0.0346166634737678,0.430163139202899,27.4136030854191,40.3908544564524,38.5261100420575,45.9488704963642,57.0057533479312,65.7280118652031,85.2473020354072,76.7485744440593
"31","Hard_F5_SP","Spillman",2021,74.9872122762148,0.223039599828109,0.200860418458781,1.58154007012608,0.169666331279022,0.0663900591348758,14.4745162037799,0.249858200381715,-0.0513835494601655,0.0778295059974902,0.0161693195628118,0.409532447065397,25.8113485331709,37.3406077940347,35.657883863606,39.8755137952978,49.1969984626615,56.2303731545224,72.8183660049225,65.6217147132527
"32","Hard_F5_SP","Spillman",2021,84.527518172378,0.243467266495833,0.218957004656577,1.64902486630246,0.173185184460074,0.068275400482802,19.1866861309415,0.307477338725545,-0.0438727497052074,0.086494709768943,0.0267281219923127,0.419678946673715,29.2191294697144,42.4199504109826,40.292635518059,46.726823096014,57.8383113552348,66.3567839596614,86.1411673846626,78.8119540499192
"33","Hard_F5_SP","Spillman",2021,85.3580901856764,0.254633566920907,0.231776220864281,1.68998570864686,0.183092564681255,0.0733116474880976,18.2318394166654,0.324672897310958,-0.0429043433538271,0.091599372065031,0.0280995642528663,0.44894860503491,27.0847116148554,39.9554091415916,38.0669638032159,44.2979260137269,55.4049013212983,64.2099872139673,84.0746018375422,77.0683876905531
"34","Hard_F5_SP","Spillman",2021,81.0602161605764,0.228930894968711,0.20748735961378,1.59972518680479,0.17294150619948,0.0679077942039948,15.1195287577026,0.277233941213097,-0.0480658840926859,0.0832933743029865,0.0193885232036043,0.419028976383044,27.419299421839,40.2309288038949,38.4712049813848,43.2667929464115,53.5724920265271,61.4214949934318,79.8906912394469,72.4795030816283
"35","Hard_F5_SP","Spillman",2021,84.207896051974,0.299131855773973,0.266872323626416,1.86573888388349,0.184292558955248,0.0734526015215133,30.2575795196772,0.376374479970012,-0.0528050056437673,0.0785851440754508,0.0457618588750274,0.452774040593959,27.1378451529709,40.4507121720942,37.7152030348046,48.2756165323474,60.5310864055363,70.1908877666345,91.3325980974791,82.0116525306977
"36","Hard_F5_SP","Spillman",2021,86.4018691588785,0.339048461427959,0.303073271579336,2.03830589027176,0.189917127532821,0.0767317402490262,40.0370134369262,0.437806959624174,-0.0613402648130423,0.0676763673146838,0.0625741037374743,0.469659361500398,27.8775290401643,41.9243792358667,38.7039981179583,53.5046696670392,67.4127197483772,78.6759592801882,101.918609214866,89.9482003942328
"37","Hard_F5_SP","Spillman",2021,88.8147768086198,0.298245053717761,0.270005690703785,1.86082076463158,0.195747581971872,0.0789669509902101,26.1737211407641,0.395748691390644,-0.062878045232901,0.0722381769717144,0.0428351180898723,0.487772600566262,28.132398004434,41.3737017652887,38.9222124351931,48.4991943874227,61.5749115529224,72.1924244896007,94.6477797665568,83.2933674870046
"38","Hard_F5_SP","Spillman",2021,82.6987951807229,0.292131759905224,0.263505963280362,1.83719742190304,0.189896181408534,0.0761975648596105,27.3285124326335,0.361000200444923,-0.0598529596534497,0.0722459379893945,0.0399323666981106,0.469933727579598,27.6727309989393,40.5203222419156,38.0978714512139,47.3973039438248,59.7789279396564,69.6899668138053,90.8218342861125,80.4345624424726
"39","Hard_F5_SP","Spillman",2021,85.1193499238192,0.298329805322447,0.268734870154911,1.86257955442031,0.198480110422763,0.0796594086455751,25.5469446948368,0.379387621398297,-0.0622978836042684,0.076017645078957,0.0387045136381951,0.496423902497681,27.1357242235513,39.7054554584578,37.2418478734409,46.137568326368,58.8369940260296,69.0804211935382,91.1573419898117,80.3153777668757
"4","Hard_F5_SP","Spillman",2021,84.2338352524358,0.252338520397682,0.229219528269079,1.68215438055543,0.19081891412624,0.0765065422533725,15.75402850396,0.317502601808144,-0.0565783015664611,0.0832167499872814,0.021676686353713,0.472573488915166,27.3589890155878,39.4808977302386,37.6054981111997,42.8179347688686,54.0719601518209,63.0682535704442,83.4652316912449,74.4323810471715
"40","Hard_F5_SP","Spillman",2021,83.5153406136245,0.261455319777471,0.23859004120577,1.71484570758405,0.191821241657837,0.076043201681022,17.9182400609424,0.326195359511119,-0.0589523075676762,0.079509193431395,0.0260722963441964,0.475560711422699,26.7630752428555,39.4275101068293,37.5616318228312,43.5295914434328,55.1311204011627,64.2349095720903,84.7801644036524,75.2661787147552
"41","Hard_F5_SP","Spillman",2021,72.3404255319149,0.264044023623351,0.238908119650977,1.72499457977684,0.190596490013897,0.0760222486718861,19.305156580557,0.285362576912187,-0.0545634555751696,0.0827160315793801,0.0232613227625536,0.471738607203065,23.6605973548305,34.6087208844125,32.8047610652867,38.3715710034444,48.4836984856544,56.5014361960591,74.3905021066242,66.5949287978092
"42","Hard_F5_SP","Spillman",2021,78.4033225657591,0.233580427733621,0.209227242831215,1.61365287041644,0.175308024124245,0.0675048664430242,16.2830691165889,0.273621857025521,-0.0504845196330707,0.0798644590674649,0.0184709263147781,0.425670795958384,27.2698750986862,39.9887315331442,38.0016892873558,42.94749053703,53.4726139396162,61.2372661513908,79.4998488196186,71.807838040912
"43","Hard_F5_SP","Spillman",2021,78.742802303263,0.217277793461578,0.198833731785803,1.55829083405309,0.174436052852448,0.0668197013152392,11.9254481319211,0.255611415097842,-0.045621048297266,0.0880174049390086,0.0134419427766095,0.423157205262661,27.1526469196074,39.8967405899738,38.3964468059611,42.0005084714557,52.2730698023327,59.7842869553282,78.1190431644365,71.2595032920968
"44","Hard_F5_SP","Spillman",2021,56.9580962234868,0.196262817037004,0.177987609009179,1.49140014815887,0.169165025011446,0.0652066054487205,7.85398542587578,0.166998385628569,-0.0401646308763836,0.0908923717571341,0.00346995888880476,0.407754754503499,19.9152107976099,29.044077550935,27.9720890603046,29.5908203198661,36.5488909941821,41.664389286605,54.1692240154322,49.9608066836368
"45","Hard_F5_SP","Spillman",2021,47.1627906976744,0.189119921045863,0.17514912382987,1.46978768587027,0.17246258778574,0.066537441510235,4.97461302527372,0.133244623907387,-0.0410338246084631,0.0919097510520695,0.000747904723123356,0.417417650437821,16.4697287042249,23.9748816788812,23.3002531604377,24.1220818934728,29.9169633533021,34.1955867427825,44.6280335331011,41.0846355327277
"46","Hard_F5_SP","Spillman",2021,80.3000968054211,0.252558908471224,0.233396263360251,1.68126303900719,0.182154578664682,0.0718902181207701,18.6125412510147,0.303002505424781,-0.0477342764335198,0.0889286310621033,0.0278365221381136,0.446078390956048,26.2958763001028,39.2026491160829,37.6499966832312,43.7046871547985,54.7076588192328,63.2111123723645,83.1586039089063,75.5141941509115
"47","Hard_F5_SP","Spillman",2021,83.5148514851485,0.26974304727087,0.244108228829249,1.74493006355243,0.17459362457375,0.0689280688402743,26.6904877786224,0.336660401825566,-0.0523200832011364,0.0757869856349952,0.0394281361082269,0.423794026487613,28.8767847592229,43.1772254528465,40.8836893563883,50.0229046961409,62.0066987116646,71.2207863811911,92.0637802807125,82.8107856964381
"48","Hard_F5_SP","Spillman",2021,84.2743817078861,0.268168670382771,0.245033740915614,1.73886174428083,0.179367111089704,0.0713408887533625,24.0540090267516,0.337700043174712,-0.0457027675670764,0.0874890526980406,0.0373820557753928,0.437709217034852,28.1037207096504,42.0996984020216,40.0763347396482,48.3853440996432,60.2864742732179,69.5811745247764,90.8852941270627,82.8491119829968
"49","Hard_F5_SP","Spillman",2021,83.9731285988484,0.256023076247675,0.231893724828606,1.69550878009218,0.181332072989898,0.071769137098914,19.7210221485631,0.321194840288544,-0.0459621299977985,0.088302754665726,0.0287476408129122,0.44369859518859,27.6228169546597,40.7772436132668,38.7470546208297,45.3804913852177,56.734128276555,65.5501657422848,85.7892907527603,78.1551649343946
"5","Hard_F5_SP","Spillman",2021,85.8603066439523,0.274676637644815,0.253237840917773,1.76552481867664,0.190821924020241,0.0765615900676625,21.2692597699899,0.352326146312121,-0.0589159783635037,0.0777925404777114,0.0355135531029484,0.472588838644436,27.2517350421115,40.1656853483495,38.3786645221181,45.868816240722,57.8870643760764,67.5020854170621,88.783121230653,78.8139309209112
"50","Hard_F5_SP","Spillman",2021,82.9311101360246,0.275688106099495,0.252170350128308,1.77117327567734,0.180897551463085,0.0720390486578864,25.0771901735318,0.341617628750533,-0.0468489931596773,0.0877032779153427,0.039443633283443,0.442556114763202,26.9826400560259,40.4018856668995,38.4180075889923,47.0227152709846,58.7078576314491,67.8801468127733,88.9048551632351,80.8133047231712
"51","Hard_F5_SP","Spillman",2021,80.9726156751652,0.261078292572243,0.233941984674142,1.71671022599524,0.169992381378998,0.0666989679577457,25.1210872024864,0.315895231982663,-0.0423989048236646,0.0848408373414196,0.0353664559982365,0.410565124947237,27.9720322889605,41.4026832780419,39.0983220558323,47.374312577404,58.4375617869347,66.8293973350166,86.2346357991693,79.126529491527
"52","Hard_F5_SP","Spillman",2021,70.3510436432638,0.234204696113927,0.214655751195838,1.61979539396671,0.183325084114849,0.0730524700348379,12.9001844373654,0.246096069430417,-0.0425498408863977,0.0944767006396893,0.0148312824629043,0.449820433758542,22.3122572532465,32.8050252404612,31.4955809088532,35.0531053438135,43.8824435603106,50.8282490819017,66.8871234428813,61.3527751021554
"53","Hard_F5_SP","Spillman",2021,79.9737072743208,0.237946546018127,0.222062045021429,1.62990812880754,0.177021169125163,0.0702402619478301,15.6716292933742,0.284277134910804,-0.0491134172056433,0.086582389971016,0.0247280645730122,0.431013077127787,25.9558727881268,38.4468369488176,37.1894617109763,42.2534471801966,52.5049274876429,60.4614082984985,79.3544782068108,71.8598871312069
"54","Hard_F5_SP","Spillman",2021,80.0921658986175,0.241176665171138,0.224073762935785,1.64134707054018,0.176644545993081,0.0704898743906051,16.4105773700625,0.288547706706146,-0.0482285245144138,0.0872366018416377,0.0260531777833645,0.429807881503564,25.5818824818526,37.9089426220534,36.5746883397972,41.89385960719,51.9933138793603,59.9052289595938,78.5895240228876,71.282030503803
"55","Hard_F5_SP","Spillman",2021,82.7450980392157,0.234653843745146,0.216035058372845,1.62137143551441,0.168967957166971,0.0665619529698949,16.835812838256,0.290042959208311,-0.0402423187300009,0.0913468657520677,0.0268829355190532,0.407452555830119,26.5309637707762,39.556111174954,38.0491575621446,43.6815022575622,53.7945922114244,61.5087664002696,80.0568053291482,73.768777386991
"56","Hard_F5_SP","Spillman",2021,68.0426716141002,0.219648229756383,0.201059308037086,1.56762992791829,0.161556640230062,0.0637183342351279,15.5261954471329,0.223273975097311,-0.0436300591039533,0.0832671908065357,0.0190138951460326,0.386010945449777,22.9910122800314,33.9017693747547,32.616141871399,36.8141604544187,44.8955069884368,51.0243150902119,65.7992685126201,60.2448825164344
"57","Hard_F5_SP","Spillman",2021,71.8390804597701,0.219946426758498,0.205058054278665,1.56912081181335,0.16988719824459,0.0676287882356233,12.7484521973576,0.236012499232982,-0.0412951353266441,0.0929715738845396,0.0175929496335425,0.410039715452324,23.050688082134,34.0932556685629,33.053691453197,36.7085466569404,45.1886148746144,51.7698983567297,67.7511282177797,62.3152649870843
"58","Hard_F5_SP","Spillman",2021,81.6782522343595,0.229982784291202,0.214271790077788,1.60311434078425,0.169962769463307,0.0675328175446338,15.6666012575798,0.280627115500507,-0.043812256497583,0.0878055668980198,0.0251155036917628,0.410277342340719,26.9474633205587,39.8827300572829,38.5958303584757,43.7714898460482,53.8979602339875,61.7308635514978,80.3609733853407,73.5469127786397
"59","Hard_F5_SP","Spillman",2021,84.1788046207936,0.231263024986059,0.209823670109486,1.60833829618341,0.171712662939029,0.0683188538675607,15.678188503222,0.290811253010451,-0.0432400474206838,0.0902161923630493,0.0221997806596855,0.415510328303556,27.9278344129847,40.8976722650622,39.104832733662,44.3063506705206,54.6791150655277,62.7397607539035,81.9655475314705,75.0870922817795
"6","Hard_F5_SP","Spillman",2021,80.0082781456954,0.259441271878306,0.235818907770757,1.7168568812034,0.176251365861041,0.0699095539363671,22.1058621213681,0.310145595709972,-0.0532139885754301,0.0755235042344368,0.0318757422424785,0.429096977809022,26.860370454852,39.6463531483172,37.7282207825154,44.9749395709,55.8468511678268,64.3024009345151,83.231817219441,74.678445447942
"60","Hard_F5_SP","Spillman",2021,84.5824411134904,0.232003619325809,0.212090870381927,1.60974451481885,0.169586036253816,0.0668169262173625,16.6316052782225,0.293165827475945,-0.046888840816149,0.0828528226275709,0.0250057740465566,0.409108051074481,28.3682259120403,41.7874088768483,40.083559346523,45.6900742167171,56.3044149902086,64.4054000257262,83.5034356762496,75.9408338688558
"61","Hard_F5_SP","Spillman",2021,78.0249593054802,0.247800630738367,0.224188512097505,1.66902135778881,0.178578361021477,0.0711464135145129,17.6969325461253,0.288810446039201,-0.0420979853206579,0.0925725834599713,0.024055680430794,0.4359451485552,24.6854463586239,36.7139129582893,34.9342375000731,40.4407976584971,50.3382096914057,58.1008557408032,76.0916980572009,69.8411066067493
"62","Hard_F5_SP","Spillman",2021,76.6378872524124,0.226904926166332,0.209082300592378,1.59151708317491,0.176853979904397,0.070303789893348,13.1315973867068,0.259767740668494,-0.0457010901532876,0.0886838285193312,0.0170782571598613,0.430416514950444,25.3395600185466,37.1125818647863,35.7587270162822,39.7080395031137,49.3230013061231,56.8089420741357,74.3580763364376,67.8000848144018
"63","Hard_F5_SP","Spillman",2021,68.0259499536608,0.241001171362043,0.219215560501142,1.6458877005124,0.18756469956316,0.0740524693702954,13.4018570023774,0.244858618648125,-0.0518778521253713,0.0877575855068569,0.0142071356291012,0.462680465956459,21.4703833886732,31.2292917727262,29.8332805680183,33.3971701541229,42.1046897392332,48.8788471913812,64.6730225578621,58.2047743575322
"64","Hard_F5_SP","Spillman",2021,89.3168977914741,0.247588738785692,0.224255762231098,1.6655236839218,0.185537408961074,0.0735201201642607,16.1474947649488,0.330340055441212,-0.05272197733956,0.0845545027218285,0.0233202907980855,0.45642602021438,28.9814994204824,42.5748421770276,40.5363097889143,46.2055358796639,58.0551849749419,67.3051041251028,88.6191969848246,79.6540526074925
"65","Hard_F5_SP","Spillman",2021,81.8565400843882,0.234417769626941,0.214646116880478,1.61782457850744,0.179820637386167,0.0707466615742517,14.2514794580005,0.286642168994431,-0.0481291923877091,0.0880066906277344,0.0195210687752543,0.439158586251407,26.6118998483061,39.3868416249439,37.7860508099526,42.3670900634536,52.9013359317242,60.9798313361419,80.1118540126809,72.6983022277097
"66","Hard_F5_SP","Spillman",2021,86.7848101265823,0.278749616243368,0.254171480622234,1.78019949219846,0.190979623993822,0.0761568206245215,22.8323709385947,0.361431632795595,-0.0596566387357009,0.0764533590029735,0.0363123019436387,0.472872960751967,28.099503462139,41.4183380438341,39.2943698230047,47.3695788045912,59.8767803479924,69.787322436763,91.6867282093475,81.2470065952512
"67","Hard_F5_SP","Spillman",2021,71.9549641760491,0.236200194744711,0.214687330169718,1.62752928159671,0.18337750583333,0.0721195078913703,13.7921132818045,0.253881512647936,-0.0558480742844509,0.08013051129327,0.0150948679965679,0.449946837565753,23.545247138186,34.556137960201,33.0377204219234,36.9068005179295,46.3031426184937,53.5333800382005,70.3008656418466,62.7852438545258
"68","Hard_F5_SP","Spillman",2021,86.299831555306,0.223737562180634,0.201901529363181,1.58155790377507,0.171066609054955,0.0662604621103378,14.5425840987509,0.288469626339538,-0.0429509623875627,0.087270331489233,0.0185096120369145,0.41330344360976,29.2884149376071,43.5783695633267,41.6384982780124,46.5063398043261,57.544610167332,65.7383399381161,85.3175129860324,78.2318889786091
"69","Hard_F5_SP","Spillman",2021,83.7755102040816,0.280036327992871,0.251117367817287,1.78966858600195,0.191510180961026,0.0757641147379489,22.2193111959538,0.35044392975332,-0.054171441428606,0.0843734822040132,0.0328267023568682,0.474560558577745,25.996910090047,38.3539544632913,36.0452163057965,43.5664116243184,55.1929959495674,64.2970157991215,84.8702999556206,76.0123958461507
"7","Hard_F5_SP","Spillman",2021,76.6508416055244,0.235775647551865,0.211703243753522,1.62690095916298,0.182041042447367,0.0718554108816721,14.2690450199177,0.269969769576898,-0.0480813414820898,0.0875606644285599,0.0152505951690512,0.446016503325238,25.7164611655872,37.2246222613839,35.4005152901266,39.6249771881655,49.6024586006072,57.319398895107,75.2377480533999,68.2449793389175
"70","Hard_F5_SP","Spillman",2021,84.5537145911277,0.26684309111509,0.23818727698191,1.73634408952567,0.191646848007047,0.0745841396237176,19.1224498518079,0.337020707479052,-0.0548810258901027,0.0836399014000626,0.0261500218213723,0.474991727486896,26.6038175881266,39.0114982006227,36.7038473998831,43.0911769719592,54.7261476928251,63.5989621944332,83.922316739901,75.0735073321213
"71","Hard_F5_SP","Spillman",2021,82.3477493380406,0.286381634966766,0.255277588730101,1.82590485566249,0.197437517341432,0.0782062569309474,22.269629260529,0.352284977508532,-0.0578262380544125,0.0824111891579052,0.0304685273908362,0.493743725853681,25.8228103170674,37.7760788884485,35.3412591462179,42.7557708373982,54.5827359149035,63.9374117616558,84.6908916270748,75.2421110141313
"72","Hard_F5_SP","Spillman",2021,85.9842519685039,0.254463144906993,0.227357569570768,1.69026718458384,0.190189407438083,0.0745249372919124,16.5925687057117,0.326818576787802,-0.0572097795818023,0.082622458366171,0.0213693631129039,0.470683657211026,27.7192418324689,40.1373887925797,37.9030827165941,43.4536773457655,55.0177234232992,63.9194547408119,84.5646712388373,75.305058190225
"73","Hard_F5_SP","Spillman",2021,84.6256092157731,0.281547469330685,0.251810172503285,1.80062023174564,0.182925662122139,0.0722455521222569,26.0226926742837,0.355991788894583,-0.0491004742009076,0.0833198788793798,0.0384792904166275,0.449075026982997,27.7432959282569,40.9739282463428,38.446983374487,47.4785566000547,59.5100114725622,68.8549685734115,89.7821150675465,81.2135326521885
"74","Hard_F5_SP","Spillman",2021,83.587786259542,0.322015019910357,0.288600426193925,1.96684443502815,0.200943140934372,0.0818819595368213,31.0609005743736,0.40217661996897,-0.0594080378987863,0.0775257103594618,0.0466295258853716,0.504254091061842,26.4880880161113,38.8476646135517,36.0985759846565,46.92932888967,59.9018305241903,70.6640642880171,93.0240372689902,82.3850890615691
"75","Hard_F5_SP","Spillman",2021,89.8139534883721,0.335726726201917,0.30120907044333,2.02424696336028,0.197176765587007,0.0801791218977704,35.6744233936408,0.450563005521414,-0.0615087038189584,0.0704323384391298,0.0594139406231315,0.492164508372283,28.2653277582709,41.8081354693222,38.7330158320019,52.328296976605,66.4634001050065,78.1009701312958,101.768582337148,89.7948046831566
"76","Hard_F5_SP","Spillman",2021,88.9112903225807,0.266487495626768,0.237039180907013,1.73822859988715,0.187347915894979,0.0753074435098605,20.5133929663672,0.353956982333525,-0.0453424722475645,0.0908584986406352,0.0293947058573018,0.462073454436087,29.1121813387565,42.339766327599,39.7791826177287,47.0254106635552,59.1101066843164,68.7889647573674,90.3760434187502,82.406660900375
"77","Hard_F5_SP","Spillman",2021,84.7335140018067,0.286074776543283,0.258893957651527,1.81408541228336,0.197177182932291,0.0796685175888792,22.4476442702547,0.362120965788379,-0.0535771432024755,0.0860067494319407,0.0340489655564701,0.492350959013011,26.8068359848104,39.1168620694896,36.905218966026,44.6320339603038,56.7575261206138,66.6479446806648,88.1548498729053,79.0386447841319
"78","Hard_F5_SP","Spillman",2021,94.7315604616156,0.328057502439396,0.294639482233081,1.99112196444559,0.198908446933256,0.0811239810484528,32.7925255792068,0.464338541168446,-0.0562501779027981,0.0800439941342502,0.05775027767137,0.497634764632932,29.5819910358668,43.4509955945847,40.3598622341603,53.4388788077544,68.0109529932386,80.0896932258376,105.277816049555,93.8458679693224
"79","Hard_F5_SP","Spillman",2021,87.6293508936971,0.307996809291614,0.276595125271179,1.90273970614587,0.191778278030685,0.0781821634771557,29.7096231292506,0.403244182170151,-0.0502012007012138,0.0847650701898096,0.0483061703549836,0.475756486314274,27.7521205423802,40.8418022089428,38.1522652511203,48.9796649426247,61.7773951022366,72.3221112686452,94.7716811027079,85.5384392197982
"8","Hard_F5_SP","Spillman",2021,81.9816053511706,0.262577373189741,0.238237767049837,1.71671956410178,0.176758022509431,0.0701316711280928,23.3979676357003,0.321658910071875,-0.0502118753868559,0.0813619598809295,0.0343916666860887,0.430058956825796,27.6550242481921,41.3920683280976,39.3176489651721,47.1036036789627,58.5016864706752,67.3453744169391,87.6594728812452,79.2161083421366
"80","Hard_F5_SP","Spillman",2021,88.804192472606,0.289626826229733,0.262087965131685,1.83236473011469,0.191258008651384,0.0776449795219981,24.4488778065036,0.384215804432074,-0.0469825433097304,0.0916771292859018,0.0409476771098015,0.474183839869942,27.357433650925,40.4290574467767,38.1106594231967,47.0758605235116,59.3672886233069,69.4078631979698,91.637509712212,83.2421958110347
"81","Hard_F5_SP","Spillman",2021,86.3615349052242,0.271761743404373,0.245668665387334,1.76422947693583,0.186471120925517,0.0755365998899167,21.4107958534672,0.350597414299418,-0.0450310049437224,0.0922074124156112,0.0335746165311293,0.459663249282415,27.569665548054,40.0817171034245,37.9210124333568,45.4583303736943,57.0187070921322,66.4004717801242,87.4340201170504,79.7369674674303
"82","Hard_F5_SP","Spillman",2021,78.5165083672546,0.253971418515739,0.229923660650714,1.69486307090817,0.185397908517256,0.0749461709535792,16.9820204064357,0.297837466917214,-0.0481075494566887,0.0906890985653813,0.0231460822188126,0.456290206088291,24.5893203288009,35.8499343728258,34.0821614515546,39.4120156125446,49.3787118537247,57.429719509419,75.8245005098735,68.7444714473416
"83","Hard_F5_SP","Spillman",2021,71.7710371819961,0.259161586807236,0.233778664070916,1.71636773688543,0.171022357211092,0.0691504086197791,23.7362498070301,0.277925341060351,-0.0403150994239852,0.0853913615669841,0.0303478314886374,0.413878413581094,24.6509623063079,35.9511168232603,34.0756571906254,41.057403943401,50.5322675350346,58.1028953502539,74.7735285891268,68.8324787967532
"84","Hard_F5_SP","Spillman",2021,86.6163996229972,0.248915490865508,0.225086480566724,1.67531838269145,0.171244187686645,0.0684856797268998,20.3744366065072,0.322100695383319,-0.0436360199187449,0.0868142584420198,0.0316941202587268,0.414353223512307,28.8292590989162,42.1556816758645,40.0982231156211,47.244257576688,58.238241662958,66.8638639998367,86.8383182829465,79.437844829567
"85","Hard_F5_SP","Spillman",2021,83.6977186311787,0.2942667093036,0.265044303142912,1.84868021190042,0.187567422448661,0.0771276759324336,27.0710243275101,0.367961469665154,-0.0458367470211501,0.0880465157419053,0.0424257951453656,0.462919284599764,26.9673290816788,38.9950562736869,36.6183301789423,46.0001653823931,57.6380003445741,67.3389266628282,88.0765793831827,80.1877439687461
"86","Hard_F5_SP","Spillman",2021,88.7129724208376,0.301150515358543,0.272641425581892,1.87698878572194,0.19271724129228,0.0794563398719645,27.2436307387935,0.399131207517149,-0.0537623952760546,0.0817362902936779,0.0459709627519593,0.478765750100801,28.2091937468647,40.8115016123875,38.3727265488348,48.4185359483972,61.034361518345,71.6370485132974,94.0168423451723,84.2312126431933
"87","Hard_F5_SP","Spillman",2021,88.3412824589295,0.299174041008657,0.268393111907922,1.86988663822412,0.187922220903353,0.0774542650743847,28.8320026789189,0.394889126099255,-0.0549518720213613,0.0777939657909123,0.0463555877003113,0.463972849103261,28.6927781963036,41.8880326300304,39.1863572439145,49.7595552250527,62.3632446980045,72.9115465641996,95.1386844023717,85.0336759878848
"88","Hard_F5_SP","Spillman",2021,60.9692548202189,0.219250600558614,0.201080067902011,1.57042283221867,0.17162366702669,0.0686233068499771,13.1334196452606,0.19972029033147,-0.0350235560834195,0.095327824644413,0.0122797772823747,0.415195767599503,21.4854141054782,31.019217528293,29.8713692361836,33.01409628271,40.7172390390668,46.7510478113703,60.7139918491515,56.5222976890627
"89","Hard_F5_SP","Spillman",2021,86.3966770508827,0.314485585595591,0.279546941951855,1.93465600031986,0.186940893823861,0.0765596335256804,34.2825440837665,0.40602934862374,-0.05238799765674,0.0764845704091992,0.0518903827880572,0.461154365587928,28.6905223994687,42.2843166211966,39.1829393526486,51.598612967592,64.6454874189919,75.4453407517411,97.6888975252501,87.7208865983294
"9","Hard_F5_SP","Spillman",2021,75.9080800593032,0.282350582011392,0.253107870649456,1.79723407792576,0.188451559258673,0.0763239594806755,25.1922651987379,0.320250953833967,-0.0592199811198659,0.0736876092061808,0.0324868065036026,0.465303952845537,25.573770412421,37.4717161461287,35.2055100516046,42.9666075229559,54.0074377349168,62.9657701616053,82.2343090646044,72.931184338068
"90","Hard_F5_SP","Spillman",2021,79.0697674418605,0.263821808181925,0.23666293083653,1.72479430171485,0.188791828076776,0.0760508234910013,19.5433296810537,0.311632652325483,-0.0516526038983042,0.0847018106793778,0.0253436544245381,0.466311630404143,26.2222678943463,37.7147286157553,35.6061027662412,41.7331132270167,52.5287374542579,61.2170542586357,80.4399498256801,72.4418908339821
"91","Hard_F5_SP","Spillman",2021,80.9047619047619,0.31076157875822,0.280491874997586,1.91829177722316,0.20008234006638,0.0816407531484288,26.9784982010798,0.375578793114747,-0.0565791428427834,0.0824736627996829,0.0416255136668697,0.501594230740709,24.2886521910584,35.9397775962154,33.6508284990677,42.7130809821213,54.432661834437,64.1656402273111,84.8236353868657,75.5580921191131
"92","Hard_F5_SP","Spillman",2021,86.5021008403361,0.264185306052834,0.234711958486921,1.72593021675806,0.189289540108496,0.0757375263226306,19.1708601375333,0.34135595204906,-0.0509549838430074,0.0880098658889984,0.0262869121981804,0.467809201696992,27.9727520259381,40.2420825783317,37.7971186659224,44.3154625916271,55.8798705659786,65.0806863077496,85.9779517007114,77.5278944843539
"93","Hard_F5_SP","Spillman",2021,87.8619153674833,0.27906630323684,0.248168232644881,1.78530300236177,0.193386146024786,0.0778156634712267,22.1106945875255,0.36629158852219,-0.0593002308138508,0.0771153275570102,0.0316340738308022,0.480513242489026,28.575800824241,41.1632198533957,38.5243710270686,46.2844710179679,58.6248991305143,68.585768913746,90.1602787813023,79.9005979970034
"94","Hard_F5_SP","Spillman",2021,84.8909657320872,0.296684775972427,0.266425381684142,1.85396332383772,0.201067450313643,0.0815925598940731,23.7648901250313,0.376228514034047,-0.0597673619165866,0.0805191854957426,0.0359766028212227,0.504330381471835,26.3500508627753,38.3838513978531,35.9573476822587,44.1388862812179,56.3653082913354,66.4328790534015,88.0111205021381,77.9444178774921
"95","Hard_F5_SP","Spillman",2021,85.5964815832875,0.288642494075343,0.256533119094245,1.81941326839289,0.200546073410348,0.0810186967322037,22.5624044971132,0.369086030737567,-0.0592282771514754,0.0814322987933687,0.031372178436721,0.50257500915877,27.6508824080546,39.6387449686379,36.9908952688527,44.681220438836,57.0645346604869,67.1692998658217,89.0318995120088,78.9559624428618
"96","Hard_F5_SP","Spillman",2021,88.4975233902036,0.291373079036311,0.260754430868223,1.83158107664719,0.197474874800045,0.0792322281684295,23.8014036897227,0.385210066695663,-0.0563378919562358,0.0834162450561576,0.0365993859036373,0.493073455186825,27.9109367512593,40.8287478046239,38.2252482916625,46.7310979282668,59.5152692923834,69.8090386819987,92.3791312339237,82.3864081990092
"97","Hard_F5_SP","Spillman",2021,87.8524945770065,0.288981545345399,0.262544601513433,1.82312237578112,0.207869282857669,0.0826774274563565,19.3402126889733,0.379169931254119,-0.0638751591739804,0.0849547408398005,0.0309552050437657,0.525902059292928,25.879518271908,38.0201646605155,35.9190115381331,42.7511850807181,55.2454112393083,65.2402856554803,87.9426834347508,77.2431058885186
"98","Hard_F5_SP","Spillman",2021,87.6305662451897,0.274587950742253,0.245582007961078,1.77194763838936,0.188889354978123,0.0738859731609279,22.1703215918533,0.359476773890547,-0.0553687082166652,0.0815509920986643,0.032663705767017,0.466860325858832,28.1017257842272,41.4644654853944,38.9774343696971,46.8120609862639,59.2228578409867,68.7654659540437,90.4555739018361,80.7706981038518
"99","Hard_F5_SP","Spillman",2021,76.950998185118,0.257841180623794,0.232225546505348,1.70242887538648,0.189286872715535,0.0739006893259995,17.5662408244319,0.29637661257658,-0.0478499735692973,0.091729335369311,0.0221054019399285,0.467704861889623,24.3284055808777,35.9181032493475,34.0201732398436,39.3566793727616,49.8010136549297,57.7841647317447,76.4412599704455,69.3667248580239
